ActivityID,UserKey,DateKey,StateKey,HabitKey,Study_Hours,Coffee_Consumed_Per_Day,Smoking_Breaks_Count,Total_Reels_Watched,Short_Content_Percentage,Peak_Hour,Focus_Sessions_Count,Brainrot_Exposure_Score,Wellbeing_Score
1,90,20261008,4,2,5.4,1,9,198,0.75,16,3,94.82,20.18
2,62,20260108,1,2,7.6,3,0,2,0.41,22,9,0.0,100.0
3,45,20260320,2,2,1.2,2,0,125,0.77,23,2,57.0,53.0
4,76,20261121,1,3,3.5,2,11,18,0.41,0,6,10.03,100.0
5,66,20260414,1,1,5.5,0,0,27,0.46,16,5,3.56,100.0
6,12,20260119,1,2,8.0,1,0,23,0.47,19,6,7.96,100.0
7,41,20260420,1,2,3.4,1,0,73,0.45,19,4,20.96,99.04
8,91,20260929,1,2,3.3,2,4,48,0.4,21,4,19.7,100.0
9,70,20260101,1,1,6.6,0,0,20,0.48,20,6,0.0,100.0
10,11,20260827,4,2,5.4,1,0,204,0.81,15,0,96.69,3.31
11,29,20261226,3,2,2.7,1,0,162,0.76,20,1,72.51,32.49
12,48,20260108,1,2,7.8,1,0,39,0.48,21,6,1.68,100.0
13,79,20260816,1,2,5.8,2,0,54,0.42,23,6,5.03,100.0
14,68,20260219,1,2,1.5,2,0,75,0.44,10,3,27.26,87.74
15,71,20261124,2,1,3.6,0,0,101,0.78,22,4,40.38,79.62
16,86,20261007,1,2,1.6,1,0,55,0.47,17,2,23.99,86.01
17,42,20261016,3,2,2.9,1,0,149,0.76,20,0,73.47,26.53
18,66,20261101,4,2,3.3,1,0,178,0.78,20,0,89.44,10.56
19,53,20261109,4,2,2.0,1,0,199,0.79,10,1,90.29,14.71
20,81,20260219,1,2,4.4,1,0,50,0.41,17,3,16.91,98.09
21,17,20261212,3,2,2.1,2,0,187,0.77,21,1,79.37,25.63
22,93,20260117,1,3,7.9,3,11,2,0.41,23,9,0.0,100.0
23,52,20260106,1,1,8.7,0,0,46,0.41,8,6,4.54,100.0
24,69,20260608,1,2,6.3,1,0,63,0.42,10,4,14.91,100.0
25,20,20260606,1,2,7.3,2,0,65,0.42,20,4,17.61,100.0
26,14,20261106,3,1,2.6,0,0,196,0.75,21,1,80.13,24.87
27,29,20260309,1,1,5.7,0,0,96,0.42,12,5,22.18,100.0
28,62,20260726,1,2,3.1,2,0,48,0.42,21,7,0.0,100.0
29,63,20260810,1,1,2.2,0,0,78,0.47,21,3,25.68,89.32
30,56,20260812,3,1,5.8,0,0,187,0.75,19,2,83.9,26.1
31,56,20260813,1,2,4.3,2,0,98,0.44,22,4,28.43,91.57
32,16,20260625,1,1,6.7,0,0,2,0.43,15,8,0.0,100.0
33,31,20261208,1,2,2.1,1,0,72,0.48,11,3,25.58,89.42
34,7,20260421,2,2,4.1,2,0,111,0.83,22,4,48.66,71.34
35,70,20260510,1,1,7.2,0,0,12,0.41,21,7,0.0,100.0
36,15,20260525,1,2,8.0,2,0,31,0.46,13,6,0.0,100.0
37,79,20261002,2,3,2.6,9,0,111,0.77,22,3,56.93,58.07
38,94,20261112,1,1,5.3,0,0,91,0.41,8,3,29.28,85.72
39,70,20260527,1,1,8.4,0,0,6,0.43,15,8,0.0,100.0
40,73,20260708,2,2,5.0,2,0,108,0.76,11,6,35.82,94.18
41,68,20260630,1,1,6.9,0,0,2,0.43,15,6,0.0,100.0
42,96,20260702,1,1,4.1,0,0,51,0.41,12,4,14.11,100.0
43,19,20260526,1,2,6.4,1,0,2,0.45,11,6,0.0,100.0
44,23,20260721,1,1,3.5,0,0,49,0.44,9,4,14.15,100.0
45,10,20260825,1,2,3.8,1,0,29,0.42,9,7,0.0,100.0
46,3,20260329,1,2,5.1,2,0,65,0.46,21,5,15.71,100.0
47,70,20261120,2,2,4.6,1,0,146,0.81,22,3,59.95,55.05
48,18,20260121,1,2,5.1,1,0,19,0.4,15,6,4.38,100.0
49,12,20261225,4,2,1.0,2,0,237,0.77,23,0,96.94,3.06
50,54,20261221,3,3,3.0,8,5,122,0.76,22,1,76.41,28.59
51,12,20260518,1,2,7.3,2,0,56,0.48,17,4,16.12,100.0
52,82,20260603,1,3,6.9,8,4,2,0.44,22,7,0.0,100.0
53,3,20261201,1,2,2.0,2,0,34,0.4,9,4,8.89,100.0
54,59,20260510,1,2,7.6,4,0,22,0.46,22,7,2.72,100.0
55,38,20260201,1,2,3.4,2,0,79,0.46,15,3,29.45,85.55
56,76,20261022,1,2,5.3,0,1,35,0.4,16,5,4.57,100.0
57,46,20260916,3,2,3.2,2,0,178,0.81,12,3,76.11,38.89
58,64,20261010,3,2,0.5,1,0,175,0.79,21,2,70.99,39.01
59,54,20260611,1,3,7.0,6,12,31,0.45,21,6,24.29,100.0
60,87,20261128,4,2,0.2,1,0,166,0.76,23,0,85.08,14.92
61,91,20261110,4,2,1.6,0,9,234,0.81,18,0,100.0,0.0
62,86,20260420,1,2,3.1,2,0,2,0.45,22,4,0.77,100.0
63,93,20260913,4,3,3.9,9,6,210,0.82,22,3,96.72,18.28
64,61,20260528,1,2,5.9,1,0,2,0.41,17,5,3.57,100.0
65,97,20260829,2,2,1.6,2,0,115,0.77,0,4,45.3,74.7
66,91,20260324,4,2,2.6,1,6,165,0.76,17,0,95.01,4.99
67,49,20260214,3,2,0.0,2,0,175,0.83,1,0,81.41,18.59
68,1,20261101,4,3,4.0,1,12,203,0.81,18,2,100.0,10.0
69,11,20260428,4,2,1.7,2,0,213,0.83,12,0,100.0,0.0
70,70,20261107,2,1,2.1,0,0,111,0.75,22,2,61.12,48.88
71,59,20260908,1,1,3.0,0,0,87,0.44,11,5,20.63,100.0
72,39,20260329,1,1,2.1,0,0,76,0.46,17,3,27.21,87.79
73,37,20261029,1,1,3.6,0,0,49,0.42,22,4,11.16,100.0
74,71,20260817,1,2,5.1,1,0,67,0.42,22,6,10.86,100.0
75,79,20260611,1,2,6.9,5,0,3,0.41,21,7,0.0,100.0
76,68,20260326,1,1,4.8,0,0,89,0.47,9,3,29.11,85.89
77,2,20260720,4,1,5.2,0,0,199,0.82,9,2,87.23,22.77
78,14,20260916,4,2,3.2,2,0,179,0.8,13,1,86.38,18.62
79,93,20260731,4,3,4.2,0,14,226,0.82,23,0,100.0,0.0
80,61,20260505,1,2,6.8,2,0,33,0.46,19,7,0.0,100.0
81,31,20261201,1,1,3.3,0,0,68,0.41,13,4,18.44,100.0
82,40,20260809,3,1,4.5,0,0,140,0.8,11,2,72.15,37.85
83,81,20260307,3,2,1.2,1,0,167,0.82,0,0,78.78,21.22
84,79,20260319,1,2,4.4,1,0,17,0.42,21,6,0.0,100.0
85,19,20260711,3,2,0.3,1,0,155,0.79,22,0,75.74,24.26
86,41,20260310,1,2,4.6,1,0,86,0.45,20,4,22.61,97.39
87,86,20260917,1,2,5.0,2,0,21,0.42,20,5,0.05,100.0
88,13,20260212,1,1,3.6,0,0,14,0.42,22,4,2.67,100.0
89,24,20260120,1,2,6.4,1,0,2,0.48,9,6,2.49,100.0
90,72,20260803,4,3,3.8,8,5,153,0.82,9,0,91.85,8.15
91,67,20260320,2,1,3.1,0,0,120,0.78,20,4,47.55,72.45
92,41,20260822,4,2,2.5,1,0,199,0.81,0,0,87.51,12.49
93,76,20260315,1,2,1.9,1,1,3,0.47,21,5,0.0,100.0
94,90,20260827,4,3,4.4,0,12,215,0.78,20,2,100.0,10.0
95,5,20261023,4,2,2.2,1,5,206,0.83,1,1,96.53,8.47
96,6,20260913,2,2,3.5,2,0,110,0.78,21,3,57.6,57.4
97,94,20260727,1,2,4.0,1,0,74,0.45,8,3,26.83,88.17
98,98,20260124,1,2,6.6,2,7,26,0.4,0,6,14.71,100.0
99,42,20261008,2,2,2.4,2,0,128,0.76,13,3,61.25,53.75
100,50,20260404,2,1,1.8,0,0,102,0.83,2,2,54.48,55.52
101,4,20260928,2,1,5.1,0,0,100,0.42,20,2,37.36,72.64
102,60,20260802,1,2,4.4,1,0,78,0.42,20,5,15.02,100.0
103,1,20260331,1,2,1.5,1,2,68,0.44,17,4,21.42,98.58
104,40,20260116,1,2,8.4,2,0,2,0.44,21,6,0.0,100.0
105,42,20260624,1,1,6.2,0,0,57,0.41,13,5,11.87,100.0
106,86,20260916,1,2,3.7,2,0,56,0.42,18,3,25.53,89.47
107,63,20261020,4,1,3.6,0,0,179,0.8,18,0,91.63,8.37
108,52,20261117,3,2,4.9,2,0,179,0.83,15,2,82.18,27.82
109,52,20260114,1,1,7.4,0,0,36,0.43,15,4,17.09,100.0
110,83,20261109,1,2,4.1,0,9,46,0.41,17,5,29.22,95.78
111,65,20261031,4,2,0.9,2,5,169,0.78,23,0,88.51,11.49
112,33,20260123,1,2,8.2,4,0,41,0.43,0,9,0.0,100.0
113,41,20260518,1,2,3.7,2,0,2,0.42,18,5,0.0,100.0
114,30,20260918,4,3,5.2,2,11,196,0.83,0,3,100.0,15.0
115,44,20260521,1,2,5.3,6,0,17,0.47,22,4,12.31,100.0
116,40,20260604,1,2,6.3,2,0,2,0.48,13,6,0.0,100.0
117,62,20261001,2,2,3.6,5,0,135,0.79,23,3,63.07,51.93
118,36,20260420,1,1,3.9,0,0,47,0.45,13,4,14.64,100.0
119,87,20261229,1,2,3.0,1,0,45,0.44,15,4,13.39,100.0
120,76,20260306,1,2,1.2,0,5,35,0.46,0,5,14.74,100.0
121,17,20260812,4,2,0.9,2,0,192,0.8,8,0,95.76,4.24
122,73,20260425,4,3,2.9,8,0,217,0.83,22,0,100.0,0.0
123,100,20261117,4,3,3.9,7,14,202,0.75,9,2,100.0,10.0
124,95,20260204,1,1,4.7,0,0,42,0.47,16,2,23.57,86.43
125,61,20260627,1,2,7.9,1,0,25,0.41,23,7,0.0,100.0
126,82,20261128,4,2,1.3,5,6,192,0.8,1,1,97.58,7.42
127,36,20260512,1,2,7.2,2,0,13,0.42,9,7,0.0,100.0
128,77,20260509,1,1,7.9,0,0,2,0.4,23,7,0.0,100.0
129,71,20261019,3,2,4.7,5,0,181,0.76,21,2,81.99,28.01
130,87,20260725,4,1,0.0,0,0,203,0.8,23,0,97.63,2.37
131,43,20260115,1,1,6.9,0,0,2,0.48,11,6,0.0,100.0
132,51,20260701,1,1,4.6,0,0,50,0.44,13,5,7.88,100.0
133,31,20260417,3,2,2.5,2,0,200,0.75,22,1,83.12,21.88
134,91,20261115,1,2,3.5,0,3,49,0.47,21,6,10.11,100.0
135,100,20260730,1,2,2.8,0,4,35,0.45,11,6,7.37,100.0
136,54,20260222,1,2,3.8,1,2,24,0.45,9,5,3.5,100.0
137,56,20260619,1,1,5.2,0,0,53,0.45,23,5,9.64,100.0
138,71,20260814,4,2,1.8,5,0,212,0.83,1,1,96.41,8.59
139,87,20260607,1,2,7.6,2,0,19,0.47,16,7,0.0,100.0
140,32,20260614,1,2,6.9,2,0,31,0.42,15,8,0.0,100.0
141,45,20260309,1,1,2.9,0,0,23,0.44,22,5,3.33,100.0
142,84,20260131,1,2,8.6,2,0,53,0.48,23,7,3.81,100.0
143,86,20260430,1,2,3.5,2,0,10,0.44,15,5,0.0,100.0
144,56,20260110,1,2,7.2,1,0,2,0.47,0,7,0.0,100.0
145,65,20260311,2,2,3.7,2,3,92,0.47,15,3,38.01,76.99
146,13,20260519,1,2,6.3,1,0,27,0.42,21,6,0.0,100.0
147,33,20260617,1,2,6.2,6,0,70,0.4,9,6,18.9,100.0
148,41,20260812,4,2,2.1,2,0,183,0.8,15,0,93.62,6.38
149,73,20260617,1,2,8.6,4,0,62,0.46,11,7,13.37,100.0
150,77,20260613,1,2,7.7,1,0,47,0.42,23,6,4.55,100.0
151,78,20260822,4,1,2.4,0,0,205,0.79,20,1,85.32,19.68
152,51,20260729,1,2,2.1,2,0,55,0.42,8,3,18.44,96.56
153,69,20260105,1,1,7.3,0,0,2,0.47,8,7,0.0,100.0
154,79,20260912,2,3,1.1,8,0,78,0.43,0,2,37.44,72.56
155,62,20261224,1,2,4.0,2,0,53,0.44,22,4,14.44,100.0
156,98,20260928,1,2,4.2,2,2,83,0.46,21,5,21.04,100.0
157,49,20260127,1,2,8.0,1,0,33,0.48,21,8,0.0,100.0
158,25,20261104,4,2,2.7,3,0,227,0.82,9,0,100.0,0.0
159,4,20260604,1,2,6.9,1,0,15,0.45,21,6,0.0,100.0
160,42,20260825,1,2,3.2,1,0,83,0.46,9,4,23.02,96.98
161,16,20260525,1,2,6.4,2,0,34,0.41,22,8,0.0,100.0
162,49,20260204,1,2,4.4,2,0,55,0.41,16,5,9.53,100.0
163,24,20260529,1,2,7.2,1,0,28,0.47,20,5,4.74,100.0
164,36,20260805,3,2,3.0,1,0,176,0.76,11,1,84.2,20.8
165,78,20260627,1,1,5.5,0,0,87,0.41,20,3,28.34,96.66
166,19,20261014,1,2,3.7,2,0,54,0.41,14,3,18.64,96.36
167,59,20260411,3,3,0.4,7,0,164,0.75,22,1,82.34,22.66
168,6,20260223,1,1,2.7,0,0,18,0.41,17,6,0.0,100.0
169,28,20260525,1,3,7.7,8,4,31,0.43,14,6,5.16,100.0
170,6,20261104,3,2,1.8,1,0,169,0.83,19,2,79.12,30.88
171,65,20260820,1,2,2.0,2,4,65,0.41,20,3,27.94,87.06
172,49,20260319,1,2,4.7,1,0,74,0.43,20,4,21.61,98.39
173,94,20260407,1,1,4.6,0,0,72,0.46,11,2,31.39,78.61
174,94,20260611,1,1,5.6,0,0,13,0.47,12,3,17.56,100.0
175,58,20261109,4,3,3.5,7,14,223,0.78,21,0,100.0,0.0
176,73,20260716,1,2,3.0,1,0,83,0.45,9,4,25.31,94.69
177,77,20260114,1,2,7.3,2,0,2,0.46,19,8,0.0,100.0
178,52,20261016,4,1,0.0,0,0,177,0.83,21,0,85.71,14.29
179,47,20260924,1,1,3.1,0,0,48,0.4,20,5,5.5,100.0
180,67,20260206,2,2,0.0,1,0,77,0.46,20,2,41.11,68.89
181,79,20260316,1,2,2.1,2,0,35,0.42,23,4,9.08,100.0
182,3,20260101,1,2,8.8,6,0,52,0.46,23,5,11.75,100.0
183,62,20261127,2,2,2.2,1,0,138,0.76,23,4,52.37,67.63
184,86,20260511,1,1,8.3,0,0,52,0.43,17,6,4.08,100.0
185,52,20260627,1,2,9.0,1,0,2,0.45,20,7,0.0,100.0
186,77,20260521,1,2,5.6,1,0,2,0.47,15,8,0.0,100.0
187,4,20261129,4,2,5.0,1,0,197,0.75,19,2,85.08,24.92
188,18,20260606,1,2,8.5,2,0,14,0.43,22,7,0.0,100.0
189,1,20260403,4,3,1.3,2,13,183,0.8,23,0,100.0,0.0
190,19,20260906,2,2,2.7,1,0,129,0.76,9,3,63.48,51.52
191,82,20261024,4,2,2.4,3,8,173,0.82,22,1,99.05,5.95
192,58,20260517,1,3,7.6,9,2,16,0.45,22,7,0.0,100.0
193,28,20260310,1,2,3.3,2,2,23,0.41,9,5,1.64,100.0
194,17,20260410,4,1,1.1,0,0,251,0.81,21,0,100.0,0.0
195,63,20260414,1,1,4.2,0,0,66,0.43,19,3,22.11,92.89
196,51,20260611,1,1,7.4,0,0,12,0.46,15,7,0.0,100.0
197,49,20260111,1,2,7.6,2,0,31,0.42,15,7,0.0,100.0
198,89,20261123,3,2,3.1,2,0,180,0.83,16,2,82.21,27.79
199,40,20260419,1,2,3.6,1,0,25,0.4,14,6,0.0,100.0
200,5,20260216,1,2,2.8,0,3,83,0.46,18,4,28.45,91.55
201,91,20260831,1,2,2.8,1,2,68,0.46,16,2,32.61,77.39
202,17,20260215,1,2,4.6,1,0,73,0.4,15,3,22.2,92.8
203,65,20260426,1,2,3.7,0,4,63,0.45,18,3,26.9,88.1
204,70,20260927,1,1,3.6,0,0,2,0.4,16,6,0.0,100.0
205,99,20261115,1,2,3.5,2,0,38,0.46,22,5,7.67,100.0
206,23,20260907,1,2,4.6,2,0,21,0.46,22,7,0.0,100.0
207,33,20260309,1,2,5.5,2,0,76,0.47,9,5,17.09,100.0
208,38,20260816,1,1,2.9,0,0,64,0.43,13,4,16.92,100.0
209,90,20260916,4,3,0.7,1,13,256,0.79,19,0,100.0,0.0
210,14,20260704,2,2,1.0,1,0,123,0.8,21,3,62.03,52.97
211,17,20261028,4,2,4.7,2,0,205,0.8,11,0,97.36,2.64
212,28,20260728,3,2,3.8,3,9,141,0.77,11,2,82.77,27.23
213,36,20260610,1,1,7.0,0,0,26,0.48,12,5,13.3,100.0
214,95,20260713,1,1,3.4,0,0,24,0.43,20,3,10.95,100.0
215,72,20260204,1,2,2.4,0,3,75,0.48,21,5,21.37,100.0
216,17,20260109,1,2,6.7,2,0,46,0.46,21,5,10.7,100.0
217,57,20261203,2,2,3.1,2,0,107,0.83,15,4,53.45,66.55
218,83,20260520,1,3,7.4,2,10,2,0.47,17,7,12.45,100.0
219,37,20261221,3,2,1.9,5,0,164,0.79,21,1,80.93,24.07
220,99,20261119,1,2,3.5,2,0,56,0.48,22,3,22.39,92.61
221,82,20260616,1,3,5.9,7,1,2,0.46,22,7,0.0,100.0
222,13,20260222,1,2,5.1,2,0,72,0.46,16,3,26.48,88.52
223,19,20260306,3,2,2.0,1,0,173,0.75,20,0,78.67,21.33
224,47,20260329,1,1,3.6,0,0,63,0.43,20,6,7.4,100.0
225,55,20260410,4,1,0.0,0,0,200,0.82,23,0,88.77,11.23
226,54,20260703,3,2,1.4,1,7,161,0.79,22,1,82.65,22.35
227,52,20260702,1,2,2.1,2,0,53,0.46,11,5,12.14,100.0
228,76,20261030,1,3,2.9,2,14,36,0.4,22,5,31.67,93.33
229,11,20260819,1,1,4.3,0,0,58,0.48,12,4,18.18,100.0
230,92,20261118,4,1,5.9,0,0,234,0.8,20,0,100.0,0.0
231,92,20260405,1,1,4.1,0,0,5,0.42,15,3,5.31,100.0
232,31,20260828,4,2,1.1,2,0,243,0.75,22,0,99.1,0.9
233,68,20260224,1,2,3.3,1,0,65,0.42,9,2,27.07,82.93
234,85,20260321,4,2,4.3,1,6,254,0.78,22,0,100.0,0.0
235,22,20261226,4,3,4.7,0,14,211,0.77,22,1,100.0,5.0
236,95,20260710,2,2,1.9,1,0,138,0.77,22,2,59.25,50.75
237,92,20260515,1,1,8.9,0,0,13,0.48,1,6,0.0,100.0
238,21,20260807,3,2,1.2,1,0,153,0.8,22,0,75.57,24.43
239,93,20260607,1,3,6.2,5,11,22,0.43,14,8,12.44,100.0
240,77,20260505,1,2,7.8,2,0,41,0.42,15,3,15.72,100.0
241,76,20260402,1,2,6.2,2,2,40,0.46,20,7,3.0,100.0
242,82,20260421,1,2,4.8,1,4,91,0.47,9,5,27.78,97.22
243,61,20260827,2,1,4.0,0,0,112,0.75,19,3,55.19,59.81
244,75,20260515,1,3,7.0,9,8,5,0.47,2,7,1.27,100.0
245,9,20260923,1,1,2.3,0,0,40,0.42,20,3,13.32,100.0
246,49,20260910,2,1,3.5,0,0,110,0.76,22,5,40.54,84.46
247,23,20260321,3,2,1.1,2,0,160,0.77,22,0,74.84,25.16
248,93,20260926,4,3,0.5,9,11,198,0.76,2,0,100.0,0.0
249,1,20260926,4,2,0.0,1,8,207,0.79,23,0,100.0,0.0
250,83,20260408,2,2,2.9,2,5,86,0.41,17,2,49.0,61.0
251,88,20260306,1,3,2.0,2,12,32,0.4,0,6,14.92,100.0
252,84,20260427,1,2,3.9,1,0,41,0.41,20,7,0.0,100.0
253,63,20260315,1,2,4.5,1,0,67,0.44,16,4,17.71,100.0
254,65,20261011,4,2,2.2,0,8,149,0.81,20,1,88.64,16.36
255,13,20261011,4,1,2.7,0,0,196,0.79,16,0,95.56,4.44
256,70,20260711,1,2,1.0,1,0,76,0.48,0,3,27.6,87.4
257,70,20261031,2,2,1.4,1,0,87,0.45,23,0,41.28,58.72
258,34,20260523,1,2,5.4,6,0,8,0.47,0,7,0.0,100.0
259,10,20260215,1,2,1.4,1,0,4,0.42,14,6,0.0,100.0
260,26,20260517,1,2,8.4,3,1,25,0.44,14,7,0.0,100.0
261,77,20261120,3,2,2.3,2,0,155,0.75,23,0,74.12,25.88
262,65,20260222,1,2,3.3,1,3,78,0.4,18,3,28.32,86.68
263,70,20261008,2,2,5.6,2,0,111,0.79,17,5,48.75,76.25
264,64,20260925,4,2,1.9,2,0,214,0.77,20,0,90.34,9.66
265,12,20260125,1,2,8.9,1,0,2,0.45,22,7,0.0,100.0
266,89,20260426,1,2,3.8,1,0,83,0.44,17,5,19.49,100.0
267,27,20260331,1,1,1.6,0,0,2,0.43,21,4,0.78,100.0
268,98,20260916,4,2,3.4,1,8,216,0.77,16,2,100.0,10.0
269,19,20260712,1,1,3.4,0,0,51,0.41,13,5,7.77,100.0
270,10,20260806,1,2,4.1,1,0,36,0.4,21,5,2.35,100.0
271,61,20260424,3,2,1.2,1,0,154,0.76,2,1,77.62,27.38
272,41,20260531,1,2,7.4,2,0,2,0.44,18,7,0.0,100.0
273,28,20261214,2,2,1.5,3,6,81,0.4,11,3,43.25,71.75
274,53,20260821,4,1,2.1,0,0,222,0.8,21,0,96.62,3.38
275,92,20260721,1,1,3.5,0,0,47,0.46,22,3,18.49,96.51
276,38,20260722,1,2,3.7,2,0,99,0.46,14,5,25.45,99.55
277,77,20260606,1,2,6.3,1,0,26,0.4,1,7,0.0,100.0
278,36,20260111,1,2,8.1,2,0,12,0.4,13,5,0.0,100.0
279,75,20261223,1,2,4.6,1,1,62,0.44,9,6,10.29,100.0
280,79,20260413,1,2,3.2,6,0,61,0.45,22,4,27.02,92.98
281,74,20260222,1,1,4.3,0,0,92,0.4,15,4,25.43,94.57
282,56,20260523,1,1,6.6,0,0,2,0.46,23,6,0.0,100.0
283,53,20260206,4,2,2.9,1,0,198,0.78,21,0,94.54,5.46
284,27,20260319,1,1,4.5,0,0,37,0.45,11,6,2.69,100.0
285,76,20260501,1,2,6.0,2,7,11,0.48,23,8,0.0,100.0
286,87,20260504,1,1,10.6,0,0,29,0.41,21,7,0.0,100.0
287,7,20261224,1,1,3.1,0,0,54,0.44,19,3,19.06,95.94
288,87,20261228,4,1,2.4,0,0,207,0.75,15,0,97.8,2.2
289,63,20260902,1,2,3.7,1,0,62,0.45,19,3,21.01,93.99
290,93,20260815,4,2,0.4,1,9,217,0.78,1,0,100.0,0.0
291,58,20260415,2,2,2.1,0,3,101,0.78,22,2,56.18,53.82
292,19,20260407,1,2,2.1,2,0,62,0.48,12,3,24.45,90.55
293,9,20261014,1,2,2.3,1,0,43,0.44,15,7,0.0,100.0
294,98,20260726,1,2,3.5,0,3,92,0.43,18,4,31.33,88.67
295,44,20260106,1,2,6.1,3,0,2,0.41,11,6,0.0,100.0
296,65,20261130,1,2,1.8,1,1,89,0.4,18,2,34.95,75.05
297,32,20260227,4,2,2.3,2,0,217,0.77,22,0,93.32,6.68
298,79,20260309,1,2,1.8,1,0,5,0.44,21,3,4.6,100.0
299,60,20261016,3,2,0.4,1,0,153,0.79,0,2,67.22,42.78
300,11,20260621,1,2,7.5,1,0,2,0.45,14,4,8.7,100.0
301,13,20261030,4,2,0.5,1,0,188,0.75,0,0,90.99,9.01
302,20,20260811,1,2,3.3,1,0,44,0.47,14,6,2.65,100.0
303,6,20260820,1,1,2.6,0,0,65,0.42,22,6,8.58,100.0
304,54,20260829,3,2,0.8,1,8,131,0.8,0,1,78.4,26.6
305,82,20260630,1,2,8.5,5,1,2,0.45,9,7,0.0,100.0
306,20,20260328,3,2,1.9,2,0,155,0.82,21,1,73.56,31.44
307,60,20261223,1,1,4.3,0,0,56,0.44,21,7,3.85,100.0
308,70,20260117,1,2,7.6,1,0,2,0.44,23,8,0.0,100.0
309,7,20260528,1,2,6.6,1,0,22,0.41,19,5,8.81,100.0
310,58,20261030,4,2,1.1,5,7,168,0.77,1,0,97.37,2.63
311,91,20260612,1,3,5.0,2,11,31,0.4,1,7,10.64,100.0
312,95,20260517,1,2,5.9,2,0,43,0.42,21,5,5.57,100.0
313,87,20260720,3,1,6.0,0,0,179,0.82,21,2,81.53,28.47
314,86,20260121,1,1,9.0,0,0,33,0.4,15,6,8.35,100.0
315,25,20260204,1,2,1.2,2,0,64,0.46,21,1,30.36,74.64
316,30,20260925,4,3,2.0,0,13,203,0.78,0,0,100.0,0.0
317,67,20260122,1,2,7.7,1,0,22,0.44,15,8,0.0,100.0
318,55,20260825,1,1,3.1,0,0,76,0.46,23,4,22.25,97.75
319,73,20260506,1,3,7.8,9,0,2,0.42,21,8,0.0,100.0
320,58,20260624,1,3,6.8,7,3,18,0.45,21,6,0.29,100.0
321,61,20260114,1,2,7.2,2,0,14,0.46,15,6,4.5,100.0
322,37,20260724,3,2,2.5,2,0,182,0.78,23,3,69.64,45.36
323,86,20260308,1,1,4.7,0,0,70,0.41,20,4,27.0,93.0
324,14,20260118,1,2,5.8,2,0,59,0.44,13,6,9.36,100.0
325,40,20260520,1,2,9.0,2,0,4,0.42,13,7,0.0,100.0
326,35,20260717,4,2,0.7,2,0,182,0.83,0,0,93.9,6.1
327,81,20260714,3,1,4.8,0,0,167,0.82,15,2,78.97,31.03
328,49,20260415,1,2,4.9,2,0,65,0.43,22,4,19.34,100.0
329,86,20260405,1,1,3.4,0,0,5,0.45,17,5,0.0,100.0
330,11,20261018,2,2,3.0,1,0,109,0.76,13,1,58.42,46.58
331,52,20260102,1,2,9.6,1,0,46,0.45,20,7,0.0,100.0
332,56,20260811,2,2,4.7,1,0,110,0.77,21,2,53.7,56.3
333,73,20260112,1,2,7.9,4,0,2,0.46,9,8,0.0,100.0
334,33,20260305,1,1,3.8,0,0,91,0.4,21,4,22.12,97.88
335,9,20260605,1,1,7.4,0,0,21,0.41,0,7,0.0,100.0
336,96,20261226,4,2,0.6,1,0,194,0.75,22,0,86.85,13.15
337,78,20260429,1,1,5.3,0,0,57,0.4,12,4,14.41,100.0
338,64,20260324,2,2,4.2,1,0,162,0.78,12,5,63.75,61.25
339,26,20260919,3,2,2.5,1,5,170,0.78,0,2,78.04,31.96
340,26,20261202,4,3,2.1,5,14,150,0.79,21,1,99.93,5.07
341,36,20260722,1,2,2.0,2,0,53,0.41,10,5,7.93,100.0
342,84,20261114,2,2,2.8,2,0,132,0.76,22,3,53.37,61.63
343,98,20261115,1,2,4.3,2,1,52,0.41,17,5,9.08,100.0
344,37,20261118,3,3,3.1,8,0,144,0.79,21,2,72.84,37.16
345,64,20260403,3,2,1.6,1,0,168,0.78,20,3,66.03,48.97
346,38,20260713,1,2,2.0,2,0,70,0.45,9,4,20.96,99.04
347,39,20260623,1,1,6.8,0,0,21,0.41,19,5,0.0,100.0
348,26,20260830,4,2,1.4,3,8,205,0.79,11,0,100.0,0.0
349,72,20260116,2,3,6.9,9,12,61,0.47,22,6,35.87,100.0
350,61,20260801,2,2,2.3,1,0,124,0.75,0,3,52.09,62.91
351,67,20260726,1,2,3.9,2,0,2,0.41,11,6,0.0,100.0
352,34,20260323,1,2,2.8,2,0,84,0.42,9,2,32.71,77.29
353,94,20260527,1,2,8.0,2,0,21,0.4,15,6,3.48,100.0
354,87,20260428,3,2,2.9,2,0,166,0.79,21,1,83.32,21.68
355,71,20260109,1,2,9.0,4,0,29,0.41,2,8,0.0,100.0
356,2,20260226,1,2,4.4,1,0,16,0.45,13,8,0.0,100.0
357,81,20261128,3,1,2.2,0,0,142,0.82,1,0,81.36,18.64
358,84,20261201,1,1,4.3,0,0,55,0.41,19,7,0.34,100.0
359,33,20260614,1,3,7.6,9,0,2,0.42,22,8,0.0,100.0
360,65,20261001,4,3,3.5,0,13,168,0.81,20,2,100.0,10.0
361,50,20260322,1,1,2.3,0,0,61,0.45,15,2,27.02,82.98
362,96,20260103,1,2,5.5,2,0,48,0.41,22,6,4.43,100.0
363,40,20261114,2,1,0.4,0,0,109,0.77,22,1,58.26,46.74
364,10,20260326,1,1,1.4,0,0,2,0.4,21,4,0.0,100.0
365,91,20261230,3,3,3.7,1,12,139,0.81,22,3,83.5,31.5
366,97,20260531,1,1,6.0,0,0,13,0.48,22,6,2.63,100.0
367,18,20260131,1,1,8.5,0,0,28,0.41,23,6,0.0,100.0
368,95,20260914,3,2,3.6,1,0,144,0.83,16,2,71.36,38.64
369,85,20260901,2,2,1.0,0,4,89,0.41,20,3,35.56,79.44
370,75,20260808,4,2,1.8,1,9,188,0.79,1,0,99.71,0.29
371,2,20260929,1,2,4.5,1,0,98,0.4,15,3,31.19,83.81
372,32,20260615,1,2,5.5,1,0,19,0.47,22,9,0.0,100.0
373,17,20261126,1,2,3.4,2,0,74,0.48,10,3,26.81,88.19
374,86,20260312,1,1,1.5,0,0,50,0.47,22,2,30.77,79.23
375,13,20260920,4,2,3.2,1,0,187,0.75,20,1,87.05,17.95
376,34,20261101,4,3,5.1,9,0,208,0.81,22,1,94.14,10.86
377,60,20260316,1,2,5.6,1,0,58,0.46,20,7,2.06,100.0
378,75,20260711,4,3,1.2,1,14,211,0.75,0,1,100.0,5.0
379,41,20261225,3,2,3.7,1,0,168,0.8,22,1,74.66,30.34
380,44,20261215,1,2,3.1,1,0,42,0.43,21,2,20.0,90.0
381,30,20260405,2,2,1.8,1,1,95,0.46,16,3,35.4,79.6
382,77,20261031,2,2,2.2,2,0,147,0.8,0,2,63.72,46.28
383,76,20261029,1,2,3.0,1,4,37,0.43,15,5,11.48,100.0
384,66,20261008,3,1,3.6,0,0,168,0.75,16,1,82.04,22.96
385,23,20260522,1,2,6.6,4,0,43,0.42,0,6,10.58,100.0
386,75,20261029,2,2,3.6,0,4,121,0.83,21,4,54.36,65.64
387,2,20260103,1,2,5.5,1,0,14,0.48,22,6,0.0,100.0
388,57,20260926,3,2,2.2,2,0,116,0.82,20,2,65.72,44.28
389,87,20260130,1,2,8.7,2,0,2,0.46,23,7,0.0,100.0
390,1,20260804,1,2,3.9,1,1,91,0.44,17,3,30.31,84.69
391,15,20260224,1,1,3.2,0,0,76,0.42,13,3,23.79,91.21
392,90,20260920,3,3,4.1,2,10,153,0.77,15,4,78.07,41.93
393,61,20260115,1,1,6.0,0,0,6,0.41,17,5,0.0,100.0
394,99,20260701,1,2,2.8,2,0,23,0.48,14,4,7.76,100.0
395,28,20260830,3,3,2.9,7,14,119,0.8,23,3,81.99,33.01
396,26,20260209,4,3,4.1,9,9,159,0.79,22,3,86.57,28.43
397,30,20260620,1,2,5.8,0,9,4,0.47,23,7,1.74,100.0
398,91,20260415,1,2,4.2,0,4,76,0.41,19,5,21.65,100.0
399,43,20261119,1,1,3.0,0,0,83,0.44,9,4,21.71,98.29
400,31,20260528,1,1,4.9,0,0,2,0.48,15,6,0.0,100.0
401,46,20261016,4,1,1.1,0,0,258,0.78,20,0,100.0,0.0
402,25,20261122,2,2,4.5,1,0,101,0.8,22,5,39.48,85.52
403,79,20260727,1,1,3.8,0,0,81,0.42,21,4,23.52,96.48
404,33,20261226,4,1,0.5,0,0,221,0.82,0,0,97.69,2.31
405,7,20261106,3,2,1.2,1,0,162,0.75,23,1,73.37,31.63
406,54,20261112,1,2,3.2,0,2,61,0.45,21,4,22.02,97.98
407,60,20261128,3,1,2.6,0,0,184,0.83,1,3,78.93,36.07
408,100,20260825,1,2,3.0,1,3,17,0.42,23,7,0.0,100.0
409,71,20260502,1,3,9.3,7,0,2,0.47,1,9,0.0,100.0
410,31,20261031,3,2,0.4,1,0,187,0.78,20,0,84.42,15.58
411,55,20260209,4,2,4.1,6,0,202,0.77,22,0,96.99,3.01
412,4,20260206,4,2,2.2,1,0,199,0.83,1,0,97.46,2.54
413,54,20260504,1,2,5.3,6,3,3,0.4,21,6,0.0,100.0
414,89,20260726,1,2,2.6,1,0,79,0.42,20,4,22.9,97.1
415,40,20260211,3,1,2.8,0,0,167,0.75,15,2,78.55,31.45
416,61,20260919,2,2,2.9,2,0,101,0.82,23,2,53.63,56.37
417,53,20260113,1,1,8.1,0,0,5,0.46,14,9,0.0,100.0
418,90,20260810,1,2,2.2,1,1,45,0.43,17,4,12.55,100.0
419,58,20260728,4,3,5.3,8,10,239,0.76,23,0,100.0,0.0
420,7,20260510,1,2,7.5,2,0,17,0.41,18,5,5.21,100.0
421,36,20261225,3,1,2.1,0,0,155,0.78,20,0,75.08,24.92
422,37,20261025,4,3,3.0,8,0,196,0.77,9,2,85.52,24.48
423,20,20260718,3,2,0.0,1,0,180,0.75,20,0,81.44,18.56
424,14,20260909,1,2,3.6,2,0,17,0.46,9,5,0.9,100.0
425,6,20260414,1,2,4.1,1,0,20,0.41,22,6,0.0,100.0
426,38,20260327,3,2,2.5,2,0,152,0.8,21,2,72.67,37.33
427,95,20260610,1,2,6.5,2,0,29,0.47,19,7,1.82,100.0
428,55,20260901,1,1,5.4,0,0,69,0.48,11,5,14.9,100.0
429,26,20260303,4,3,3.5,9,12,186,0.77,11,1,100.0,5.0
430,89,20261103,1,2,4.1,1,0,99,0.46,16,3,32.22,82.78
431,77,20260514,1,2,7.3,1,0,2,0.48,21,7,0.0,100.0
432,65,20260322,1,2,3.3,1,4,85,0.44,17,4,29.65,90.35
433,37,20260206,4,3,2.9,9,0,212,0.79,1,1,96.75,8.25
434,21,20260710,3,2,2.0,1,0,160,0.77,0,2,67.34,42.66
435,64,20261026,1,1,2.2,0,0,57,0.4,10,4,12.69,100.0
436,45,20261202,3,1,2.0,0,0,138,0.77,20,1,73.4,31.6
437,25,20260923,1,2,2.5,1,0,73,0.41,21,2,28.74,81.26
438,42,20260702,1,2,4.3,2,0,39,0.48,12,4,10.61,100.0
439,67,20260612,1,2,3.8,2,0,15,0.42,20,5,0.0,100.0
440,32,20260102,1,1,7.6,0,0,2,0.44,23,9,0.0,100.0
441,99,20260904,3,2,1.3,2,0,180,0.79,1,0,81.6,18.4
442,52,20260517,1,2,7.6,2,0,10,0.44,12,7,0.0,100.0
443,20,20260703,3,2,3.2,1,0,190,0.75,20,0,83.45,16.55
444,20,20260723,4,1,5.5,0,0,211,0.83,14,0,100.0,0.0
445,55,20260322,2,2,3.8,2,0,144,0.77,23,2,63.38,46.62
446,21,20260104,1,3,7.7,7,0,56,0.42,22,7,8.97,100.0
447,45,20260621,1,2,4.7,2,0,2,0.48,16,7,0.0,100.0
448,26,20260725,4,3,1.8,8,7,180,0.75,0,0,98.54,1.46
449,27,20260823,2,2,2.8,6,0,106,0.83,9,2,61.85,48.15
450,98,20260828,3,2,2.5,2,5,163,0.79,23,0,84.2,15.8
451,20,20260402,1,2,2.7,2,0,74,0.45,13,3,25.72,89.28
452,26,20260417,4,2,4.4,1,9,186,0.76,23,0,96.69,3.31
453,37,20260309,1,1,2.1,0,0,89,0.48,11,2,34.53,75.47
454,98,20260704,4,2,1.5,2,8,177,0.77,22,0,100.0,0.0
455,71,20260316,1,1,3.7,0,0,61,0.46,21,5,13.88,100.0
456,35,20260704,4,2,3.6,1,0,217,0.76,23,0,99.8,0.2
457,42,20260623,1,2,6.7,1,0,13,0.4,11,7,0.0,100.0
458,47,20260918,4,2,0.6,2,0,188,0.79,0,1,90.78,14.22
459,29,20260309,1,2,3.5,1,0,89,0.48,11,6,17.12,100.0
460,89,20260113,1,2,5.1,1,0,2,0.47,16,6,0.0,100.0
461,24,20261127,4,2,4.8,1,0,219,0.78,21,0,93.0,7.0
462,86,20260409,1,2,1.9,1,0,26,0.43,20,4,8.38,100.0
463,76,20260311,1,2,3.1,0,3,2,0.42,20,5,0.0,100.0
464,55,20260325,4,2,3.2,3,0,196,0.8,9,0,95.5,4.5
465,45,20261112,1,1,2.4,0,0,78,0.42,16,2,31.77,78.23
466,99,20261126,1,2,4.8,1,0,61,0.42,22,4,14.93,100.0
467,26,20260317,1,2,3.9,0,2,88,0.43,21,4,25.55,94.45
468,10,20260708,1,2,4.0,1,0,2,0.41,14,6,0.0,100.0
469,9,20260922,1,2,5.3,1,0,79,0.47,17,6,12.66,100.0
470,55,20261228,4,2,4.2,4,0,206,0.77,11,1,94.36,10.64
471,69,20260406,4,1,2.1,0,0,208,0.78,15,0,97.26,2.74
472,76,20260517,1,2,7.8,0,2,2,0.41,16,8,0.0,100.0
473,65,20261119,1,2,3.2,0,2,67,0.48,15,3,28.23,86.77
474,91,20260712,2,2,3.7,0,4,115,0.81,22,4,55.24,64.76
475,15,20260827,4,1,4.1,0,0,181,0.78,11,0,91.54,8.46
476,19,20260420,1,1,1.3,0,0,4,0.42,12,4,0.58,100.0
477,82,20260804,1,2,2.4,2,2,78,0.45,14,3,30.46,84.54
478,57,20261011,3,1,1.8,0,0,166,0.76,12,1,82.99,22.01
479,57,20261027,1,2,5.9,2,0,14,0.43,15,6,0.0,100.0
480,70,20261120,1,2,0.5,2,0,84,0.46,1,3,29.98,85.02
481,15,20261214,4,1,4.3,0,0,190,0.78,11,1,88.49,16.51
482,99,20260815,3,1,2.4,0,0,184,0.77,23,0,83.41,16.59
483,56,20260124,1,1,7.0,0,0,29,0.4,0,5,10.44,100.0
484,66,20260622,1,1,6.4,0,0,32,0.44,19,4,16.0,100.0
485,88,20260107,1,3,7.2,1,12,17,0.48,20,6,23.75,100.0
486,32,20260227,4,2,1.7,2,0,199,0.77,0,0,89.51,10.49
487,8,20260704,3,2,3.1,2,0,148,0.75,22,2,70.85,39.15
488,4,20260117,1,2,8.4,2,0,34,0.46,22,5,5.99,100.0
489,91,20261216,1,2,2.6,0,1,87,0.41,19,3,29.77,85.23
490,94,20260212,1,2,3.5,1,0,60,0.45,13,3,20.09,94.91
491,83,20261013,1,2,3.9,0,4,31,0.43,16,3,17.15,97.85
492,43,20260703,3,1,2.3,0,0,198,0.8,21,2,80.9,29.1
493,20,20260619,1,2,6.4,2,0,32,0.43,21,4,8.88,100.0
494,49,20261121,4,2,2.4,1,0,200,0.79,1,1,85.49,19.51
495,53,20261213,4,1,4.9,0,0,189,0.83,9,2,86.17,23.83
496,55,20260906,4,3,2.4,8,0,181,0.82,22,1,88.89,16.11
497,33,20260214,4,2,1.8,1,0,221,0.78,22,1,90.66,14.34
498,49,20260820,1,2,6.9,1,0,50,0.43,19,5,9.06,100.0
499,91,20260303,4,3,3.3,0,12,180,0.76,18,2,98.36,11.64
500,77,20261017,3,1,3.3,0,0,187,0.77,22,1,80.99,24.01
501,53,20260807,3,2,3.2,2,0,201,0.78,20,3,75.46,39.54
502,37,20260329,1,2,2.3,1,0,58,0.45,22,3,21.77,93.23
503,66,20260320,4,2,0.3,1,0,213,0.75,0,0,91.82,8.18
504,8,20260124,1,2,5.5,2,0,53,0.44,22,5,16.97,100.0
505,94,20261209,1,2,2.1,1,0,56,0.44,14,2,25.51,84.49
506,26,20260814,4,3,2.8,4,12,176,0.8,0,1,100.0,5.0
507,11,20261214,4,2,3.6,2,0,184,0.81,12,1,90.01,14.99
508,40,20260605,1,2,8.9,1,0,2,0.44,20,7,0.0,100.0
509,66,20260525,1,1,6.7,0,0,26,0.44,15,7,0.0,100.0
510,48,20261227,1,2,3.5,1,0,42,0.43,20,6,3.49,100.0
511,79,20260418,2,1,1.7,0,0,104,0.81,0,2,52.63,57.37
512,8,20260307,2,2,3.7,1,0,101,0.78,22,3,44.63,70.37
513,41,20261020,4,2,5.7,1,0,190,0.79,22,2,86.01,23.99
514,66,20260707,1,2,3.6,1,0,52,0.44,16,4,14.93,100.0
515,89,20260116,1,1,7.0,0,0,39,0.48,23,6,12.68,100.0
516,31,20260703,2,2,3.5,1,0,125,0.8,21,3,54.7,60.3
517,71,20260523,1,3,6.7,9,0,2,0.45,22,8,0.0,100.0
518,50,20260212,1,2,3.8,1,0,22,0.43,19,2,13.94,96.06
519,61,20261217,1,1,3.8,0,0,25,0.4,21,3,8.13,100.0
520,9,20260630,1,1,6.6,0,0,24,0.44,20,7,0.0,100.0
521,28,20260417,4,3,0.6,1,13,153,0.77,23,0,94.55,5.45
522,37,20260918,4,3,2.1,9,0,224,0.77,23,0,100.0,0.0
523,21,20260622,1,3,6.1,8,0,55,0.48,9,6,16.26,100.0
524,10,20261206,1,2,2.2,1,0,11,0.43,22,6,0.0,100.0
525,97,20260409,1,1,3.7,0,0,26,0.48,16,4,9.27,100.0
526,13,20260615,1,2,5.5,1,0,70,0.43,15,3,23.73,100.0
527,61,20260607,1,1,8.2,0,0,15,0.44,17,7,0.0,100.0
528,97,20260109,1,2,6.9,1,0,8,0.4,22,8,0.0,100.0
529,74,20260608,1,2,5.9,1,0,38,0.46,19,6,3.04,100.0
530,5,20260203,1,2,3.3,1,4,50,0.48,21,6,12.65,100.0
531,72,20261005,1,2,5.2,0,1,64,0.43,22,4,19.6,100.0
532,27,20260720,1,2,2.0,6,0,60,0.46,21,2,33.31,76.69
533,36,20260613,1,2,6.5,1,0,2,0.46,22,7,0.0,100.0
534,40,20260222,1,2,3.2,2,0,11,0.43,14,7,0.0,100.0
535,80,20260324,3,2,4.0,2,0,196,0.8,16,4,79.53,40.47
536,62,20260919,2,2,0.0,1,0,97,0.44,22,2,37.93,72.07
537,78,20260503,1,1,6.2,0,0,20,0.46,14,6,4.69,100.0
538,9,20260619,1,2,7.1,1,0,2,0.4,0,8,0.0,100.0
539,54,20260415,1,2,2.5,0,2,21,0.46,21,4,9.49,100.0
540,61,20260630,1,2,5.5,1,0,58,0.47,22,6,7.21,100.0
541,88,20260430,1,2,1.2,2,1,42,0.43,18,4,13.67,100.0
542,48,20261011,4,2,3.1,2,0,204,0.77,21,1,92.0,13.0
543,9,20261230,3,2,4.3,1,0,161,0.83,20,2,76.53,33.47
544,53,20260809,4,2,2.9,1,0,190,0.83,8,0,93.98,6.02
545,11,20260830,4,1,3.6,0,0,192,0.79,11,0,94.74,5.26
546,24,20260427,1,2,4.1,1,0,38,0.48,12,5,7.27,100.0
547,73,20260228,3,1,2.5,0,0,192,0.75,22,2,74.91,35.09
548,100,20261030,4,3,0.5,3,13,174,0.77,22,1,100.0,5.0
549,70,20260727,1,1,5.3,0,0,78,0.45,22,5,17.07,100.0
550,56,20261208,1,2,2.8,1,0,39,0.46,20,3,14.31,100.0
551,73,20260512,1,2,7.1,6,0,2,0.46,9,6,0.0,100.0
552,96,20260715,2,2,4.4,2,0,118,0.79,8,4,47.07,72.93
553,53,20260307,3,2,0.3,1,0,197,0.81,20,1,82.48,22.52
554,48,20260706,3,1,2.9,0,0,148,0.82,22,3,71.16,43.84
555,85,20260722,1,2,2.2,0,3,78,0.47,19,5,21.41,100.0
556,4,20261128,4,1,1.0,0,0,208,0.77,0,0,98.37,1.63
557,37,20261208,1,2,3.8,2,0,99,0.42,23,3,31.58,83.42
558,94,20260912,4,2,1.1,1,0,195,0.83,21,0,96.83,3.17
559,65,20260823,4,2,3.6,0,5,191,0.82,18,1,96.97,8.03
560,19,20260918,3,2,0.4,2,0,169,0.76,20,1,82.47,22.53
561,62,20261117,2,2,4.8,4,0,117,0.81,21,4,54.24,65.76
562,8,20261230,2,1,5.1,0,0,117,0.81,15,3,60.51,54.49
563,65,20260610,1,3,5.9,2,10,62,0.45,20,5,34.5,100.0
564,73,20261121,3,2,2.0,2,0,157,0.81,0,2,69.91,40.09
565,72,20261222,1,2,3.6,2,2,58,0.44,21,5,16.64,100.0
566,70,20260927,1,2,3.6,1,0,63,0.43,20,3,20.11,94.89
567,3,20260611,1,3,7.0,8,0,2,0.43,9,5,4.18,100.0
568,22,20260607,1,3,7.7,9,13,12,0.48,21,8,13.75,100.0
569,73,20261020,3,2,4.4,3,0,187,0.81,21,3,79.14,35.86
570,25,20260428,4,3,2.0,7,0,223,0.83,21,0,100.0,0.0
571,13,20261126,1,1,1.6,0,0,24,0.42,15,4,6.36,100.0
572,53,20260128,1,2,6.8,1,0,12,0.46,9,8,0.0,100.0
573,38,20260308,3,1,5.6,0,0,185,0.77,14,3,76.42,38.58
574,8,20260621,1,2,6.7,1,0,22,0.47,17,7,0.67,100.0
575,96,20260130,1,1,7.3,0,0,2,0.48,21,7,0.0,100.0
576,61,20260125,1,1,6.3,0,0,56,0.42,16,5,10.15,100.0
577,88,20260330,1,2,2.9,0,1,10,0.46,21,5,2.16,100.0
578,60,20260807,3,1,4.6,0,0,206,0.77,1,2,80.65,29.35
579,7,20260822,3,2,1.7,1,0,171,0.82,22,0,82.01,17.99
580,58,20261105,4,3,4.4,7,10,180,0.83,21,1,100.0,5.0
581,87,20261201,1,2,3.7,2,0,97,0.45,20,3,33.99,81.01
582,24,20260614,1,2,5.1,1,0,2,0.45,15,7,0.0,100.0
583,97,20260918,2,2,2.5,2,0,140,0.75,0,3,64.99,50.01
584,20,20260623,1,2,9.4,1,0,42,0.42,9,6,1.09,100.0
585,9,20260802,1,1,2.8,0,0,78,0.4,17,3,24.77,90.23
586,10,20260929,1,2,4.5,2,0,43,0.42,21,8,0.0,100.0
587,21,20260930,1,1,2.6,0,0,61,0.44,11,2,25.77,84.23
588,60,20261218,3,2,1.5,1,0,192,0.76,0,1,79.33,25.67
589,31,20260216,1,2,1.6,2,0,71,0.44,13,2,27.96,82.04
590,40,20261208,1,2,2.5,2,0,60,0.46,10,5,14.36,100.0
591,84,20261117,4,2,4.4,2,0,198,0.79,19,1,90.97,14.03
592,69,20260728,4,2,5.8,2,0,179,0.83,13,1,89.78,15.22
593,91,20261120,4,2,2.4,2,9,212,0.8,23,1,99.92,5.08
594,13,20261221,2,2,3.7,1,0,108,0.79,19,4,51.0,69.0
595,65,20260305,2,2,3.9,0,4,109,0.82,16,3,57.88,57.12
596,67,20260813,1,2,5.8,1,0,16,0.41,8,7,0.0,100.0
597,48,20260917,1,2,2.4,2,0,85,0.45,21,4,23.64,96.36
598,78,20260831,2,2,3.8,1,0,98,0.45,14,2,38.42,71.58
599,78,20260129,1,2,5.5,2,0,2,0.48,10,5,0.0,100.0
600,100,20260716,1,2,2.1,1,1,84,0.41,9,3,29.44,85.56
601,39,20261201,1,2,3.7,1,0,63,0.45,16,3,23.84,91.16
602,18,20260706,3,2,4.3,2,0,162,0.77,16,0,84.03,15.97
603,62,20260403,2,1,3.3,0,0,115,0.82,23,2,57.42,52.58
604,48,20260211,3,2,4.7,1,0,188,0.77,19,3,79.18,35.82
605,27,20261022,1,2,1.2,1,0,21,0.48,21,3,12.65,100.0
606,61,20260406,3,1,2.8,0,0,125,0.8,15,0,73.75,26.25
607,9,20260707,1,2,4.2,1,0,88,0.43,18,6,14.59,100.0
608,100,20260510,1,3,6.7,4,14,37,0.46,11,7,27.46,100.0
609,85,20260731,4,3,2.0,2,13,192,0.79,23,1,100.0,5.0
610,1,20260327,4,3,2.3,1,13,181,0.77,23,1,100.0,5.0
611,62,20260311,1,2,2.9,1,0,50,0.46,22,6,5.48,100.0
612,17,20260904,3,2,0.4,1,0,172,0.76,21,0,79.87,20.13
613,51,20260317,2,1,4.6,0,0,101,0.82,10,4,42.42,77.58
614,7,20260817,1,2,1.9,2,0,56,0.48,17,5,13.49,100.0
615,15,20260702,1,2,4.1,1,0,73,0.43,11,5,15.22,100.0
616,49,20260310,1,2,2.9,2,0,45,0.42,16,5,7.88,100.0
617,2,20261112,1,2,1.8,2,0,49,0.44,10,6,6.22,100.0
618,45,20260921,1,2,3.3,1,0,71,0.48,19,1,34.3,70.7
619,76,20260801,2,2,2.0,2,9,78,0.47,0,3,40.07,74.93
620,32,20260104,1,1,7.5,0,0,2,0.4,17,9,0.0,100.0
621,11,20260316,1,2,3.8,1,0,46,0.44,10,4,14.53,100.0
622,1,20260612,1,3,8.9,0,14,7,0.43,2,9,1.4,100.0
623,95,20260324,2,1,3.4,0,0,93,0.42,21,3,37.18,77.82
624,62,20261212,1,1,1.5,0,0,76,0.43,22,5,18.41,100.0
625,13,20261227,1,2,3.5,2,0,62,0.46,20,5,13.98,100.0
626,100,20261124,1,2,2.2,2,3,32,0.48,21,5,11.89,100.0
627,20,20261106,2,2,3.3,1,0,134,0.76,21,2,57.93,52.07
628,19,20260727,1,2,3.6,1,0,49,0.43,12,4,12.64,100.0
629,86,20260727,1,2,3.2,2,0,2,0.44,17,6,0.0,100.0
630,57,20260617,1,2,6.8,1,0,35,0.41,8,8,0.0,100.0
631,19,20261109,1,1,6.7,0,0,77,0.44,10,6,22.29,100.0
632,10,20260408,1,3,1.6,7,0,33,0.44,22,6,8.49,100.0
633,78,20260228,4,2,1.5,1,0,203,0.77,22,0,87.94,12.06
634,56,20260105,1,1,6.5,0,0,2,0.41,18,8,0.0,100.0
635,62,20260205,1,2,0.9,1,0,55,0.4,9,3,19.09,95.91
636,16,20261218,4,2,1.7,2,0,201,0.79,0,0,90.73,9.27
637,66,20260524,1,2,7.0,2,0,2,0.44,17,5,0.0,100.0
638,65,20260620,1,2,8.7,2,6,21,0.42,23,7,0.15,100.0
639,86,20261125,1,1,2.2,0,0,3,0.46,17,5,0.0,100.0
640,36,20260604,1,2,9.8,2,0,46,0.44,12,4,13.94,100.0
641,59,20260112,1,3,7.6,8,0,2,0.42,22,7,0.0,100.0
642,44,20260430,1,2,2.9,1,0,27,0.42,9,5,1.38,100.0
643,12,20260920,4,2,2.2,2,0,195,0.81,22,0,95.6,4.4
644,97,20260920,2,2,1.7,1,0,130,0.77,20,3,60.85,54.15
645,67,20260814,1,1,3.2,0,0,50,0.44,21,4,22.71,97.29
646,77,20260319,1,2,4.0,1,0,81,0.46,15,4,23.73,96.27
647,98,20261108,1,2,4.4,0,1,40,0.41,21,5,6.83,100.0
648,5,20261222,2,2,4.3,0,4,102,0.81,19,4,50.96,69.04
649,65,20260102,1,2,3.9,2,8,15,0.41,2,7,1.71,100.0
650,24,20261222,1,1,4.5,0,0,77,0.45,9,3,25.15,89.85
651,53,20260418,4,2,0.9,1,0,235,0.77,22,0,98.17,1.83
652,46,20260704,2,2,2.3,1,0,133,0.82,22,4,61.68,58.32
653,65,20260509,2,2,6.6,0,9,73,0.41,0,5,38.11,96.89
654,43,20260111,1,2,6.7,2,0,36,0.48,15,6,0.67,100.0
655,79,20260110,1,3,6.2,9,0,63,0.48,0,6,19.31,100.0
656,54,20261130,1,2,0.9,0,3,58,0.41,21,3,25.43,89.57
657,100,20261111,4,3,3.6,7,14,201,0.75,22,0,100.0,0.0
658,42,20261231,1,1,3.1,0,0,91,0.47,10,4,32.93,87.07
659,100,20260401,4,3,2.5,9,13,217,0.78,9,0,100.0,0.0
660,76,20260220,1,2,0.0,2,8,41,0.43,0,4,23.56,96.44
661,53,20260524,1,1,7.8,0,0,2,0.44,12,8,0.0,100.0
662,32,20260804,2,2,3.9,2,0,119,0.82,15,3,54.08,60.92
663,86,20261215,1,2,3.0,2,0,20,0.4,17,5,0.0,100.0
664,90,20261214,4,3,5.7,0,13,187,0.76,20,3,97.16,17.84
665,94,20260901,1,1,2.1,0,0,64,0.45,8,3,21.94,93.06
666,37,20260615,1,2,6.8,3,0,2,0.44,22,6,0.0,100.0
667,99,20260302,4,3,3.9,7,0,189,0.79,21,0,95.37,4.63
668,1,20260628,1,2,6.1,2,3,2,0.42,16,7,0.0,100.0
669,50,20261107,2,2,3.8,2,0,102,0.75,23,4,50.19,69.81
670,59,20260713,1,1,1.7,0,0,42,0.48,22,4,14.45,100.0
671,91,20261226,4,2,0.0,2,8,186,0.77,0,1,90.82,14.18
672,24,20260221,4,1,1.2,0,0,218,0.8,20,0,94.37,5.63
673,10,20260815,1,2,2.7,2,0,37,0.44,1,6,2.12,100.0
674,32,20260112,1,2,6.0,2,0,13,0.4,21,7,0.0,100.0
675,42,20260218,1,1,2.2,0,0,33,0.46,15,5,3.83,100.0
676,32,20260526,1,2,4.4,2,0,11,0.41,21,6,0.0,100.0
677,52,20261013,1,1,3.2,0,0,86,0.44,10,3,27.35,87.65
678,28,20260312,3,2,5.2,6,6,170,0.79,21,4,78.36,41.64
679,83,20260511,1,2,8.3,2,2,48,0.43,20,6,7.43,100.0
680,78,20260526,1,2,6.3,1,0,18,0.4,12,5,0.0,100.0
681,42,20260315,1,2,4.2,1,0,52,0.4,9,4,11.28,100.0
682,81,20260506,1,2,8.0,1,0,38,0.48,16,5,8.33,100.0
683,44,20260715,1,2,6.6,2,0,7,0.44,9,5,0.0,100.0
684,23,20260118,1,2,7.7,3,0,26,0.41,21,8,0.0,100.0
685,92,20261016,3,2,2.8,1,0,167,0.82,0,0,80.67,19.33
686,18,20260207,3,2,0.0,1,0,185,0.82,23,0,84.37,15.63
687,30,20260318,4,3,3.8,2,10,207,0.8,22,3,100.0,15.0
688,83,20260728,1,2,2.4,2,9,9,0.47,21,3,29.2,85.8
689,16,20260507,1,2,7.6,2,0,2,0.47,20,10,0.0,100.0
690,43,20260714,4,2,4.2,2,0,215,0.79,14,2,92.26,17.74
691,97,20261026,1,1,3.3,0,0,67,0.45,16,3,25.21,89.79
692,35,20260915,1,2,4.5,2,0,43,0.42,18,4,9.68,100.0
693,3,20260702,1,2,1.9,1,0,5,0.46,9,4,0.48,100.0
694,94,20260322,1,2,4.1,2,0,39,0.43,14,6,0.0,100.0
695,82,20260617,1,2,9.5,4,8,23,0.46,21,9,4.85,100.0
696,69,20260325,4,2,6.2,2,0,218,0.75,14,0,100.0,0.0
697,88,20260703,1,2,4.2,0,6,37,0.44,2,6,11.98,100.0
698,61,20260416,1,2,1.7,1,0,70,0.45,15,3,25.05,89.95
699,41,20260420,1,1,4.1,0,0,87,0.42,17,4,24.84,95.16
700,9,20260514,1,1,6.5,0,0,53,0.42,21,7,0.0,100.0
701,87,20260419,2,1,3.9,0,0,124,0.78,20,2,57.14,52.86
702,60,20260804,1,2,4.7,2,0,84,0.42,19,5,20.01,100.0
703,37,20260105,1,2,6.8,5,0,31,0.4,9,8,0.0,100.0
704,14,20260613,1,1,5.4,0,0,30,0.42,20,7,0.0,100.0
705,55,20260327,3,3,4.3,7,0,147,0.78,22,0,80.78,19.22
706,72,20261110,4,2,4.5,3,9,212,0.75,9,0,100.0,0.0
707,33,20260520,1,3,8.2,7,0,16,0.4,22,8,0.0,100.0
708,15,20260707,1,2,3.7,1,0,88,0.4,14,3,29.64,85.36
709,7,20260203,1,2,1.5,1,0,38,0.43,22,3,15.65,99.35
710,89,20261208,1,2,3.4,2,0,80,0.4,18,4,20.73,99.27
711,5,20260517,1,2,7.8,0,1,2,0.48,15,8,0.0,100.0
712,31,20261031,3,1,2.3,0,0,170,0.83,21,1,75.84,29.16
713,56,20261005,1,1,3.2,0,0,76,0.43,18,6,10.91,100.0
714,94,20261217,1,2,4.3,2,0,45,0.43,13,4,12.46,100.0
715,91,20260401,4,3,2.9,2,13,240,0.82,18,0,100.0,0.0
716,90,20260216,2,2,3.2,1,4,120,0.78,20,4,53.56,66.44
717,17,20260923,1,1,7.2,0,0,79,0.48,11,5,18.46,100.0
718,87,20260224,1,1,4.2,0,0,84,0.44,16,3,27.97,87.03
719,90,20261126,1,2,2.6,1,2,84,0.41,16,5,19.22,100.0
720,31,20260319,2,2,3.5,1,0,77,0.45,10,1,35.31,69.69
721,19,20260207,3,2,2.4,2,0,146,0.83,20,2,67.75,42.25
722,14,20261228,4,2,4.1,2,0,225,0.76,9,2,92.47,17.53
723,51,20260813,1,2,4.6,2,0,62,0.45,15,5,13.58,100.0
724,56,20261205,4,2,0.3,1,0,232,0.8,0,0,99.29,0.71
725,56,20261121,4,2,2.9,2,0,197,0.75,1,0,85.01,14.99
726,9,20260518,1,2,7.3,2,0,2,0.48,17,8,0.0,100.0
727,43,20261203,3,2,3.2,2,0,183,0.75,10,2,82.64,27.36
728,31,20260705,1,1,5.2,0,0,81,0.4,12,3,23.77,91.23
729,53,20260103,1,2,7.8,2,0,14,0.47,21,7,0.0,100.0
730,28,20260920,3,3,3.5,7,12,133,0.76,22,3,81.97,33.03
731,83,20260120,1,3,7.3,2,11,17,0.43,21,7,16.59,100.0
732,15,20260507,1,2,6.0,1,0,2,0.41,13,7,0.0,100.0
733,87,20260523,1,2,8.0,2,0,33,0.4,23,6,0.0,100.0
734,82,20260211,4,2,4.3,6,6,187,0.78,21,2,93.49,16.51
735,28,20260125,1,2,8.8,3,1,39,0.45,23,8,0.0,100.0
736,12,20260105,1,2,7.4,1,0,2,0.4,21,5,0.0,100.0
737,16,20261027,1,2,3.7,2,0,62,0.46,19,4,18.16,100.0
738,49,20261206,1,2,4.3,2,0,64,0.44,17,4,17.63,100.0
739,82,20260521,2,3,6.7,9,12,70,0.47,23,5,43.67,91.33
740,90,20260923,1,2,6.1,2,1,75,0.4,18,6,13.29,100.0
741,91,20260618,1,2,5.5,1,1,25,0.43,16,6,0.42,100.0
742,95,20260901,1,1,2.3,0,0,54,0.48,20,4,14.97,100.0
743,79,20261123,1,3,1.6,8,0,63,0.45,21,4,24.48,95.52
744,26,20260119,1,3,7.9,7,12,2,0.45,22,7,13.59,100.0
745,61,20260621,1,1,6.2,0,0,40,0.47,17,7,5.1,100.0
746,58,20260805,4,3,3.6,9,12,199,0.75,23,0,100.0,0.0
747,59,20260320,2,1,1.2,0,0,150,0.77,23,2,63.16,46.84
748,53,20260913,4,2,4.3,2,0,188,0.76,9,0,90.69,9.31
749,40,20260724,3,2,2.2,1,0,152,0.81,21,0,75.08,24.92
750,64,20260610,1,1,5.9,0,0,17,0.41,12,8,0.0,100.0
751,75,20260626,1,3,8.2,8,5,2,0.4,23,9,0.0,100.0
752,4,20260402,1,2,5.6,2,0,33,0.44,20,4,9.04,100.0
753,9,20260421,1,2,2.0,2,0,44,0.43,15,4,11.4,100.0
754,78,20260922,1,2,4.1,2,0,75,0.47,15,2,30.5,79.5
755,3,20260702,1,2,2.5,2,0,70,0.46,9,3,24.8,90.2
756,26,20261205,4,3,3.2,1,13,218,0.78,2,0,100.0,0.0
757,78,20260722,1,1,3.4,0,0,71,0.46,11,4,18.74,100.0
758,75,20260404,4,3,0.0,1,13,185,0.8,22,0,100.0,0.0
759,27,20260103,1,3,5.9,9,0,2,0.45,22,8,0.0,100.0
760,31,20260201,2,2,4.2,2,0,115,0.8,9,5,42.69,82.31
761,94,20260723,3,1,4.0,0,0,149,0.83,9,2,74.57,35.43
762,66,20260108,1,1,5.3,0,0,31,0.42,18,6,0.0,100.0
763,45,20260429,1,2,1.9,2,0,59,0.44,19,4,17.44,100.0
764,100,20261028,3,2,3.2,6,7,150,0.83,9,3,79.91,35.09
765,26,20260518,1,3,6.1,8,1,24,0.45,23,6,1.07,100.0
766,91,20261017,4,3,1.9,2,14,224,0.77,2,1,100.0,5.0
767,96,20261127,3,2,0.2,2,0,188,0.79,20,0,84.88,15.12
768,18,20260504,1,1,5.8,0,0,2,0.4,18,5,0.0,100.0
769,87,20260913,4,2,3.5,1,0,178,0.81,18,1,85.77,19.23
770,90,20260629,1,2,6.5,2,3,56,0.46,20,6,11.15,100.0
771,71,20260711,3,1,1.8,0,0,162,0.83,23,1,75.22,29.78
772,21,20260806,1,2,3.5,2,0,73,0.4,11,3,22.06,92.94
773,73,20260804,1,2,3.7,1,0,37,0.4,21,5,5.68,100.0
774,99,20261031,4,2,2.6,2,0,262,0.8,2,0,100.0,0.0
775,63,20261121,3,2,0.8,1,0,172,0.8,23,0,80.26,19.74
776,33,20260912,4,3,1.4,8,0,214,0.78,2,2,92.37,17.63
777,6,20260308,1,2,3.9,1,0,77,0.4,22,5,23.97,100.0
778,22,20260408,4,3,1.8,9,6,189,0.82,11,0,100.0,0.0
779,52,20261016,3,2,2.0,1,0,185,0.75,21,0,82.75,17.25
780,11,20260402,1,2,1.8,2,0,92,0.47,14,4,27.4,92.6
781,64,20260217,1,2,3.4,1,0,62,0.41,12,5,10.27,100.0
782,16,20261219,3,2,3.2,2,0,205,0.81,0,2,80.9,29.1
783,42,20261018,1,2,3.7,2,0,19,0.4,15,4,2.01,100.0
784,65,20261005,1,2,0.7,2,2,27,0.41,16,4,10.86,100.0
785,12,20260311,1,2,3.7,2,0,64,0.45,18,3,24.02,90.98
786,85,20260801,4,3,0.7,1,11,233,0.8,0,0,100.0,0.0
787,70,20261227,1,1,2.9,0,0,57,0.47,21,4,15.13,100.0
788,52,20260206,3,2,1.1,2,0,155,0.81,20,2,77.37,32.63
789,44,20260831,1,2,4.7,2,0,55,0.48,22,5,11.7,100.0
790,47,20260503,1,1,8.3,0,0,41,0.44,20,9,0.0,100.0
791,12,20261107,3,2,1.4,1,0,146,0.78,0,0,80.58,19.42
792,15,20260720,3,2,2.8,1,0,172,0.82,8,1,83.78,21.22
793,48,20260605,1,1,6.9,0,0,73,0.42,2,6,8.78,100.0
794,32,20261027,1,2,2.7,1,0,82,0.4,18,5,18.12,100.0
795,99,20260426,1,2,3.6,1,0,48,0.47,23,4,12.6,100.0
796,8,20260326,1,1,3.5,0,0,87,0.41,15,3,28.2,86.8
797,1,20260127,1,2,7.1,0,2,76,0.4,15,6,13.02,100.0
798,37,20261128,4,3,0.6,8,0,228,0.81,2,0,100.0,0.0
799,90,20261216,1,2,3.5,0,4,96,0.41,17,4,30.88,89.12
800,39,20260716,1,1,3.2,0,0,60,0.48,20,3,24.57,90.43
801,89,20261113,4,1,1.7,0,0,218,0.77,23,0,100.0,0.0
802,89,20260721,1,1,5.7,0,0,63,0.48,21,4,20.68,99.32
803,59,20260722,1,2,5.3,2,0,49,0.43,22,7,1.35,100.0
804,54,20261104,4,3,4.0,7,9,158,0.79,22,2,87.91,22.09
805,3,20260912,4,2,1.2,4,0,176,0.77,22,0,89.79,10.21
806,62,20260219,1,1,1.7,0,0,43,0.45,21,4,11.29,100.0
807,94,20261212,4,2,1.7,1,0,199,0.77,22,0,88.93,11.07
808,9,20261006,1,2,4.2,1,0,58,0.43,22,4,16.46,100.0
809,87,20260715,1,2,4.6,1,0,78,0.41,22,3,26.5,88.5
810,53,20260709,1,2,3.3,1,0,71,0.47,10,5,16.91,100.0
811,100,20260510,1,3,6.0,5,14,18,0.45,22,6,26.12,100.0
812,96,20260628,1,2,6.0,1,0,15,0.48,15,7,0.0,100.0
813,85,20260104,1,2,6.1,2,7,3,0.48,21,7,8.78,100.0
814,25,20260104,1,3,6.3,9,0,30,0.41,22,6,5.37,100.0
815,10,20261020,1,3,4.0,8,0,51,0.47,22,6,15.82,100.0
816,50,20260127,1,2,5.7,2,0,50,0.41,18,6,4.19,100.0
817,95,20260209,2,2,3.6,2,0,130,0.82,16,3,63.08,51.92
818,56,20260820,2,1,1.6,0,0,114,0.79,21,3,52.32,62.68
819,36,20260505,1,2,7.2,2,0,2,0.48,13,8,0.0,100.0
820,3,20261001,3,2,3.1,3,0,144,0.83,23,1,77.76,27.24
821,76,20260322,1,2,1.1,2,2,7,0.44,20,4,2.89,100.0
822,51,20260125,1,2,6.0,1,0,28,0.4,13,6,0.0,100.0
823,29,20260118,1,2,6.9,1,0,3,0.47,10,8,0.0,100.0
824,24,20260423,2,2,3.6,1,0,102,0.77,15,2,51.7,58.3
825,26,20260530,1,3,7.2,3,14,21,0.47,23,6,28.5,100.0
826,56,20260512,1,2,6.4,2,0,2,0.46,22,6,0.0,100.0
827,51,20260315,1,2,4.5,2,0,26,0.41,8,5,0.55,100.0
828,6,20260724,2,1,1.0,0,0,102,0.76,22,4,40.65,79.35
829,45,20260907,1,1,2.6,0,0,53,0.48,22,3,20.0,95.0
830,29,20260410,2,2,2.0,2,0,132,0.83,22,2,60.39,49.61
831,56,20260929,1,2,1.9,1,0,72,0.4,22,2,28.33,81.67
832,99,20260118,1,3,9.0,9,0,2,0.41,22,7,0.0,100.0
833,88,20261110,1,2,1.9,1,9,30,0.45,15,4,30.9,89.1
834,86,20261221,1,2,4.8,2,0,65,0.46,21,5,22.91,100.0
835,83,20260311,1,2,5.2,0,1,22,0.42,18,5,3.36,100.0
836,52,20261125,1,2,3.3,2,0,86,0.44,12,3,26.93,88.07
837,27,20260617,1,3,4.9,8,0,29,0.44,9,6,6.8,100.0
838,24,20260114,1,2,5.0,1,0,63,0.4,15,4,22.83,100.0
839,19,20260920,3,1,3.4,0,0,135,0.81,14,3,65.84,49.16
840,9,20261028,1,2,4.4,1,0,77,0.47,19,4,31.58,88.42
841,20,20260916,3,1,3.5,0,0,139,0.76,11,1,75.41,29.59
842,55,20260122,1,3,7.4,9,0,62,0.41,9,6,14.4,100.0
843,70,20260120,1,1,4.9,0,0,31,0.43,16,5,10.55,100.0
844,45,20260704,3,2,1.3,2,0,149,0.81,1,1,76.72,28.28
845,76,20260430,1,2,6.2,1,2,7,0.41,16,7,0.0,100.0
846,44,20260101,1,2,6.4,4,0,2,0.41,23,7,0.0,100.0
847,28,20260423,1,2,5.1,2,1,37,0.4,11,6,1.74,100.0
848,53,20260422,1,2,3.8,2,0,53,0.41,11,6,2.95,100.0
849,45,20261231,3,2,2.0,2,0,146,0.78,21,0,81.09,18.91
850,47,20260127,1,1,6.4,0,0,23,0.44,22,8,0.0,100.0
851,10,20261212,1,2,2.4,1,0,54,0.46,0,6,6.9,100.0
852,6,20261113,2,1,1.0,0,0,106,0.82,22,2,62.47,47.53
853,16,20261014,1,2,2.7,1,0,72,0.47,20,4,20.88,99.12
854,73,20261213,3,3,5.4,7,0,166,0.76,21,3,71.22,43.78
855,51,20261114,3,2,0.0,1,0,165,0.77,20,1,74.91,30.09
856,24,20260626,1,1,7.3,0,0,11,0.43,21,7,0.0,100.0
857,19,20260912,3,1,1.3,0,0,120,0.78,22,2,65.73,44.27
858,25,20260118,1,3,6.0,7,0,40,0.44,21,4,11.74,100.0
859,92,20260407,1,2,3.9,2,0,63,0.46,22,3,22.14,92.86
860,68,20261210,4,1,3.8,0,0,227,0.79,14,0,100.0,0.0
861,88,20260807,1,2,1.1,1,5,89,0.4,23,4,30.48,89.52
862,19,20260107,1,1,5.8,0,0,44,0.48,14,5,18.69,100.0
863,97,20260825,1,2,2.5,2,0,70,0.44,21,5,17.06,100.0
864,41,20261024,3,2,0.5,2,0,148,0.79,23,1,78.47,26.53
865,54,20261007,1,2,3.8,0,3,52,0.45,21,3,24.21,90.79
866,15,20261128,4,1,2.1,0,0,180,0.78,21,0,91.18,8.82
867,55,20260115,1,3,6.0,9,0,13,0.41,22,7,0.0,100.0
868,2,20261229,1,1,3.1,0,0,70,0.46,8,3,24.88,90.12
869,87,20260401,3,2,4.2,2,0,187,0.75,20,2,83.74,26.26
870,64,20260521,1,1,6.8,0,0,37,0.42,9,6,9.86,100.0
871,19,20260913,2,1,3.0,0,0,99,0.44,15,1,51.04,53.96
872,52,20261224,1,1,5.0,0,0,80,0.4,9,3,27.34,87.66
873,96,20260531,1,2,7.2,1,0,41,0.42,13,7,5.44,100.0
874,76,20260325,1,3,1.9,1,11,28,0.46,15,5,28.23,96.77
875,57,20260416,1,1,5.4,0,0,66,0.46,11,4,19.01,100.0
876,87,20261206,1,2,3.8,2,0,71,0.43,19,5,16.27,100.0
877,83,20260724,1,2,0.7,2,9,25,0.42,2,2,26.51,83.49
878,66,20260918,3,2,2.0,2,0,172,0.8,0,2,79.85,30.15
879,11,20261003,4,1,1.5,0,0,211,0.79,22,0,100.0,0.0
880,31,20260824,2,1,4.8,0,0,109,0.77,12,3,48.92,66.08
881,10,20260226,1,1,5.7,0,0,2,0.4,11,8,0.0,100.0
882,56,20260323,1,2,2.8,2,0,40,0.48,18,5,7.18,100.0
883,97,20260408,3,2,2.3,1,0,123,0.78,18,1,71.24,33.76
884,39,20260822,4,2,2.7,2,0,188,0.76,2,0,85.57,14.43
885,88,20260827,1,2,2.6,0,5,66,0.41,18,5,29.94,95.06
886,41,20261222,1,2,2.3,1,0,52,0.47,21,3,19.44,95.56
887,67,20260828,2,1,0.2,0,0,80,0.47,21,0,40.79,59.21
888,66,20260717,4,2,0.5,2,0,232,0.77,1,0,100.0,0.0
889,24,20260312,4,2,0.8,1,0,199,0.8,11,0,97.38,2.62
890,19,20260619,1,2,6.2,1,0,9,0.45,21,8,0.0,100.0
891,6,20260614,1,2,7.2,2,0,22,0.46,17,8,0.0,100.0
892,30,20260504,1,2,8.0,0,4,28,0.43,18,8,0.0,100.0
893,74,20260502,1,2,7.9,2,0,2,0.43,1,6,0.0,100.0
894,98,20261009,4,3,3.2,0,11,171,0.79,2,1,93.92,11.08
895,62,20261207,1,2,1.6,1,0,34,0.43,9,7,0.0,100.0
896,3,20260210,1,1,2.7,0,0,44,0.45,9,2,21.47,88.53
897,37,20260820,1,2,3.9,1,0,52,0.46,21,6,6.24,100.0
898,76,20261210,1,3,5.5,2,12,27,0.41,20,7,18.6,100.0
899,71,20260208,1,2,3.0,1,0,85,0.41,21,5,18.62,100.0
900,41,20260909,1,2,2.6,2,0,63,0.4,15,2,24.4,85.6
901,20,20260820,1,1,2.9,0,0,65,0.45,15,3,24.75,90.25
902,40,20260207,3,2,0.1,2,0,124,0.77,20,0,66.14,33.86
903,73,20260627,1,2,7.0,5,0,2,0.44,1,8,0.0,100.0
904,56,20260604,1,2,4.0,1,0,2,0.47,20,5,0.0,100.0
905,58,20260514,1,3,8.4,9,2,26,0.46,21,7,0.0,100.0
906,50,20261207,1,1,3.5,0,0,67,0.42,19,3,22.73,92.27
907,32,20260516,1,2,6.0,1,0,2,0.43,23,7,0.0,100.0
908,67,20260508,1,1,7.7,0,0,11,0.48,22,7,0.62,100.0
909,54,20260914,2,3,3.1,9,14,90,0.4,9,4,51.9,68.1
910,38,20260410,4,1,1.1,0,0,200,0.81,20,0,88.48,11.52
911,84,20260907,1,2,4.9,1,0,48,0.45,19,5,7.95,100.0
912,60,20260529,1,2,7.1,1,0,45,0.4,22,7,0.0,100.0
913,67,20260121,1,2,6.7,2,0,13,0.42,10,8,0.0,100.0
914,100,20260108,1,2,5.7,4,4,33,0.47,22,4,17.73,100.0
915,26,20260305,2,2,3.7,2,2,100,0.43,23,2,41.65,68.35
916,35,20261101,4,2,4.3,1,0,179,0.75,18,0,87.26,12.74
917,61,20260124,1,2,7.7,1,0,50,0.43,0,7,8.82,100.0
918,84,20260601,1,2,8.2,1,0,2,0.42,16,10,0.0,100.0
919,65,20260509,1,2,7.6,0,7,2,0.48,23,8,3.21,100.0
920,45,20260328,2,2,1.9,1,0,114,0.75,0,1,58.3,46.7
921,91,20260521,1,3,6.2,2,10,2,0.4,15,8,5.43,100.0
922,56,20260614,1,2,5.4,1,0,52,0.43,17,5,8.82,100.0
923,91,20261115,1,2,4.7,0,2,71,0.41,20,6,12.16,100.0
924,39,20261114,4,2,1.4,2,0,216,0.8,22,0,95.22,4.78
925,22,20261122,1,2,3.7,1,1,50,0.4,23,4,14.6,100.0
926,98,20260716,1,2,3.5,0,3,32,0.43,16,4,11.13,100.0
927,27,20260201,1,2,4.0,2,0,2,0.42,23,6,0.0,100.0
928,5,20261107,4,3,2.4,0,13,204,0.8,0,1,100.0,5.0
929,80,20261220,1,2,1.6,2,0,58,0.43,20,5,12.73,100.0
930,60,20260427,1,2,4.6,1,0,52,0.45,15,5,12.25,100.0
931,44,20260228,1,2,1.7,1,0,38,0.4,23,5,4.23,100.0
932,36,20260930,1,2,4.2,1,0,67,0.41,15,2,25.55,84.45
933,25,20261217,2,2,1.6,2,0,79,0.44,21,1,36.66,68.34
934,92,20260122,1,2,7.4,2,0,2,0.4,15,7,0.0,100.0
935,20,20260119,1,2,7.7,1,0,2,0.48,11,6,0.0,100.0
936,74,20261114,4,1,2.9,0,0,209,0.81,22,0,90.54,9.46
937,6,20260626,1,1,6.9,0,0,2,0.42,23,8,0.0,100.0
938,82,20260106,1,2,6.8,3,2,3,0.4,22,6,0.0,100.0
939,93,20260302,3,3,4.5,8,12,129,0.83,21,3,80.76,34.24
940,37,20260525,1,3,5.6,7,0,2,0.47,22,7,0.0,100.0
941,83,20260123,1,2,4.9,1,6,25,0.42,22,5,16.69,100.0
942,87,20260825,1,2,1.4,1,0,38,0.4,17,6,1.49,100.0
943,100,20260402,1,2,2.4,2,2,45,0.4,21,5,9.21,100.0
944,96,20260918,4,2,0.7,1,0,204,0.79,20,0,98.15,1.85
945,3,20260529,1,3,8.0,7,0,68,0.41,22,5,12.37,100.0
946,61,20260320,2,2,2.6,2,0,121,0.8,0,2,57.51,52.49
947,58,20260321,4,2,0.0,2,9,214,0.77,0,0,100.0,0.0
948,38,20260806,1,2,3.0,2,0,44,0.43,11,3,15.82,99.18
949,18,20260407,1,1,2.4,0,0,97,0.43,18,2,34.72,75.28
950,30,20261105,4,2,3.0,1,7,208,0.78,19,1,100.0,5.0
951,54,20260705,1,2,3.2,0,3,38,0.44,21,5,8.62,100.0
952,8,20260102,1,2,5.6,1,0,72,0.43,23,2,29.4,90.6
953,7,20260123,1,2,6.9,2,0,28,0.42,23,6,4.11,100.0
954,1,20260815,4,3,1.4,1,14,166,0.76,0,0,99.54,0.46
955,93,20260209,4,3,4.5,7,11,184,0.8,21,3,96.45,18.55
956,29,20260902,1,2,1.8,1,0,91,0.45,11,3,32.16,82.84
957,33,20260622,1,3,6.1,9,0,2,0.4,22,7,0.0,100.0
958,99,20261229,1,2,2.8,2,0,82,0.46,14,2,31.99,78.01
959,38,20260111,1,2,9.0,2,0,21,0.43,13,6,0.0,100.0
960,38,20260908,1,2,3.4,1,0,58,0.44,8,5,11.97,100.0
961,98,20261217,1,2,2.3,2,4,70,0.48,21,4,28.78,91.22
962,84,20260815,3,2,0.0,2,0,193,0.75,23,1,79.18,25.82
963,35,20260828,3,1,1.3,0,0,169,0.75,1,1,72.56,32.44
964,41,20260106,1,2,8.7,2,0,38,0.45,18,5,6.83,100.0
965,36,20260308,3,2,2.5,2,0,164,0.8,8,1,84.09,20.91
966,95,20261010,3,2,0.6,2,0,133,0.79,23,1,66.47,38.53
967,48,20261118,3,2,2.9,2,0,180,0.77,18,2,82.63,27.37
968,84,20261031,3,2,1.9,2,0,191,0.76,22,2,76.05,33.95
969,6,20261104,2,1,4.1,0,0,129,0.75,17,4,55.58,64.42
970,100,20261112,1,2,1.7,2,4,60,0.48,21,5,21.18,100.0
971,100,20261208,1,2,2.9,0,3,97,0.46,22,4,31.63,88.37
972,89,20260503,1,1,4.6,0,0,15,0.41,18,8,0.0,100.0
973,50,20260624,1,2,6.6,1,0,23,0.4,22,5,1.49,100.0
974,86,20261115,1,2,1.9,1,0,2,0.46,21,3,4.0,100.0
975,8,20260513,1,1,7.1,0,0,2,0.48,17,7,0.0,100.0
976,23,20260414,1,2,1.9,2,0,44,0.45,22,6,4.86,100.0
977,58,20260708,2,2,5.9,2,1,102,0.75,22,5,38.21,86.79
978,70,20260511,1,2,8.8,2,0,53,0.47,19,7,2.1,100.0
979,89,20260420,1,2,2.3,1,0,57,0.47,15,4,16.71,100.0
980,66,20260827,4,2,4.0,1,0,177,0.8,15,0,91.49,8.51
981,36,20260324,4,2,3.8,2,0,234,0.78,15,0,100.0,0.0
982,29,20260215,1,2,5.9,2,0,49,0.43,12,6,3.31,100.0
983,45,20260730,1,1,2.8,0,0,78,0.43,17,2,32.49,77.51
984,58,20260530,1,2,7.7,4,7,2,0.4,22,7,4.03,100.0
985,51,20261005,1,2,4.1,1,0,84,0.42,13,5,19.53,100.0
986,52,20261226,4,2,2.3,1,0,211,0.81,22,0,91.58,8.42
987,20,20261014,2,1,1.4,0,0,109,0.8,12,2,54.1,55.9
988,50,20260221,3,2,1.8,1,0,172,0.83,1,1,79.8,25.2
989,22,20260715,1,2,2.5,1,2,81,0.44,14,3,31.87,83.13
990,41,20261213,2,2,3.9,1,0,104,0.8,19,3,55.49,59.51
991,15,20260813,1,2,4.9,1,0,62,0.48,13,2,26.98,83.02
992,90,20260208,1,2,3.1,2,1,60,0.46,22,5,12.56,100.0
993,100,20260518,1,2,6.2,4,2,53,0.45,21,7,3.06,100.0
994,94,20260331,1,2,3.2,2,0,81,0.45,13,3,28.01,86.99
995,53,20261014,1,2,3.8,2,0,98,0.43,12,4,28.61,91.39
996,72,20261005,1,2,3.3,0,2,34,0.41,22,5,8.05,100.0
997,38,20260223,1,1,3.9,0,0,48,0.41,12,5,5.99,100.0
998,39,20261017,4,1,1.6,0,0,194,0.79,23,0,87.64,12.36
999,44,20260420,1,2,1.8,1,0,33,0.46,22,3,13.48,100.0
1000,23,20260816,1,2,3.0,2,0,42,0.44,9,5,8.91,100.0
1001,50,20260818,2,2,3.7,1,0,127,0.77,21,2,64.23,45.77
1002,34,20261010,3,1,1.6,0,0,153,0.8,0,0,76.78,23.22
1003,64,20261110,4,1,2.5,0,0,201,0.81,14,2,89.34,20.66
1004,89,20260223,1,1,5.2,0,0,68,0.48,19,4,21.76,98.24
1005,39,20260704,3,1,0.0,0,0,130,0.83,23,1,72.37,32.63
1006,41,20261212,4,2,0.7,1,0,202,0.76,23,0,88.06,11.94
1007,47,20260730,1,2,4.7,2,0,42,0.47,19,3,15.41,99.59
1008,45,20260427,1,1,2.0,0,0,41,0.46,20,2,19.44,90.56
1009,42,20261227,2,1,3.4,0,0,102,0.81,14,2,53.93,56.07
1010,34,20260102,1,3,7.4,9,0,2,0.47,22,7,0.0,100.0
1011,92,20260208,1,1,5.5,0,0,98,0.42,20,4,27.33,92.67
1012,63,20261119,1,1,1.5,0,0,55,0.48,18,1,28.58,76.42
1013,66,20261120,4,1,1.3,0,0,234,0.79,23,0,97.07,2.93
1014,51,20260924,1,2,2.4,2,0,84,0.48,8,3,31.22,83.78
1015,15,20260821,3,1,0.0,0,0,131,0.81,20,1,66.07,38.93
1016,76,20260728,2,3,4.0,2,13,70,0.48,17,6,40.38,89.62
1017,67,20260419,1,2,3.8,2,0,27,0.44,8,4,6.56,100.0
1018,84,20260316,1,2,3.4,1,0,49,0.44,15,6,5.87,100.0
1019,94,20260906,3,1,2.5,0,0,180,0.79,9,1,84.72,20.28
1020,59,20260523,1,3,6.8,7,0,2,0.47,0,8,0.0,100.0
1021,49,20260208,1,1,3.6,0,0,50,0.43,15,7,1.31,100.0
1022,41,20260327,4,2,1.2,1,0,171,0.79,0,0,87.1,12.9
1023,34,20260701,1,2,5.0,2,0,90,0.48,22,4,27.45,92.55
1024,72,20260727,1,2,5.3,0,1,49,0.44,22,5,10.27,100.0
1025,75,20260723,3,2,5.0,6,8,115,0.8,23,2,77.18,32.82
1026,29,20260122,1,2,7.7,2,0,25,0.42,9,8,0.0,100.0
1027,77,20261227,1,2,3.2,2,0,62,0.43,17,4,17.04,100.0
1028,26,20260215,1,2,3.0,0,4,33,0.41,14,4,12.34,100.0
1029,50,20260912,1,2,2.3,1,0,95,0.4,23,4,33.26,86.74
1030,95,20260715,1,2,2.9,2,0,66,0.42,20,3,22.39,92.61
1031,34,20260718,3,2,1.7,1,0,164,0.83,23,1,74.65,30.35
1032,30,20260127,1,2,9.3,0,2,2,0.4,20,10,0.0,100.0
1033,25,20261226,3,1,0.2,0,0,153,0.75,1,0,72.31,27.69
1034,66,20260619,1,2,7.3,2,0,28,0.47,23,7,0.0,100.0
1035,80,20260906,3,1,5.8,0,0,187,0.8,16,2,84.49,25.51
1036,43,20261102,1,2,2.3,2,0,82,0.47,8,2,33.02,76.98
1037,1,20260126,1,2,8.7,2,1,19,0.46,18,7,0.0,100.0
1038,71,20260216,1,1,4.2,0,0,74,0.48,22,5,16.86,100.0
1039,30,20261022,2,2,3.4,1,2,125,0.75,22,5,46.67,78.33
1040,66,20261030,3,2,0.7,2,0,155,0.76,22,0,83.84,16.16
1041,33,20261006,1,2,3.5,1,0,77,0.4,22,4,18.29,100.0
1042,79,20261113,2,3,0.3,8,0,81,0.47,23,2,42.68,67.32
1043,97,20260320,2,1,2.0,0,0,114,0.78,1,2,54.11,55.89
1044,70,20261102,1,2,5.0,1,0,68,0.42,18,4,17.35,100.0
1045,22,20260309,1,2,3.8,1,1,85,0.46,22,5,21.12,100.0
1046,71,20260228,3,2,3.0,2,0,169,0.82,0,1,77.83,27.17
1047,13,20260910,1,1,3.6,0,0,74,0.41,20,4,17.85,100.0
1048,76,20260529,1,2,6.5,1,7,43,0.41,0,7,6.55,100.0
1049,30,20260127,1,2,7.8,2,1,5,0.47,22,8,0.0,100.0
1050,18,20260601,1,2,7.7,1,0,20,0.46,22,7,0.0,100.0
1051,65,20260320,3,2,0.8,0,5,183,0.76,23,1,84.78,20.22
1052,96,20261025,3,2,2.2,2,0,172,0.81,15,1,83.89,21.11
1053,62,20261014,1,1,4.6,0,0,38,0.43,22,6,1.2,100.0
1054,88,20260913,1,2,4.0,0,8,65,0.44,20,5,34.16,90.84
1055,99,20260517,1,2,8.9,4,0,74,0.44,21,4,20.72,100.0
1056,90,20260503,1,2,9.0,0,7,53,0.46,15,9,12.66,100.0
1057,6,20260528,1,1,7.7,0,0,31,0.46,16,8,0.17,100.0
1058,60,20260919,4,2,1.8,2,0,225,0.75,1,0,92.71,7.29
1059,94,20260502,1,2,9.1,1,0,25,0.43,22,5,0.9,100.0
1060,24,20261025,4,2,3.7,2,0,195,0.83,8,0,96.56,3.44
1061,99,20261121,4,2,1.8,2,0,251,0.81,22,0,100.0,0.0
1062,11,20261128,4,2,2.0,1,0,162,0.77,22,0,86.8,13.2
1063,98,20260913,4,3,3.1,0,13,148,0.75,19,2,89.96,20.04
1064,59,20260818,4,2,3.0,5,0,214,0.8,23,0,100.0,0.0
1065,58,20260719,1,2,6.0,1,3,70,0.45,9,6,16.39,100.0
1066,18,20261106,4,2,3.3,2,0,194,0.75,22,0,86.07,13.93
1067,17,20261223,1,2,5.5,1,0,66,0.45,10,7,5.79,100.0
1068,53,20260203,1,2,3.2,2,0,64,0.46,13,5,12.77,100.0
1069,18,20261205,3,1,1.0,0,0,147,0.78,23,1,69.07,35.93
1070,79,20260821,1,2,2.9,1,0,76,0.41,23,3,23.41,91.59
1071,13,20261019,4,2,1.4,1,0,232,0.81,21,0,100.0,0.0
1072,57,20260306,1,1,2.7,0,0,85,0.44,20,4,24.77,95.23
1073,63,20260929,2,2,3.8,2,0,102,0.82,21,3,49.78,65.22
1074,20,20261110,4,2,4.1,2,0,204,0.8,9,0,98.28,1.72
1075,4,20261008,4,2,3.2,2,0,215,0.8,17,0,100.0,0.0
1076,38,20260127,1,2,7.1,2,0,28,0.41,14,7,0.0,100.0
1077,50,20260408,2,2,2.3,1,0,94,0.47,18,2,44.08,65.92
1078,33,20260606,1,3,5.7,8,0,30,0.44,22,6,0.0,100.0
1079,37,20260908,1,2,5.0,1,0,97,0.43,11,5,23.9,100.0
1080,50,20260612,1,2,4.1,2,0,21,0.41,23,5,0.0,100.0
1081,68,20261124,1,2,2.6,1,0,85,0.42,15,4,22.08,97.92
1082,92,20261108,2,2,4.4,1,0,92,0.44,19,2,36.1,73.9
1083,14,20260602,1,2,7.6,2,0,20,0.46,8,8,0.0,100.0
1084,83,20260705,1,2,0.8,2,4,25,0.42,21,3,16.17,98.83
1085,9,20260707,1,2,3.3,2,0,2,0.41,18,8,0.0,100.0
1086,9,20260714,3,1,2.7,0,0,130,0.83,16,3,66.65,48.35
1087,30,20260106,1,2,5.1,1,1,21,0.47,20,7,0.0,100.0
1088,54,20261121,3,3,1.1,0,12,133,0.83,0,1,84.23,20.77
1089,36,20261229,2,1,3.1,0,0,103,0.77,11,1,56.22,48.78
1090,30,20260730,1,2,3.4,0,2,42,0.45,15,7,3.21,100.0
1091,13,20260215,1,2,5.4,2,0,21,0.42,21,5,0.14,100.0
1092,95,20260523,1,2,5.2,2,0,51,0.41,22,5,6.67,100.0
1093,37,20260414,1,2,4.7,2,0,55,0.44,22,6,6.06,100.0
1094,17,20260126,1,2,6.7,1,0,8,0.4,14,5,0.0,100.0
1095,23,20260323,1,2,0.9,2,0,18,0.4,22,5,0.0,100.0
1096,83,20261004,1,2,5.7,0,1,10,0.46,17,4,6.39,100.0
1097,92,20260525,1,2,7.7,1,0,38,0.48,21,6,4.04,100.0
1098,88,20261125,1,2,6.0,2,3,38,0.45,18,6,6.59,100.0
1099,9,20260226,1,1,3.5,0,0,8,0.47,22,6,0.0,100.0
1100,85,20260109,1,2,7.4,1,9,52,0.43,1,6,16.74,100.0
1101,4,20260404,4,2,2.4,2,0,187,0.81,22,0,85.65,14.35
1102,37,20260728,4,2,2.8,5,0,205,0.82,11,1,96.69,8.31
1103,39,20260929,1,2,2.1,1,0,37,0.44,17,5,3.68,100.0
1104,90,20260929,1,2,0.8,1,2,57,0.43,20,3,23.12,91.88
1105,81,20261205,4,1,1.7,0,0,207,0.77,23,0,89.53,10.47
1106,91,20260626,1,2,6.7,2,6,21,0.46,1,7,8.48,100.0
1107,59,20260113,1,3,7.5,9,0,31,0.48,21,7,6.45,100.0
1108,17,20260811,1,2,3.3,2,0,73,0.48,9,4,23.25,96.75
1109,88,20260502,1,2,7.0,1,8,49,0.47,22,7,12.89,100.0
1110,96,20260605,1,2,6.0,2,0,41,0.42,20,5,7.32,100.0
1111,95,20261105,3,2,2.5,2,0,130,0.77,15,0,77.48,22.52
1112,60,20260914,3,1,4.4,0,0,197,0.76,21,3,81.78,33.22
1113,87,20261121,3,2,0.0,1,0,173,0.82,23,1,79.46,25.54
1114,79,20260121,1,2,5.6,6,0,11,0.48,21,7,0.0,100.0
1115,12,20261226,4,2,2.8,1,0,195,0.82,0,0,89.92,10.08
1116,68,20260129,1,2,7.6,2,0,22,0.44,12,6,0.0,100.0
1117,97,20260311,1,2,3.7,2,0,44,0.46,21,4,11.23,100.0
1118,45,20260930,1,2,4.9,2,0,57,0.4,21,4,15.82,100.0
1119,14,20260726,1,1,4.0,0,0,60,0.41,12,4,15.2,100.0
1120,81,20260127,1,1,8.5,0,0,35,0.48,20,6,2.45,100.0
1121,29,20261120,3,2,0.0,2,0,192,0.78,20,2,75.47,34.53
1122,11,20261215,1,1,3.1,0,0,91,0.41,15,3,28.66,86.34
1123,46,20260717,3,2,1.5,2,0,146,0.79,21,2,72.87,37.13
1124,16,20260411,4,2,0.0,2,0,238,0.8,23,0,100.0,0.0
1125,90,20260717,4,2,2.1,0,7,203,0.79,2,0,100.0,0.0
1126,76,20260213,1,2,0.0,1,7,53,0.45,23,4,25.03,94.97
1127,50,20261104,3,1,4.4,0,0,143,0.79,20,1,74.05,30.95
1128,27,20260826,1,3,2.2,8,0,71,0.45,21,3,34.61,80.39
1129,25,20260917,2,1,3.3,0,0,110,0.81,23,2,53.47,56.53
1130,30,20261123,4,2,4.2,1,7,158,0.81,16,2,89.04,20.96
1131,12,20260823,4,1,2.6,0,0,208,0.77,18,0,99.63,0.37
1132,66,20261014,1,2,2.8,2,0,60,0.47,20,3,20.72,94.28
1133,2,20260821,4,2,1.3,2,0,189,0.83,22,0,85.51,14.49
1134,39,20260616,1,2,9.5,2,0,2,0.45,15,8,0.0,100.0
1135,33,20260725,3,2,2.1,6,0,173,0.77,23,1,83.04,21.96
1136,15,20260402,1,1,2.8,0,0,34,0.48,14,3,15.46,99.54
1137,73,20260515,1,3,7.2,8,0,2,0.47,23,8,0.0,100.0
1138,36,20260331,1,2,5.4,2,0,74,0.46,10,4,21.46,98.54
1139,55,20260730,1,2,3.3,2,0,60,0.48,22,4,19.69,100.0
1140,29,20260501,1,2,6.5,1,0,23,0.46,21,8,0.0,100.0
1141,70,20260902,1,2,2.1,2,0,61,0.48,22,2,27.4,82.6
1142,74,20260424,4,2,2.0,1,0,191,0.82,0,0,94.02,5.98
1143,24,20260908,2,2,3.9,1,0,102,0.83,14,3,49.44,65.56
1144,85,20260319,2,2,5.0,0,3,103,0.78,18,3,50.11,64.89
1145,34,20260623,1,3,7.0,7,0,36,0.43,22,6,0.0,100.0
1146,6,20261201,1,2,2.2,2,0,12,0.44,17,7,0.0,100.0
1147,88,20260707,1,2,3.2,0,3,2,0.44,21,4,5.54,100.0
1148,20,20260427,2,1,2.0,0,0,105,0.77,15,2,53.06,56.94
1149,59,20260203,1,2,3.2,2,0,63,0.48,21,6,8.67,100.0
1150,88,20261104,2,3,4.9,0,14,49,0.46,17,5,40.23,84.77
1151,1,20260721,2,2,4.4,0,4,116,0.75,22,5,47.47,77.53
1152,78,20260531,1,1,8.1,0,0,13,0.44,12,6,2.09,100.0
1153,57,20261224,1,2,4.6,2,0,38,0.47,13,6,2.59,100.0
1154,33,20260215,1,2,5.2,1,0,87,0.47,23,5,22.2,100.0
1155,19,20261013,1,2,1.2,2,0,68,0.45,8,2,27.07,82.93
1156,57,20260729,1,2,5.6,1,0,53,0.46,8,5,9.13,100.0
1157,87,20260624,1,2,6.1,2,0,30,0.42,19,6,0.0,100.0
1158,55,20260321,3,2,0.0,1,0,183,0.75,2,0,82.12,17.88
1159,81,20260328,4,2,0.1,1,0,216,0.79,0,0,93.86,6.14
1160,39,20260911,3,2,2.1,2,0,172,0.78,1,1,82.1,22.9
1161,30,20260516,1,3,8.3,2,14,3,0.43,0,9,0.0,100.0
1162,52,20261120,4,2,2.0,1,0,221,0.76,21,0,95.27,4.73
1163,61,20260210,1,1,4.5,0,0,47,0.4,15,5,7.1,100.0
1164,72,20260728,4,3,1.1,9,11,152,0.82,21,0,100.0,0.0
1165,68,20261120,3,1,1.5,0,0,162,0.76,21,1,72.68,32.32
1166,41,20260725,4,1,0.8,0,0,185,0.83,23,1,87.89,17.11
1167,58,20260721,1,2,3.5,0,1,82,0.45,22,3,29.01,85.99
1168,79,20260819,1,2,4.2,1,0,21,0.44,11,7,0.0,100.0
1169,24,20261005,1,2,2.2,2,0,76,0.42,8,2,27.93,82.07
1170,77,20260815,3,1,0.2,0,0,175,0.8,22,0,80.37,19.63
1171,9,20260725,3,2,2.2,1,0,130,0.82,23,2,70.31,39.69
1172,68,20261110,4,2,1.7,2,0,177,0.82,13,0,90.24,9.76
1173,36,20260106,1,2,7.8,2,0,12,0.48,13,7,0.0,100.0
1174,2,20261002,4,2,1.1,2,0,198,0.76,20,1,91.51,13.49
1175,81,20260121,1,1,6.7,0,0,6,0.42,22,4,7.05,100.0
1176,28,20260919,1,2,1.3,0,5,51,0.46,23,5,17.26,100.0
1177,79,20260705,1,2,3.6,1,0,24,0.41,21,5,0.83,100.0
1178,53,20260505,1,1,7.2,0,0,2,0.4,8,9,0.0,100.0
1179,40,20260314,3,1,1.6,0,0,128,0.77,20,1,69.42,35.58
1180,5,20260922,1,2,0.6,0,4,82,0.46,17,5,24.64,100.0
1181,49,20260113,1,1,7.8,0,0,24,0.45,22,8,0.0,100.0
1182,69,20260423,2,1,1.4,0,0,73,0.45,11,1,35.22,69.78
1183,38,20260512,1,1,7.4,0,0,21,0.46,10,7,0.0,100.0
1184,52,20260707,1,1,3.9,0,0,65,0.48,9,4,21.36,98.64
1185,25,20260706,4,3,1.8,9,0,190,0.81,22,0,96.28,3.72
1186,38,20260902,1,2,2.6,2,0,56,0.46,12,5,13.1,100.0
1187,99,20260701,1,1,3.4,0,0,47,0.47,23,4,15.86,100.0
1188,24,20260720,3,1,4.7,0,0,154,0.81,10,2,76.98,33.02
1189,59,20261201,1,2,1.6,1,0,60,0.43,21,3,19.34,95.66
1190,87,20260512,1,1,7.8,0,0,34,0.48,18,5,5.82,100.0
1191,11,20260109,1,2,7.9,1,0,18,0.41,21,8,0.0,100.0
1192,59,20260702,1,2,2.3,1,0,74,0.44,21,3,25.29,89.71
1193,41,20260831,2,2,3.4,2,0,99,0.44,17,2,37.9,72.1
1194,57,20260926,3,1,1.3,0,0,138,0.78,20,1,75.1,29.9
1195,46,20260914,4,1,4.9,0,0,231,0.75,13,1,100.0,5.0
1196,74,20261230,4,2,1.3,2,0,161,0.8,18,0,85.24,14.76
1197,75,20260913,3,3,4.4,8,13,150,0.8,11,4,84.53,35.47
1198,64,20260205,2,2,3.7,1,0,108,0.78,14,3,48.01,66.99
1199,86,20261115,1,2,3.0,2,0,2,0.46,18,5,0.0,100.0
1200,81,20260831,1,2,2.9,2,0,81,0.4,17,3,24.14,90.86
1201,96,20260719,1,1,2.3,0,0,60,0.4,8,4,14.07,100.0
1202,98,20261001,4,2,2.4,2,8,171,0.82,20,2,93.44,16.56
1203,80,20260304,4,2,2.2,2,0,199,0.78,20,1,93.29,11.71
1204,12,20261028,4,2,4.6,1,0,233,0.76,17,0,100.0,0.0
1205,47,20261231,4,2,3.0,1,0,228,0.8,21,0,100.0,0.0
1206,93,20260603,1,3,3.5,8,2,25,0.46,11,6,3.01,100.0
1207,95,20260730,1,2,3.6,2,0,2,0.41,18,5,0.0,100.0
1208,4,20261115,1,1,3.7,0,0,80,0.4,17,4,20.99,99.01
1209,61,20260419,1,1,3.6,0,0,9,0.44,17,6,0.0,100.0
1210,44,20260120,1,3,8.5,9,0,2,0.43,22,6,0.0,100.0
1211,17,20260630,1,2,6.1,2,0,39,0.46,14,6,4.41,100.0
1212,87,20260719,1,1,2.4,0,0,43,0.43,21,4,11.25,100.0
1213,77,20260128,1,2,7.3,1,0,12,0.42,21,7,0.0,100.0
1214,9,20260122,1,2,6.7,2,0,31,0.43,18,7,2.05,100.0
1215,72,20260708,1,2,3.1,1,3,80,0.43,9,4,26.97,93.03
1216,59,20260107,1,3,6.0,8,0,2,0.41,22,8,0.0,100.0
1217,60,20260125,1,2,6.3,1,0,2,0.45,16,7,0.0,100.0
1218,44,20260521,1,3,7.3,7,0,2,0.45,22,7,0.0,100.0
1219,45,20260423,1,1,4.0,0,0,64,0.42,16,3,22.39,92.61
1220,37,20260602,1,3,5.6,9,0,2,0.42,9,7,0.0,100.0
1221,68,20260411,4,1,1.2,0,0,229,0.79,21,0,100.0,0.0
1222,22,20261201,1,2,2.9,1,4,41,0.47,22,4,16.59,100.0
1223,14,20260906,4,1,2.8,0,0,238,0.75,8,0,100.0,0.0
1224,78,20260519,1,2,7.2,1,0,43,0.42,12,7,0.0,100.0
1225,31,20261020,4,2,3.8,1,0,194,0.8,15,0,95.84,4.16
1226,30,20260529,1,3,6.7,2,13,2,0.43,0,8,1.35,100.0
1227,18,20260403,3,2,1.1,1,0,171,0.8,22,0,80.26,19.74
1228,69,20261025,4,2,3.4,2,0,203,0.81,15,0,97.91,2.09
1229,97,20261106,1,1,0.7,0,0,93,0.48,23,3,32.0,83.0
1230,60,20261118,3,2,1.3,1,0,157,0.83,16,1,81.12,23.88
1231,32,20260605,1,2,7.3,1,0,2,0.41,1,7,0.0,100.0
1232,85,20260125,1,2,9.1,0,1,59,0.47,16,7,5.25,100.0
1233,19,20260703,3,2,0.7,1,0,153,0.82,21,1,73.16,31.84
1234,12,20261129,3,2,2.2,1,0,149,0.77,17,1,78.2,26.8
1235,83,20261225,2,3,2.8,2,13,48,0.48,23,3,38.92,76.08
1236,54,20260923,1,2,1.8,2,4,32,0.43,9,4,12.39,100.0
1237,51,20260819,1,2,3.6,1,0,60,0.44,13,3,22.42,92.58
1238,80,20261020,4,1,2.8,0,0,197,0.83,17,2,87.79,22.21
1239,83,20260718,2,2,1.4,2,5,81,0.44,22,1,42.4,62.6
1240,65,20260130,1,3,8.9,2,14,38,0.41,23,8,12.97,100.0
1241,93,20260205,1,2,3.4,2,2,47,0.45,22,5,11.65,100.0
1242,35,20260823,4,2,2.7,2,0,198,0.77,21,1,90.99,14.01
1243,58,20260206,4,3,2.1,4,11,194,0.78,22,0,100.0,0.0
1244,50,20260725,3,2,0.6,2,0,109,0.76,1,1,66.69,38.31
1245,67,20260709,1,1,4.8,0,0,13,0.45,11,7,0.0,100.0
1246,4,20261111,3,2,1.3,1,0,143,0.75,15,0,79.56,20.44
1247,14,20260907,1,2,3.1,1,0,29,0.43,8,6,0.0,100.0
1248,86,20261211,2,2,1.0,2,0,97,0.44,2,2,45.1,64.9
1249,9,20261012,1,1,3.0,0,0,33,0.41,17,5,4.14,100.0
1250,8,20260421,1,2,1.5,2,0,64,0.41,22,4,15.88,100.0
1251,34,20260306,3,2,2.2,1,0,157,0.81,1,2,66.97,43.03
1252,97,20260418,2,2,1.2,2,0,152,0.79,0,2,64.15,45.85
1253,36,20260911,3,2,2.3,1,0,160,0.78,20,0,83.23,16.77
1254,87,20260715,1,1,3.2,0,0,75,0.41,18,3,23.19,91.81
1255,63,20260323,2,1,4.1,0,0,99,0.41,18,2,36.32,73.68
1256,87,20260904,4,1,1.3,0,0,201,0.82,23,1,86.08,18.92
1257,34,20261210,4,2,4.3,4,0,202,0.76,9,1,90.33,14.67
1258,91,20260816,1,2,4.1,0,3,97,0.44,15,4,30.62,89.38
1259,81,20260714,4,2,3.1,1,0,188,0.81,15,0,94.63,5.37
1260,31,20261003,3,1,1.4,0,0,159,0.82,21,1,80.11,24.89
1261,96,20261213,3,2,4.8,2,0,169,0.76,12,3,74.5,40.5
1262,98,20260322,2,2,3.5,2,3,98,0.46,16,3,37.98,77.02
1263,100,20260811,1,2,4.0,0,4,56,0.41,22,5,14.42,100.0
1264,53,20260228,3,1,0.3,0,0,177,0.75,21,0,78.92,21.08
1265,47,20260601,1,1,5.5,0,0,24,0.43,19,7,0.0,100.0
1266,3,20260902,1,1,3.3,0,0,65,0.46,21,2,28.34,81.66
1267,89,20261020,4,1,3.3,0,0,223,0.75,21,2,93.51,16.49
1268,38,20261206,1,2,2.4,1,0,65,0.42,10,3,19.88,95.12
1269,88,20260921,1,2,4.1,2,4,40,0.48,21,7,4.49,100.0
1270,52,20260418,3,2,1.3,1,0,186,0.83,21,1,82.69,22.31
1271,45,20260903,1,1,4.9,0,0,58,0.46,19,4,16.27,100.0
1272,41,20260711,3,1,1.8,0,0,181,0.8,23,1,80.79,24.21
1273,98,20261110,4,3,0.0,2,13,224,0.75,21,0,100.0,0.0
1274,13,20260910,1,1,2.4,0,0,59,0.47,20,3,20.71,94.29
1275,2,20260615,1,1,6.8,0,0,44,0.46,10,7,0.0,100.0
1276,10,20260225,1,1,4.4,0,0,2,0.48,9,6,0.0,100.0
1277,34,20260416,1,2,2.5,2,0,62,0.45,9,4,17.43,100.0
1278,69,20260523,1,1,6.5,0,0,2,0.45,20,7,0.0,100.0
1279,90,20260309,1,2,4.8,2,2,68,0.45,22,5,16.58,100.0
1280,100,20260615,1,2,7.8,6,3,12,0.44,22,8,0.0,100.0
1281,10,20260625,1,3,5.6,8,0,40,0.46,23,8,0.0,100.0
1282,46,20260604,1,2,8.5,2,0,12,0.42,15,7,0.0,100.0
1283,41,20260331,1,2,3.6,2,0,37,0.41,18,5,2.63,100.0
1284,78,20260326,2,1,2.6,0,0,77,0.45,10,1,36.5,68.5
1285,88,20260331,1,2,2.3,0,3,2,0.41,19,5,0.0,100.0
1286,49,20261206,1,2,4.4,1,0,46,0.45,17,4,13.09,100.0
1287,83,20260126,1,2,4.8,2,3,12,0.43,22,4,8.81,100.0
1288,87,20260126,1,2,6.9,1,0,5,0.44,19,7,0.0,100.0
1289,26,20260503,1,3,3.2,7,6,26,0.45,21,5,20.19,100.0
1290,36,20260402,2,2,4.4,1,0,106,0.76,10,2,49.91,60.09
1291,13,20260729,1,1,3.3,0,0,61,0.46,19,5,14.03,100.0
1292,93,20260906,4,2,4.5,4,5,198,0.82,23,3,90.36,24.64
1293,3,20261209,1,2,4.3,1,0,2,0.46,21,4,0.0,100.0
1294,55,20260104,1,3,6.5,8,0,12,0.42,14,6,0.0,100.0
1295,2,20260318,4,2,2.7,2,0,198,0.81,14,2,86.01,23.99
1296,49,20260910,1,2,3.2,1,0,48,0.41,22,5,8.54,100.0
1297,9,20260510,1,2,5.1,2,0,34,0.41,15,7,2.95,100.0
1298,25,20261023,3,2,1.2,2,0,177,0.79,23,0,80.23,19.77
1299,76,20261025,1,3,2.9,0,14,37,0.48,18,6,30.33,99.67
1300,27,20260918,1,3,2.5,8,0,73,0.41,1,5,21.02,100.0
1301,50,20261223,1,2,2.7,2,0,31,0.4,15,4,7.24,100.0
1302,51,20261215,1,2,5.2,2,0,70,0.42,9,3,24.69,90.31
1303,81,20260307,3,2,2.4,2,0,185,0.75,0,0,83.69,16.31
1304,57,20261120,2,2,0.2,2,0,91,0.48,21,1,41.4,63.6
1305,44,20261001,1,2,4.4,6,0,64,0.4,21,3,29.92,85.08
1306,32,20260428,4,2,2.1,1,0,189,0.83,20,0,96.0,4.0
1307,63,20261024,4,2,2.4,1,0,187,0.78,23,0,91.91,8.09
1308,7,20260706,4,2,3.7,2,0,209,0.77,17,0,98.39,1.61
1309,22,20260908,1,2,1.2,2,2,48,0.45,21,5,13.94,100.0
1310,61,20261121,3,2,2.6,2,0,154,0.76,1,2,66.35,43.65
1311,2,20260913,4,2,2.9,2,0,220,0.81,14,1,98.67,6.33
1312,6,20261103,1,1,5.1,0,0,77,0.46,17,6,11.83,100.0
1313,83,20261120,1,2,1.4,2,6,31,0.47,0,4,20.01,99.99
1314,94,20260403,3,1,0.5,0,0,178,0.78,21,0,81.81,18.19
1315,73,20260612,1,2,7.7,3,0,47,0.43,23,7,0.0,100.0
1316,87,20260615,1,2,7.7,2,0,47,0.47,16,6,3.33,100.0
1317,85,20261111,3,2,4.6,2,5,172,0.76,21,4,77.74,42.26
1318,15,20261022,1,2,4.9,1,0,45,0.41,14,4,11.55,100.0
1319,55,20260920,3,3,3.1,7,0,144,0.79,22,3,67.88,47.12
1320,29,20260520,1,2,7.2,1,0,31,0.46,9,6,8.65,100.0
1321,48,20260225,1,2,2.5,1,0,52,0.44,15,5,8.43,100.0
1322,61,20260428,2,2,3.3,1,0,108,0.83,16,2,62.5,47.5
1323,71,20260122,1,2,6.7,5,0,2,0.42,23,7,0.0,100.0
1324,71,20260402,1,1,5.5,0,0,83,0.45,22,6,16.53,100.0
1325,29,20260427,1,2,4.3,2,0,94,0.41,12,4,23.93,96.07
1326,41,20260130,1,1,6.1,0,0,20,0.41,22,6,0.0,100.0
1327,94,20260222,2,1,4.0,0,0,104,0.79,12,1,57.15,47.85
1328,11,20261215,2,2,2.7,1,0,81,0.46,10,1,35.96,69.04
1329,51,20260828,4,2,3.2,1,0,217,0.79,21,0,94.06,5.94
1330,34,20261024,4,2,2.0,4,0,193,0.8,0,0,93.25,6.75
1331,5,20260503,1,3,7.9,1,14,51,0.46,22,6,33.28,100.0
1332,75,20261129,4,3,4.1,9,7,208,0.79,23,2,98.53,11.47
1333,63,20260518,1,2,8.8,1,0,26,0.48,19,5,4.24,100.0
1334,58,20260124,1,3,8.0,3,12,8,0.44,23,7,13.04,100.0
1335,82,20260930,1,2,4.3,0,3,71,0.46,21,4,25.89,94.11
1336,93,20260819,2,2,3.3,0,4,101,0.75,23,4,47.32,72.68
1337,82,20260122,1,3,5.1,4,10,14,0.46,22,4,28.37,100.0
1338,54,20261224,1,2,1.2,0,4,65,0.43,23,4,23.04,96.96
1339,96,20260919,4,2,0.0,1,0,196,0.76,21,0,87.77,12.23
1340,15,20260622,1,1,7.7,0,0,2,0.4,13,6,0.0,100.0
1341,49,20260606,1,2,6.3,2,0,29,0.44,23,7,0.0,100.0
1342,96,20261130,1,2,3.7,2,0,53,0.42,8,4,15.5,100.0
1343,78,20261205,4,2,0.0,1,0,208,0.78,20,0,91.06,8.94
1344,87,20260802,1,2,1.9,2,0,52,0.43,15,3,17.8,97.2
1345,34,20260516,1,3,6.5,7,0,2,0.42,1,6,0.0,100.0
1346,43,20260920,4,1,1.9,0,0,224,0.8,14,2,95.17,14.83
1347,96,20261116,1,2,3.8,2,0,55,0.47,10,4,18.3,100.0
1348,58,20260507,1,2,6.0,3,3,29,0.41,11,6,3.1,100.0
1349,57,20260226,1,2,3.8,1,0,86,0.44,12,3,29.09,85.91
1350,66,20260311,1,1,4.5,0,0,65,0.46,21,4,20.67,99.33
1351,43,20260622,1,1,8.2,0,0,2,0.45,15,8,0.0,100.0
1352,78,20260510,1,1,5.5,0,0,27,0.44,12,4,13.7,100.0
1353,14,20261103,1,2,4.5,2,0,90,0.46,11,6,17.05,100.0
1354,67,20260506,1,2,6.2,1,0,15,0.44,9,6,0.0,100.0
1355,82,20260620,1,3,7.8,9,10,16,0.44,0,7,5.35,100.0
1356,45,20260202,3,1,2.7,0,0,135,0.83,15,0,77.92,22.08
1357,7,20260113,1,2,5.3,2,0,2,0.47,22,6,2.17,100.0
1358,11,20260709,1,2,3.5,1,0,45,0.46,12,3,18.03,96.97
1359,33,20260723,4,2,3.4,6,0,218,0.78,22,2,93.98,16.02
1360,86,20260218,1,2,2.2,2,0,22,0.44,20,5,3.11,100.0
1361,12,20260318,4,2,2.8,1,0,185,0.81,20,0,94.05,5.95
1362,23,20260903,1,1,2.9,0,0,67,0.47,14,5,16.43,100.0
1363,91,20260311,2,2,3.7,2,3,120,0.78,15,4,52.66,67.34
1364,26,20260827,4,3,2.1,3,10,201,0.8,23,0,100.0,0.0
1365,41,20260105,1,1,7.0,0,0,11,0.41,15,8,0.0,100.0
1366,25,20260823,4,2,3.6,3,0,195,0.77,21,0,95.21,4.79
1367,41,20260709,1,1,2.7,0,0,99,0.47,18,3,34.69,80.31
1368,100,20261111,4,3,3.3,8,8,191,0.81,9,3,92.92,22.08
1369,45,20260811,1,2,2.1,2,0,2,0.45,22,4,0.0,100.0
1370,46,20260517,1,2,7.6,2,0,2,0.47,14,7,0.0,100.0
1371,50,20260523,1,2,7.0,2,0,38,0.46,0,5,5.46,100.0
1372,14,20261108,1,2,2.6,1,0,55,0.47,15,5,10.94,100.0
1373,74,20260528,1,2,7.5,2,0,2,0.4,16,7,0.0,100.0
1374,95,20260831,1,2,4.5,2,0,28,0.42,17,5,1.59,100.0
1375,3,20260418,1,2,1.4,1,0,82,0.46,1,4,22.16,97.84
1376,12,20261215,1,2,2.9,1,0,73,0.45,20,3,25.71,89.29
1377,23,20261026,1,1,3.9,0,0,39,0.45,21,5,6.4,100.0
1378,49,20261018,1,1,2.5,0,0,51,0.46,21,5,9.1,100.0
1379,60,20260712,1,2,2.6,2,0,58,0.48,17,3,22.78,92.22
1380,60,20260502,1,1,7.0,0,0,54,0.44,2,8,0.0,100.0
1381,61,20260703,3,2,0.8,1,0,127,0.82,0,1,65.54,39.46
1382,9,20260701,1,2,3.4,1,0,38,0.47,16,5,6.15,100.0
1383,98,20260128,1,2,5.7,0,4,45,0.43,19,6,8.07,100.0
1384,57,20260913,3,2,3.0,2,0,137,0.78,8,1,73.96,31.04
1385,98,20260608,1,2,7.0,0,2,2,0.44,15,7,0.0,100.0
1386,40,20260918,2,1,1.3,0,0,112,0.77,20,3,55.39,59.61
1387,31,20261010,3,2,1.2,2,0,163,0.82,20,1,76.77,28.23
1388,47,20261205,3,2,2.4,2,0,176,0.82,23,2,72.61,37.39
1389,30,20260627,1,2,7.3,1,7,8,0.46,0,10,0.0,100.0
1390,75,20260511,1,3,5.3,7,4,22,0.4,22,7,0.0,100.0
1391,74,20261028,4,1,3.9,0,0,204,0.79,15,0,98.31,1.69
1392,33,20260704,4,3,0.0,9,0,210,0.78,22,1,95.73,9.27
1393,11,20261207,1,2,4.3,2,0,19,0.48,11,5,2.18,100.0
1394,41,20260108,1,2,9.8,1,0,54,0.41,19,7,0.0,100.0
1395,89,20261010,3,2,2.1,1,0,202,0.76,22,2,79.87,30.13
1396,98,20260429,1,2,3.6,1,2,57,0.42,19,6,10.47,100.0
1397,47,20260927,1,2,2.7,1,0,55,0.47,20,5,12.09,100.0
1398,51,20260628,1,2,8.5,2,0,33,0.48,11,7,0.0,100.0
1399,19,20261108,1,2,2.0,2,0,67,0.43,9,4,17.05,100.0
1400,56,20260409,1,1,4.3,0,0,52,0.48,15,4,16.22,100.0
1401,19,20260805,2,1,2.1,0,0,131,0.75,13,3,63.04,51.96
1402,58,20260309,1,2,4.5,0,3,37,0.41,22,6,2.93,100.0
1403,91,20260210,1,2,3.6,2,3,31,0.45,15,6,4.41,100.0
1404,66,20260922,1,1,3.4,0,0,65,0.41,19,2,24.9,85.1
1405,71,20260610,1,3,7.7,7,0,2,0.43,22,10,0.0,100.0
1406,43,20260613,1,1,5.3,0,0,7,0.48,20,7,0.0,100.0
1407,92,20260903,2,1,3.7,0,0,108,0.77,15,2,51.64,58.36
1408,91,20260523,1,3,6.3,1,12,4,0.48,0,6,12.3,100.0
1409,46,20260531,1,2,6.1,1,0,37,0.46,9,6,10.58,100.0
1410,79,20260119,1,2,6.5,3,0,51,0.48,22,5,18.92,100.0
1411,66,20260205,2,1,5.3,0,0,109,0.75,16,3,49.2,65.8
1412,81,20260401,4,1,3.8,0,0,175,0.83,16,1,86.53,18.47
1413,29,20261122,1,2,4.2,1,0,65,0.43,13,5,11.91,100.0
1414,7,20260209,3,2,5.3,1,0,199,0.76,21,2,84.61,25.39
1415,63,20260217,1,2,3.4,2,0,27,0.46,16,3,13.39,100.0
1416,20,20260108,1,2,8.8,1,0,7,0.44,11,8,0.0,100.0
1417,34,20261019,3,2,5.2,5,0,150,0.83,21,2,73.24,36.76
1418,70,20260328,2,2,0.5,1,0,96,0.43,1,1,40.03,64.97
1419,73,20260121,1,3,7.1,9,0,8,0.43,21,8,0.0,100.0
1420,61,20260323,1,2,1.9,1,0,50,0.41,21,3,18.17,96.83
1421,41,20260825,1,2,3.2,2,0,65,0.47,21,3,21.95,93.05
1422,74,20260713,2,2,3.7,2,0,83,0.4,17,1,36.79,68.21
1423,72,20260924,1,2,3.5,1,3,85,0.46,21,3,33.44,81.56
1424,38,20260321,3,1,2.4,0,0,164,0.83,22,1,75.85,29.15
1425,91,20260917,1,2,2.0,0,4,73,0.43,22,4,26.1,93.9
1426,100,20261104,4,2,3.4,5,6,203,0.79,11,2,97.42,12.58
1427,79,20260305,1,2,2.1,2,0,2,0.41,22,4,0.0,100.0
1428,43,20260811,1,2,5.6,2,0,40,0.42,15,6,0.34,100.0
1429,75,20260404,3,2,1.7,1,5,177,0.76,23,1,83.96,21.04
1430,68,20261221,4,1,6.2,0,0,194,0.81,11,1,90.62,14.38
1431,89,20260428,3,1,3.5,0,0,159,0.82,16,1,81.54,23.46
1432,10,20260807,1,2,1.8,2,0,62,0.43,22,5,10.97,100.0
1433,57,20260427,1,2,2.2,2,0,88,0.47,13,2,33.14,76.86
1434,47,20260909,1,2,5.2,1,0,112,0.81,16,7,34.03,100.0
1435,76,20260724,1,2,2.7,0,6,18,0.48,23,5,11.14,100.0
1436,82,20260428,4,3,2.3,6,10,187,0.8,22,2,100.0,10.0
1437,11,20260126,1,2,6.0,2,0,18,0.46,9,4,4.44,100.0
1438,31,20261028,3,1,3.7,0,0,176,0.79,12,2,82.63,27.37
1439,39,20261103,1,2,4.3,2,0,72,0.44,22,3,25.38,89.62
1440,98,20260525,1,2,8.1,0,1,41,0.41,20,7,0.0,100.0
1441,92,20261003,3,2,1.5,1,0,153,0.8,23,1,80.23,24.77
1442,90,20260327,4,2,2.7,0,6,177,0.77,23,1,92.73,12.27
1443,41,20260604,1,2,8.5,1,0,31,0.43,15,6,0.09,100.0
1444,92,20260320,4,2,0.0,1,0,201,0.81,23,0,90.11,9.89
1445,23,20260503,1,2,9.4,3,0,48,0.41,22,7,5.76,100.0
1446,39,20260430,1,1,3.0,0,0,74,0.45,15,3,26.46,88.54
1447,9,20261120,3,2,1.3,2,0,155,0.8,23,1,72.36,32.64
1448,16,20260725,4,1,1.2,0,0,188,0.77,1,1,86.06,18.94
1449,49,20260323,1,2,3.9,2,0,70,0.42,20,5,13.0,100.0
1450,53,20261101,3,2,3.1,1,0,195,0.78,8,2,84.66,25.34
1451,20,20260319,1,1,3.9,0,0,49,0.44,14,4,14.27,100.0
1452,17,20260512,1,1,6.9,0,0,9,0.41,14,6,0.0,100.0
1453,56,20260318,4,1,2.4,0,0,214,0.82,22,0,100.0,0.0
1454,29,20260525,1,1,7.9,0,0,17,0.48,9,8,0.0,100.0
1455,43,20260526,1,2,7.9,2,0,2,0.48,12,8,0.0,100.0
1456,26,20260216,1,2,3.5,1,4,97,0.41,22,4,31.86,88.14
1457,28,20261230,3,2,4.5,5,6,118,0.79,21,2,73.21,36.79
1458,35,20261019,3,2,4.1,2,0,186,0.82,20,2,84.39,25.61
1459,41,20260223,1,1,3.1,0,0,61,0.47,22,4,17.68,100.0
1460,94,20260213,3,2,3.6,1,0,161,0.77,22,1,71.46,33.54
1461,47,20261216,1,2,5.9,2,0,51,0.46,16,6,7.52,100.0
1462,59,20260717,3,3,0.3,9,0,160,0.79,23,3,71.31,43.69
1463,6,20260805,3,1,5.2,0,0,146,0.82,17,4,66.41,53.59
1464,12,20260524,1,1,7.7,0,0,7,0.46,17,5,0.0,100.0
1465,98,20260407,1,2,5.0,1,1,77,0.41,19,6,12.09,100.0
1466,1,20260615,1,2,6.6,0,2,21,0.43,20,6,0.0,100.0
1467,40,20260701,1,2,3.0,1,0,6,0.44,12,4,1.98,100.0
1468,75,20261222,1,2,3.8,2,3,64,0.4,21,6,10.35,100.0
1469,59,20260920,3,2,3.5,3,0,151,0.81,9,2,74.28,35.72
1470,32,20260628,1,2,3.9,1,0,2,0.46,15,5,0.0,100.0
1471,8,20261108,1,2,4.7,1,0,47,0.41,17,3,16.09,98.91
1472,5,20260801,4,3,1.7,0,10,181,0.75,23,0,95.5,4.5
1473,85,20260914,4,2,2.5,2,5,210,0.82,22,0,100.0,0.0
1474,42,20260704,3,1,2.3,0,0,138,0.82,21,2,70.37,39.63
1475,8,20260417,1,1,0.7,0,0,73,0.45,0,3,23.92,91.08
1476,76,20260430,1,2,4.4,0,3,2,0.46,17,8,0.0,100.0
1477,51,20260606,1,2,6.6,1,0,3,0.42,21,7,0.0,100.0
1478,32,20260509,1,2,5.9,2,0,2,0.45,23,7,0.0,100.0
1479,27,20261220,1,2,3.6,1,0,2,0.4,9,4,0.0,100.0
1480,52,20261020,4,2,2.8,1,0,179,0.78,8,0,91.54,8.46
1481,64,20261008,3,2,2.7,1,0,181,0.8,11,2,80.9,29.1
1482,93,20261018,2,2,4.0,1,2,118,0.82,22,4,52.35,67.65
1483,9,20260405,1,2,3.8,1,0,41,0.43,19,6,0.5,100.0
1484,83,20260315,1,2,4.2,0,2,46,0.45,17,4,15.15,100.0
1485,94,20260228,3,2,3.3,1,0,180,0.79,20,0,81.36,18.64
1486,13,20260918,4,2,2.5,1,0,205,0.81,23,0,98.34,1.66
1487,68,20261124,1,2,4.6,2,0,47,0.48,14,4,13.59,100.0
1488,55,20260525,1,3,6.5,7,0,37,0.44,22,5,7.53,100.0
1489,5,20260531,1,3,7.5,0,12,2,0.46,21,7,14.72,100.0
1490,43,20261208,2,2,3.0,1,0,102,0.76,10,3,47.15,67.85
1491,62,20260608,1,3,6.7,7,0,2,0.45,11,8,0.0,100.0
1492,6,20260616,1,2,7.0,2,0,3,0.42,20,9,0.0,100.0
1493,89,20261221,4,1,2.7,0,0,197,0.8,18,1,91.71,13.29
1494,11,20260827,4,1,5.7,0,0,230,0.81,9,2,95.44,14.56
1495,72,20261004,2,2,3.0,1,3,113,0.83,21,3,56.23,58.77
1496,89,20260216,1,2,3.2,2,0,55,0.47,20,5,10.92,100.0
1497,100,20260126,1,3,5.5,7,4,26,0.42,23,8,0.0,100.0
1498,67,20260922,1,1,4.5,0,0,36,0.48,14,6,3.52,100.0
1499,76,20260305,1,2,4.6,2,3,38,0.43,16,7,1.26,100.0
1500,20,20260328,3,2,1.5,2,0,139,0.78,22,0,69.07,30.93
1501,97,20260529,1,2,7.8,2,0,26,0.46,0,8,0.0,100.0
1502,80,20261021,1,2,3.1,1,0,76,0.42,15,4,18.98,100.0
1503,95,20260716,1,2,2.5,2,0,45,0.47,15,4,11.96,100.0
1504,73,20261031,3,2,1.2,2,0,184,0.82,23,1,82.53,22.47
1505,39,20260601,1,2,4.9,2,0,52,0.4,17,4,13.51,100.0
1506,63,20260609,1,2,5.6,2,0,16,0.42,20,5,8.7,100.0
1507,9,20260809,3,2,3.4,1,0,129,0.8,22,2,67.74,42.26
1508,38,20260303,4,2,2.2,2,0,206,0.8,12,0,98.23,1.77
1509,65,20260904,4,3,0.9,0,12,162,0.76,22,1,88.71,16.29
1510,2,20260109,1,1,6.1,0,0,32,0.48,22,7,0.0,100.0
1511,57,20261202,2,1,3.4,0,0,107,0.78,9,2,58.96,51.04
1512,45,20260606,1,2,8.3,2,0,35,0.44,23,6,1.67,100.0
1513,72,20260408,4,2,4.2,5,6,206,0.76,21,1,100.0,5.0
1514,22,20261217,1,2,3.5,1,4,53,0.43,22,5,17.21,100.0
1515,36,20261126,1,2,4.5,2,0,49,0.44,8,4,12.44,100.0
1516,4,20260418,3,2,0.8,1,0,179,0.82,22,0,83.12,16.88
1517,44,20261214,1,2,3.8,6,0,2,0.43,23,4,7.2,100.0
1518,84,20260101,1,2,5.6,2,0,10,0.4,16,7,0.0,100.0
1519,10,20260515,1,2,8.1,6,0,39,0.47,0,6,2.07,100.0
1520,32,20260207,4,2,2.3,1,0,208,0.78,2,1,86.15,18.85
1521,30,20261211,4,3,3.0,1,12,202,0.77,0,2,100.0,10.0
1522,34,20261012,1,2,5.2,1,0,73,0.4,23,5,14.8,100.0
1523,32,20260714,3,2,4.0,1,0,192,0.83,21,3,82.73,32.27
1524,27,20261123,1,2,2.4,4,0,56,0.41,21,3,26.9,88.1
1525,62,20260411,3,2,0.0,6,0,143,0.77,0,1,74.76,30.24
1526,25,20260610,1,3,4.8,8,0,2,0.4,21,5,3.08,100.0
1527,9,20260722,1,1,2.3,0,0,52,0.46,17,5,12.09,100.0
1528,50,20260108,1,1,8.0,0,0,13,0.44,19,5,0.0,100.0
1529,36,20261225,4,2,1.1,1,0,183,0.82,20,0,85.98,14.02
1530,81,20260702,1,2,3.6,1,0,76,0.41,15,2,30.25,79.75
1531,54,20260201,1,2,4.4,0,3,54,0.42,21,5,15.94,100.0
1532,31,20260527,1,2,6.6,1,0,36,0.42,10,5,11.9,100.0
1533,60,20260518,1,2,6.3,1,0,2,0.44,21,7,0.0,100.0
1534,79,20260901,1,2,4.4,1,0,48,0.45,9,4,12.59,100.0
1535,60,20261122,1,1,5.2,0,0,58,0.4,19,4,13.85,100.0
1536,3,20260607,1,2,7.2,5,0,17,0.42,22,6,1.2,100.0
1537,74,20261216,1,2,2.4,1,0,85,0.45,16,2,32.99,77.01
1538,40,20260123,1,1,8.4,0,0,3,0.48,21,6,1.2,100.0
1539,15,20260628,1,2,9.4,2,0,50,0.44,14,4,12.11,100.0
1540,72,20260413,3,2,2.1,3,6,141,0.77,21,2,79.23,30.77
1541,42,20260328,2,1,2.2,0,0,115,0.78,21,4,45.17,74.83
1542,58,20261227,1,2,2.6,2,4,41,0.44,9,5,11.73,100.0
1543,89,20261125,1,2,5.3,2,0,59,0.43,20,6,6.88,100.0
1544,24,20260927,1,1,4.0,0,0,91,0.41,13,2,31.67,78.33
1545,73,20260318,3,2,4.3,4,0,140,0.82,21,1,77.9,27.1
1546,86,20260306,1,2,0.0,2,0,74,0.48,1,2,31.77,78.23
1547,83,20260921,1,2,4.1,0,4,28,0.4,18,3,17.12,97.88
1548,42,20261118,3,2,4.0,1,0,138,0.83,10,3,67.55,47.45
1549,76,20261226,1,3,0.3,1,10,51,0.48,2,5,24.81,100.0
1550,36,20261218,3,2,3.6,1,0,151,0.81,20,1,72.99,32.01
1551,34,20260108,1,2,5.2,3,0,41,0.47,21,4,14.22,100.0
1552,20,20260915,1,2,3.6,1,0,74,0.4,9,2,29.08,80.92
1553,22,20260427,1,2,1.7,0,1,71,0.46,21,2,30.83,79.17
1554,27,20260113,1,2,9.2,3,0,4,0.46,22,7,0.0,100.0
1555,3,20260802,1,1,4.2,0,0,87,0.43,22,3,27.85,87.15
1556,88,20260614,1,2,8.6,0,1,30,0.41,17,8,0.0,100.0
1557,67,20260413,1,1,2.5,0,0,58,0.42,11,4,23.55,96.45
1558,69,20260928,1,2,3.6,2,0,41,0.42,13,5,6.59,100.0
1559,46,20260208,1,1,3.2,0,0,86,0.47,10,5,18.95,100.0
1560,68,20261129,3,1,2.4,0,0,157,0.82,14,1,80.6,24.4
1561,65,20261024,4,3,3.0,0,12,269,0.83,0,0,100.0,0.0
1562,95,20260821,3,2,1.0,2,0,139,0.75,23,0,71.32,28.68
1563,92,20261213,4,2,4.1,1,0,205,0.81,17,1,94.08,10.92
1564,44,20260922,1,2,4.0,2,0,28,0.44,21,5,2.55,100.0
1565,86,20261002,1,2,1.3,1,0,2,0.48,0,4,8.12,100.0
1566,83,20260924,1,2,3.1,0,1,6,0.46,18,4,4.91,100.0
1567,94,20261030,4,1,2.9,0,0,206,0.77,22,0,95.8,4.2
1568,41,20261121,3,1,1.9,0,0,167,0.83,0,1,74.43,30.57
1569,23,20260220,1,2,2.1,1,0,89,0.41,0,5,19.05,100.0
1570,16,20260312,3,2,1.8,1,0,182,0.79,17,2,81.45,28.55
1571,39,20261021,2,2,3.6,1,0,114,0.83,16,4,48.61,71.39
1572,52,20260311,1,2,4.9,1,0,44,0.4,8,5,7.36,100.0
1573,77,20260130,1,1,7.6,0,0,69,0.41,23,4,16.6,100.0
1574,98,20260906,4,2,2.4,1,7,208,0.82,20,0,100.0,0.0
1575,40,20260224,1,1,4.4,0,0,58,0.43,15,3,20.27,94.73
1576,14,20260311,1,1,5.7,0,0,46,0.44,15,6,1.75,100.0
1577,58,20260407,1,2,3.0,1,4,57,0.46,9,6,14.67,100.0
1578,54,20261128,3,3,1.5,6,13,136,0.77,23,3,84.44,30.56
1579,93,20260604,1,2,6.8,3,2,62,0.44,22,7,6.58,100.0
1580,69,20260512,1,2,8.9,2,0,47,0.47,14,5,9.52,100.0
1581,13,20260206,3,1,2.0,0,0,158,0.75,0,1,78.03,26.97
1582,16,20261010,3,2,1.8,2,0,183,0.83,23,2,74.97,35.03
1583,52,20260510,1,1,7.4,0,0,7,0.48,13,6,2.55,100.0
1584,65,20260715,1,2,4.4,2,3,75,0.47,17,5,20.82,100.0
1585,32,20260108,1,2,7.6,2,0,2,0.46,22,7,0.0,100.0
1586,79,20260410,1,2,1.7,1,0,41,0.46,23,4,10.56,100.0
1587,45,20260902,1,1,4.2,0,0,21,0.44,20,5,1.05,100.0
1588,90,20260114,1,2,6.2,0,7,20,0.41,22,7,7.52,100.0
1589,86,20260529,1,2,5.8,2,0,46,0.42,22,4,11.76,100.0
1590,64,20260121,1,2,7.0,1,0,16,0.4,11,8,0.0,100.0
1591,8,20260503,1,1,5.7,0,0,2,0.47,19,5,6.1,100.0
1592,15,20260619,1,1,6.8,0,0,39,0.46,20,4,13.23,100.0
1593,10,20260925,1,2,1.6,1,0,66,0.4,22,5,13.72,100.0
1594,42,20260830,3,2,2.6,1,0,139,0.75,10,1,72.68,32.32
1595,15,20260220,4,2,1.6,2,0,240,0.78,21,0,98.54,1.46
1596,57,20260609,1,1,5.6,0,0,27,0.44,13,6,7.76,100.0
1597,78,20261001,4,1,1.0,0,0,187,0.78,14,0,94.06,5.94
1598,67,20260530,1,2,7.1,1,0,49,0.4,21,7,6.4,100.0
1599,36,20260215,2,1,5.0,0,0,104,0.77,9,3,46.69,68.31
1600,39,20260819,1,2,2.9,2,0,66,0.44,20,4,20.32,99.68
1601,38,20260606,1,1,7.0,0,0,6,0.42,22,7,0.0,100.0
1602,65,20260708,1,2,3.6,2,1,53,0.44,16,5,11.89,100.0
1603,72,20260913,4,3,3.3,9,6,159,0.78,22,1,89.83,15.17
1604,84,20260818,4,1,1.7,0,0,210,0.81,18,1,95.1,9.9
1605,29,20260606,1,2,6.3,2,0,6,0.48,21,7,0.0,100.0
1606,87,20260606,1,2,7.5,1,0,11,0.45,23,8,0.0,100.0
1607,2,20261119,1,2,3.1,1,0,50,0.44,9,3,18.95,96.05
1608,45,20260727,1,2,4.5,2,0,69,0.43,19,3,21.58,93.42
1609,30,20260322,1,2,3.6,1,3,72,0.42,15,5,18.42,100.0
1610,46,20261102,2,2,2.4,2,0,105,0.79,12,3,46.97,68.03
1611,71,20260920,4,2,5.1,6,0,221,0.78,22,2,92.67,17.33
1612,38,20260210,1,2,3.7,1,0,32,0.48,12,5,4.97,100.0
1613,45,20261224,1,1,4.8,0,0,22,0.45,15,4,7.96,100.0
1614,12,20260205,2,2,2.5,2,0,102,0.82,15,1,56.62,48.38
1615,78,20261218,4,1,0.7,0,0,196,0.81,22,0,86.55,13.45
1616,24,20260819,2,2,1.7,1,0,92,0.46,11,2,36.52,73.48
1617,19,20260314,2,2,0.0,1,0,107,0.76,22,3,54.75,60.25
1618,47,20260522,1,2,6.7,2,0,39,0.4,0,7,4.05,100.0
1619,68,20260123,1,2,7.1,1,0,26,0.43,21,5,8.58,100.0
1620,75,20260312,4,3,3.1,7,12,181,0.78,22,4,89.96,30.04
1621,73,20261110,4,2,3.0,5,0,180,0.82,11,0,93.56,6.44
1622,76,20260402,1,2,4.3,0,1,17,0.45,21,8,0.0,100.0
1623,48,20260624,1,2,5.2,1,0,9,0.45,20,7,0.0,100.0
1624,88,20261016,1,2,2.4,0,6,71,0.48,1,4,31.0,89.0
1625,82,20260928,1,2,3.5,1,4,64,0.46,22,4,25.18,94.82
1626,43,20261021,1,2,2.4,2,0,87,0.4,14,3,26.89,88.11
1627,11,20260407,1,2,2.6,2,0,65,0.42,14,5,11.96,100.0
1628,11,20260612,1,1,5.7,0,0,7,0.46,20,4,0.91,100.0
1629,52,20260707,1,1,4.8,0,0,73,0.46,8,4,21.03,98.97
1630,87,20260507,1,2,7.7,2,0,56,0.48,22,6,7.77,100.0
1631,54,20261109,3,2,2.8,3,7,139,0.78,22,2,78.82,31.18
1632,72,20260913,4,3,2.1,6,11,193,0.75,21,0,100.0,0.0
1633,89,20261206,1,1,5.3,0,0,69,0.44,20,6,8.48,100.0
1634,85,20260606,1,3,6.9,1,10,2,0.45,23,9,0.0,100.0
1635,27,20260826,2,3,4.7,9,0,82,0.41,22,1,44.82,60.18
1636,71,20261116,1,2,4.9,1,0,77,0.4,9,6,11.18,100.0
1637,11,20261203,3,2,2.7,2,0,146,0.78,13,0,80.9,19.1
1638,63,20261025,4,2,4.6,2,0,181,0.8,20,0,93.42,6.58
1639,59,20260223,1,2,4.8,1,0,84,0.48,21,4,24.47,95.53
1640,38,20260917,1,2,5.4,1,0,46,0.48,10,6,6.3,100.0
1641,84,20261005,1,2,3.2,1,0,25,0.4,19,6,0.0,100.0
1642,80,20261129,4,2,1.9,1,0,216,0.79,21,0,100.0,0.0
1643,53,20260612,1,1,9.7,0,0,23,0.43,20,10,0.0,100.0
1644,36,20260620,1,1,5.5,0,0,20,0.48,20,6,0.0,100.0
1645,6,20260929,1,1,3.1,0,0,42,0.47,16,7,0.56,100.0
1646,85,20260412,1,2,4.0,2,4,70,0.47,15,5,23.27,100.0
1647,4,20261023,4,2,2.2,1,0,177,0.83,23,0,85.14,14.86
1648,20,20260919,3,2,2.3,1,0,167,0.83,21,1,74.55,30.45
1649,13,20261014,1,2,3.5,2,0,54,0.45,18,6,6.54,100.0
1650,23,20260110,1,2,6.8,6,0,47,0.46,1,7,7.38,100.0
1651,80,20260220,3,2,0.9,2,0,163,0.75,2,2,68.39,41.61
1652,15,20260207,4,2,1.6,1,0,190,0.81,21,0,88.02,11.98
1653,31,20260611,1,1,5.7,0,0,14,0.48,13,7,0.0,100.0
1654,23,20260606,1,2,6.9,5,0,15,0.43,22,9,0.0,100.0
1655,56,20261129,4,2,2.3,1,0,237,0.78,18,0,100.0,0.0
1656,18,20260614,1,1,8.5,0,0,31,0.43,17,6,0.0,100.0
1657,14,20260424,4,2,2.9,2,0,214,0.77,20,1,97.22,7.78
1658,34,20261008,4,2,1.8,4,0,234,0.81,11,0,100.0,0.0
1659,80,20260331,1,1,3.4,0,0,63,0.4,16,3,22.11,92.89
1660,62,20261012,1,1,3.7,0,0,50,0.47,9,5,11.05,100.0
1661,92,20261021,1,2,1.9,1,0,41,0.47,21,3,18.39,96.61
1662,35,20260714,3,2,5.3,2,0,137,0.8,18,3,65.18,49.82
1663,31,20260403,4,1,2.7,0,0,210,0.78,21,0,90.59,9.41
1664,62,20260812,1,3,4.1,8,0,64,0.41,22,4,23.77,96.23
1665,18,20260531,1,2,5.1,2,0,2,0.45,22,4,8.66,100.0
1666,19,20260531,1,1,6.6,0,0,51,0.46,15,5,17.37,100.0
1667,100,20260723,4,3,5.3,7,10,197,0.83,23,2,100.0,10.0
1668,23,20260218,1,1,5.0,0,0,30,0.48,9,7,0.0,100.0
1669,36,20260612,1,1,7.3,0,0,8,0.43,22,6,0.0,100.0
1670,24,20260420,1,2,3.7,1,0,58,0.46,15,4,16.11,100.0
1671,42,20260906,2,1,4.9,0,0,92,0.44,13,4,35.67,84.33
1672,11,20260807,4,1,0.9,0,0,196,0.75,20,0,85.64,14.36
1673,29,20260830,3,1,3.9,0,0,177,0.79,9,2,82.32,27.68
1674,89,20260712,2,1,3.5,0,0,108,0.76,20,5,37.23,87.77
1675,70,20260105,1,1,8.1,0,0,34,0.41,21,6,0.17,100.0
1676,44,20261019,2,3,3.1,8,0,94,0.46,22,3,39.84,75.16
1677,56,20260202,4,2,4.7,1,0,206,0.83,17,1,94.61,10.39
1678,9,20260923,1,1,3.3,0,0,57,0.43,20,4,17.42,100.0
1679,77,20260808,4,2,0.3,2,0,211,0.77,23,0,92.8,7.2
1680,36,20261217,1,1,3.4,0,0,78,0.41,9,3,23.77,91.23
1681,6,20260114,1,1,7.0,0,0,23,0.43,22,6,4.71,100.0
1682,84,20260322,2,2,5.0,1,0,103,0.77,15,4,41.64,78.36
1683,18,20261106,3,2,1.0,2,0,155,0.83,1,0,78.93,21.07
1684,33,20260627,1,2,6.7,4,0,2,0.41,23,8,0.0,100.0
1685,73,20260827,3,2,4.1,3,0,170,0.83,22,2,82.5,27.5
1686,24,20261106,4,2,2.6,1,0,209,0.79,20,0,91.34,8.66
1687,78,20260716,1,2,4.3,1,0,58,0.41,14,4,15.07,100.0
1688,40,20260528,1,2,6.9,1,0,2,0.42,13,5,1.71,100.0
1689,8,20260818,3,1,4.1,0,0,141,0.75,18,1,72.75,32.25
1690,19,20260717,2,2,2.9,2,0,108,0.76,22,4,52.74,67.26
1691,34,20260413,3,2,4.2,6,0,178,0.79,21,1,84.95,20.05
1692,97,20260204,1,2,1.3,2,0,58,0.47,16,4,18.76,100.0
1693,92,20260406,4,1,5.1,0,0,218,0.83,18,0,100.0,0.0
1694,21,20260306,4,1,2.2,0,0,217,0.78,23,0,93.38,6.62
1695,66,20261110,4,2,4.2,2,0,193,0.83,22,0,94.46,5.54
1696,12,20261024,4,2,0.1,2,0,166,0.77,22,0,87.82,12.18
1697,68,20260308,4,2,5.4,2,0,214,0.81,9,3,88.34,26.66
1698,64,20260517,1,2,6.5,2,0,2,0.4,15,8,0.0,100.0
1699,67,20260912,1,1,3.8,0,0,40,0.45,20,6,11.59,100.0
1700,84,20260418,3,2,2.9,2,0,194,0.78,0,3,71.34,43.66
1701,4,20260111,1,2,6.0,2,0,27,0.45,16,6,0.0,100.0
1702,6,20260218,1,2,4.6,2,0,36,0.43,17,5,6.71,100.0
1703,4,20260127,1,2,5.7,1,0,40,0.43,21,6,3.52,100.0
1704,90,20260603,1,2,7.8,0,3,2,0.42,15,9,0.0,100.0
1705,7,20260508,1,1,8.0,0,0,3,0.4,23,7,0.0,100.0
1706,99,20260809,4,3,4.5,7,0,215,0.79,11,0,100.0,0.0
1707,85,20260317,1,2,4.1,0,3,28,0.46,20,6,4.53,100.0
1708,52,20261230,3,1,4.9,0,0,164,0.77,14,2,77.86,32.14
1709,39,20260321,3,2,0.9,2,0,184,0.76,23,0,84.85,15.15
1710,42,20260823,3,2,5.3,1,0,141,0.77,13,1,75.2,29.8
1711,53,20260221,3,2,2.3,2,0,182,0.77,20,1,78.54,26.46
1712,13,20260825,1,1,4.2,0,0,44,0.41,17,5,4.74,100.0
1713,12,20260305,1,1,2.8,0,0,70,0.46,19,3,25.48,89.52
1714,58,20261031,4,2,0.8,1,7,182,0.82,0,0,95.94,4.06
1715,97,20261203,2,2,3.4,2,0,127,0.79,15,3,62.22,52.78
1716,28,20260216,1,2,3.8,0,2,40,0.42,23,4,14.34,100.0
1717,34,20261031,4,2,1.0,2,0,228,0.81,22,0,98.89,1.11
1718,92,20260113,1,2,5.8,1,0,27,0.4,15,6,6.4,100.0
1719,5,20261016,3,2,0.4,0,9,145,0.76,0,2,75.16,34.84
1720,87,20260406,4,2,4.3,2,0,254,0.83,20,0,100.0,0.0
1721,66,20260728,4,1,3.2,0,0,212,0.77,20,0,100.0,0.0
1722,19,20261110,3,2,1.7,1,0,145,0.77,14,1,74.42,30.58
1723,79,20260803,1,3,1.0,9,0,27,0.41,21,4,16.11,100.0
1724,96,20260330,2,2,3.5,2,0,110,0.81,11,3,51.29,63.71
1725,85,20260116,1,2,7.3,1,8,2,0.4,0,9,0.0,100.0
1726,74,20260912,4,2,1.0,1,0,222,0.76,1,0,100.0,0.0
1727,65,20261213,4,3,4.3,1,13,185,0.82,17,1,100.0,5.0
1728,75,20260721,1,2,2.5,0,1,73,0.41,23,4,20.78,99.22
1729,87,20260403,3,1,2.8,0,0,169,0.78,1,3,67.44,47.56
1730,28,20260224,1,2,4.4,1,4,43,0.47,22,6,10.72,100.0
1731,98,20260725,3,2,3.2,1,5,136,0.77,1,2,76.14,33.86
1732,25,20260329,1,2,4.0,1,0,29,0.48,14,4,7.78,100.0
1733,96,20260805,3,1,5.3,0,0,193,0.76,13,3,81.97,33.03
1734,88,20260529,1,2,7.7,0,6,2,0.43,2,9,0.0,100.0
1735,11,20260616,1,1,6.3,0,0,17,0.43,8,7,0.0,100.0
1736,9,20260119,1,2,6.1,1,0,32,0.45,17,6,6.4,100.0
1737,41,20260224,1,2,2.5,1,0,60,0.43,21,3,22.3,92.7
1738,20,20260609,1,1,7.2,0,0,29,0.45,10,7,2.9,100.0
1739,55,20260430,1,2,5.2,1,0,20,0.48,9,4,8.62,100.0
1740,9,20260708,1,2,5.2,2,0,32,0.44,19,6,0.0,100.0
1741,22,20260511,1,2,5.9,5,1,22,0.43,22,7,0.0,100.0
1742,37,20261116,1,2,3.1,2,0,18,0.47,23,6,0.0,100.0
1743,68,20260604,1,2,7.5,2,0,20,0.48,11,6,0.0,100.0
1744,85,20260117,1,2,7.8,0,8,24,0.41,1,7,5.73,100.0
1745,70,20260825,1,2,3.8,1,0,20,0.41,17,5,0.34,100.0
1746,83,20260708,1,2,4.5,2,3,44,0.42,19,2,25.3,84.7
1747,38,20260123,1,1,6.8,0,0,50,0.42,20,5,15.92,100.0
1748,1,20260802,1,2,5.1,2,3,55,0.4,16,4,16.53,100.0
1749,18,20261210,4,2,4.0,1,0,216,0.76,22,0,99.26,0.74
1750,66,20260422,1,1,3.8,0,0,88,0.4,17,3,27.63,87.37
1751,51,20260324,4,2,3.3,2,0,211,0.78,12,0,99.36,0.64
1752,23,20261126,1,2,2.7,1,0,31,0.44,14,5,2.54,100.0
1753,13,20260510,1,1,8.2,0,0,38,0.42,18,5,13.68,100.0
1754,57,20261021,1,1,3.4,0,0,61,0.42,14,4,16.15,100.0
1755,32,20260102,1,2,5.8,2,0,47,0.43,23,4,13.12,100.0
1756,24,20260505,1,2,6.1,1,0,2,0.48,8,6,0.0,100.0
1757,67,20261007,1,2,2.4,2,0,34,0.44,11,3,11.86,100.0
1758,60,20260415,1,2,4.1,2,0,33,0.46,16,6,0.92,100.0
1759,16,20260904,3,2,3.2,1,0,227,0.77,23,3,80.88,34.12
1760,93,20261015,1,2,3.4,1,3,86,0.42,9,5,25.05,99.95
1761,69,20260819,1,1,2.4,0,0,58,0.43,15,4,15.71,100.0
1762,89,20261001,4,1,5.4,0,0,240,0.82,15,2,98.59,11.41
1763,46,20261208,1,2,3.0,2,0,55,0.45,13,6,6.22,100.0
1764,9,20260812,2,1,3.9,0,0,104,0.82,21,4,53.03,66.97
1765,14,20260528,1,2,7.8,2,0,40,0.41,14,8,0.79,100.0
1766,6,20261025,3,2,1.5,2,0,173,0.75,16,2,76.46,33.54
1767,5,20260222,1,2,1.7,1,1,49,0.44,18,4,15.15,100.0
1768,14,20261016,3,1,1.8,0,0,199,0.77,21,2,79.1,30.9
1769,1,20261020,4,3,4.9,0,11,181,0.78,22,2,99.1,10.9
1770,100,20260828,3,3,4.3,2,11,160,0.76,0,5,70.58,54.42
1771,80,20260202,4,2,1.0,1,0,187,0.78,22,1,88.06,16.94
1772,6,20260623,1,2,5.7,2,0,23,0.41,18,9,0.0,100.0
1773,15,20260412,1,2,5.6,1,0,58,0.46,11,4,15.95,100.0
1774,32,20260930,1,1,4.2,0,0,84,0.45,15,4,23.61,96.39
1775,76,20260921,1,2,3.0,0,1,26,0.41,18,7,0.0,100.0
1776,79,20260117,1,2,6.7,4,0,2,0.47,1,6,0.0,100.0
1777,43,20260814,3,1,0.8,0,0,154,0.83,20,2,76.53,33.47
1778,28,20260212,1,2,1.7,1,1,53,0.4,23,5,9.78,100.0
1779,74,20260305,1,2,3.6,2,0,33,0.47,22,3,14.04,100.0
1780,59,20260816,1,1,3.8,0,0,51,0.48,22,6,7.38,100.0
1781,14,20260214,3,1,2.5,0,0,187,0.75,20,1,77.86,27.14
1782,14,20260411,3,1,0.1,0,0,178,0.79,21,2,82.44,27.56
1783,87,20260824,1,1,0.2,0,0,71,0.43,19,3,25.42,89.58
1784,15,20261206,1,2,4.1,1,0,64,0.48,14,3,24.87,90.13
1785,2,20261215,1,1,3.7,0,0,40,0.42,13,4,9.01,100.0
1786,5,20260301,2,2,1.9,2,4,84,0.47,21,1,43.18,61.82
1787,17,20260923,1,1,3.2,0,0,55,0.44,11,5,9.09,100.0
1788,14,20260421,1,2,4.5,1,0,47,0.48,13,6,3.67,100.0
1789,29,20260625,1,2,7.7,1,0,2,0.46,10,7,0.0,100.0
1790,40,20261212,2,2,0.9,1,0,116,0.78,21,1,57.91,47.09
1791,7,20260630,1,2,6.0,2,0,18,0.46,17,6,0.0,100.0
1792,87,20261213,4,1,2.8,0,0,213,0.75,21,1,95.58,9.42
1793,64,20261214,3,1,2.5,0,0,198,0.75,9,2,84.04,25.96
1794,9,20260713,1,1,3.0,0,0,78,0.46,22,4,23.81,96.19
1795,31,20260317,1,2,3.8,1,0,29,0.43,8,7,0.0,100.0
1796,79,20260907,1,2,2.2,1,0,2,0.45,22,4,2.09,100.0
1797,21,20260406,4,2,3.7,5,0,176,0.83,21,1,86.49,18.51
1798,69,20260829,3,2,0.8,1,0,161,0.82,20,0,77.92,22.08
1799,99,20260927,1,1,1.9,0,0,87,0.42,22,2,33.24,76.76
1800,69,20261205,3,2,3.3,2,0,168,0.81,21,0,82.16,17.84
1801,63,20260318,4,2,3.8,1,0,215,0.79,22,0,100.0,0.0
1802,44,20260227,2,1,1.4,0,0,102,0.75,23,3,44.7,70.3
1803,80,20260405,1,1,3.1,0,0,48,0.4,17,5,9.09,100.0
1804,49,20260824,1,2,4.0,1,0,57,0.43,19,5,9.47,100.0
1805,54,20260512,1,2,8.8,6,1,25,0.4,21,6,0.0,100.0
1806,68,20261203,3,1,4.1,0,0,140,0.79,8,3,66.75,48.25
1807,13,20260818,4,1,4.6,0,0,190,0.83,16,1,89.4,15.6
1808,95,20260923,1,2,4.2,2,0,61,0.47,17,5,12.54,100.0
1809,57,20260913,2,1,3.7,0,0,89,0.48,13,3,37.2,77.8
1810,5,20260605,1,2,5.4,0,6,3,0.41,1,7,0.0,100.0
1811,72,20261218,4,3,2.8,2,10,228,0.77,23,0,100.0,0.0
1812,15,20261010,4,2,3.8,1,0,195,0.78,22,0,85.27,14.73
1813,33,20261218,3,1,1.6,0,0,150,0.77,0,2,66.47,43.53
1814,35,20260605,1,2,8.8,1,0,2,0.41,0,8,0.0,100.0
1815,46,20260516,1,2,5.7,1,0,32,0.44,21,7,0.0,100.0
1816,82,20260402,1,2,2.8,0,2,76,0.41,21,5,16.91,100.0
1817,48,20260509,1,2,8.3,2,0,7,0.41,22,9,0.0,100.0
1818,69,20260127,1,2,6.4,2,0,33,0.42,11,6,1.17,100.0
1819,23,20260721,1,2,4.9,1,0,57,0.4,23,7,0.0,100.0
1820,87,20261127,3,1,1.4,0,0,154,0.77,22,1,70.7,34.3
1821,76,20260519,1,2,5.6,0,1,32,0.43,16,6,0.0,100.0
1822,40,20260211,2,2,4.0,1,0,123,0.83,8,3,60.97,54.03
1823,37,20260102,1,2,7.9,6,0,2,0.41,23,8,0.0,100.0
1824,8,20260414,1,2,2.4,1,0,76,0.41,22,2,30.09,79.91
1825,7,20260123,1,2,6.6,2,0,2,0.48,0,6,0.39,100.0
1826,75,20260527,1,3,5.0,6,12,24,0.45,11,7,18.2,100.0
1827,57,20261022,1,1,4.9,0,0,36,0.45,10,4,11.43,100.0
1828,25,20260221,4,2,0.3,1,0,201,0.83,2,0,90.51,9.49
1829,34,20260816,1,2,2.7,2,0,41,0.43,11,4,12.68,100.0
1830,56,20261223,1,2,2.0,1,0,63,0.46,17,3,22.4,92.6
1831,95,20261027,1,2,5.0,1,0,50,0.46,19,4,15.87,100.0
1832,91,20260614,1,2,9.1,0,4,58,0.48,18,6,14.67,100.0
1833,40,20260108,1,2,5.9,2,0,62,0.42,15,6,8.04,100.0
1834,96,20260129,1,2,6.3,1,0,10,0.46,9,7,0.0,100.0
1835,50,20260417,3,1,3.5,0,0,176,0.8,23,1,76.02,28.98
1836,19,20260826,3,2,4.7,1,0,151,0.78,12,3,67.24,47.76
1837,10,20260119,1,2,7.9,6,0,2,0.4,9,9,0.0,100.0
1838,91,20260121,1,3,8.0,0,14,35,0.42,21,7,23.72,100.0
1839,37,20260109,1,2,6.2,6,0,13,0.4,0,6,0.0,100.0
1840,65,20260709,1,2,1.6,0,1,49,0.48,18,4,18.64,100.0
1841,3,20260527,1,3,6.8,8,0,2,0.46,14,6,0.0,100.0
1842,42,20260206,2,2,2.3,2,0,120,0.79,21,3,60.61,54.39
1843,10,20260426,1,1,3.6,0,0,11,0.46,21,6,0.0,100.0
1844,97,20260502,1,1,5.2,0,0,19,0.4,23,5,0.0,100.0
1845,95,20260117,1,1,9.1,0,0,43,0.45,0,7,0.0,100.0
1846,28,20260125,1,2,6.5,4,4,4,0.41,22,8,0.0,100.0
1847,33,20261002,4,2,2.1,4,0,202,0.76,23,0,94.95,5.05
1848,86,20261124,1,2,2.5,1,0,15,0.41,19,4,0.79,100.0
1849,42,20260811,1,1,3.9,0,0,2,0.41,12,5,0.0,100.0
1850,49,20260421,1,2,5.7,1,0,36,0.46,21,7,0.0,100.0
1851,68,20260420,1,2,4.5,1,0,79,0.46,11,5,19.29,100.0
1852,83,20260504,1,2,6.3,1,1,2,0.44,19,4,1.52,100.0
1853,12,20260204,2,2,3.0,1,0,104,0.8,18,1,57.31,47.69
1854,18,20260902,1,1,3.2,0,0,31,0.48,17,4,11.7,100.0
1855,74,20260319,1,1,2.6,0,0,15,0.44,19,4,5.22,100.0
1856,3,20261110,1,2,4.6,5,0,84,0.42,23,3,33.58,81.42
1857,59,20260819,1,2,4.2,2,0,65,0.42,23,4,16.73,100.0
1858,80,20260429,1,2,5.0,1,0,79,0.45,20,5,16.6,100.0
1859,45,20260811,1,1,1.8,0,0,60,0.44,21,3,21.0,94.0
1860,31,20260514,1,1,6.4,0,0,2,0.41,15,7,0.0,100.0
1861,91,20261101,4,3,2.6,0,13,156,0.77,21,2,94.66,15.34
1862,13,20260525,1,1,6.5,0,0,20,0.43,17,6,0.0,100.0
1863,5,20260514,1,2,5.2,0,1,22,0.42,19,7,0.0,100.0
1864,4,20260714,4,2,2.2,2,0,177,0.79,21,0,91.23,8.77
1865,71,20260321,4,2,0.6,2,0,230,0.8,23,0,97.93,2.07
1866,1,20261010,3,2,2.4,2,9,138,0.76,1,2,72.68,37.32
1867,52,20261020,3,2,4.0,1,0,168,0.82,12,1,82.39,22.61
1868,47,20260304,4,1,2.1,0,0,187,0.76,18,0,91.1,8.9
1869,39,20261105,4,2,4.7,2,0,205,0.77,20,1,92.79,12.21
1870,66,20260410,4,1,1.4,0,0,202,0.82,0,0,89.9,10.1
1871,48,20260825,1,2,2.2,2,0,66,0.46,20,4,19.88,100.0
1872,52,20260522,1,2,6.5,2,0,4,0.48,20,5,6.43,100.0
1873,15,20260409,1,2,3.1,1,0,67,0.47,12,3,25.47,89.53
1874,96,20260810,1,1,3.3,0,0,70,0.45,9,3,25.76,89.24
1875,54,20260423,1,2,1.1,2,1,40,0.47,21,5,9.15,100.0
1876,83,20261018,1,2,2.3,1,4,2,0.45,22,4,6.86,100.0
1877,82,20261202,4,2,2.1,3,9,181,0.8,9,2,97.01,12.99
1878,31,20260902,1,1,2.0,0,0,52,0.46,14,4,16.74,100.0
1879,74,20260308,4,1,4.3,0,0,189,0.76,19,1,87.98,17.02
1880,66,20260326,1,2,2.2,2,0,80,0.45,19,2,30.26,79.74
1881,64,20260404,3,2,1.4,2,0,193,0.78,22,2,77.99,32.01
1882,5,20260105,1,2,7.7,0,2,22,0.46,19,7,0.0,100.0
1883,63,20260318,4,2,4.6,2,0,203,0.81,17,0,97.27,2.73
1884,17,20261124,1,2,1.3,1,0,85,0.41,14,2,32.2,77.8
1885,74,20260111,1,2,6.7,1,0,2,0.47,17,7,0.0,100.0
1886,62,20260331,1,2,2.3,1,0,42,0.47,9,5,9.57,100.0
1887,28,20260602,1,3,8.2,7,12,12,0.47,9,7,15.18,100.0
1888,7,20260520,1,2,6.8,1,0,28,0.43,18,6,7.58,100.0
1889,16,20261019,4,1,4.1,0,0,219,0.82,20,1,97.87,7.13
1890,97,20260502,1,2,5.9,1,0,3,0.44,0,6,0.0,100.0
1891,29,20260518,1,2,5.3,1,0,26,0.44,10,7,0.0,100.0
1892,84,20260514,1,2,6.8,1,0,32,0.43,16,8,0.0,100.0
1893,15,20260406,4,2,5.4,1,0,193,0.76,13,1,89.28,15.72
1894,72,20260716,1,2,3.3,1,3,47,0.48,11,4,18.12,100.0
1895,1,20260428,4,3,4.1,2,13,191,0.75,17,1,100.0,5.0
1896,24,20260314,4,2,1.6,2,0,236,0.78,22,0,100.0,0.0
1897,53,20260219,1,2,4.1,1,0,18,0.43,10,6,0.0,100.0
1898,99,20260702,1,2,5.6,2,0,92,0.4,11,3,30.08,84.92
1899,9,20260105,1,1,6.6,0,0,2,0.47,21,7,0.0,100.0
1900,23,20260811,1,2,4.8,1,0,37,0.48,21,7,0.0,100.0
1901,27,20260825,1,2,2.6,1,0,27,0.45,22,4,8.09,100.0
1902,96,20260619,1,2,8.2,1,0,49,0.45,20,8,0.0,100.0
1903,85,20260218,1,2,1.6,1,1,60,0.46,22,5,16.53,100.0
1904,65,20260520,1,3,6.1,2,13,3,0.41,16,5,23.35,100.0
1905,8,20260123,1,2,7.6,1,0,20,0.43,2,7,0.0,100.0
1906,79,20260923,1,2,3.1,1,0,20,0.46,23,5,2.86,100.0
1907,35,20260711,3,2,2.6,2,0,174,0.81,23,0,80.41,19.59
1908,78,20260302,4,1,3.2,0,0,196,0.77,12,0,94.37,5.63
1909,8,20260423,1,1,4.8,0,0,42,0.48,18,4,15.08,100.0
1910,91,20261128,4,3,3.4,1,11,155,0.75,0,1,95.13,9.87
1911,83,20260315,1,2,2.5,1,2,27,0.42,18,3,13.51,100.0
1912,58,20260601,1,3,7.8,9,2,30,0.47,21,8,0.0,100.0
1913,53,20260121,1,2,7.8,1,0,22,0.43,8,8,0.0,100.0
1914,30,20261004,1,2,3.7,0,1,82,0.44,19,4,22.82,97.18
1915,53,20260623,1,2,7.8,2,0,14,0.45,12,9,0.0,100.0
1916,90,20260916,4,2,0.9,0,6,213,0.83,20,0,100.0,0.0
1917,43,20260402,2,1,2.9,0,0,114,0.77,15,2,54.52,55.48
1918,25,20261212,3,2,1.3,1,0,175,0.83,1,0,82.39,17.61
1919,48,20260818,4,1,4.2,0,0,229,0.8,22,1,99.43,5.57
1920,69,20260428,4,1,1.8,0,0,169,0.82,12,0,90.14,9.86
1921,59,20260719,1,1,2.3,0,0,34,0.42,21,4,10.05,100.0
1922,9,20260723,2,1,3.0,0,0,111,0.83,17,2,62.95,47.05
1923,36,20260623,1,2,7.3,2,0,23,0.48,13,8,0.0,100.0
1924,18,20261114,3,2,0.8,1,0,146,0.75,1,0,71.66,28.34
1925,30,20260308,4,3,4.0,0,11,201,0.76,20,2,100.0,10.0
1926,21,20261118,4,2,2.0,5,0,216,0.76,21,0,99.5,0.5
1927,42,20260919,3,2,0.3,2,0,161,0.81,20,0,76.64,23.36
1928,53,20261005,2,2,4.7,1,0,118,0.78,12,5,43.11,81.89
1929,18,20260630,1,2,9.7,2,0,2,0.48,22,8,0.0,100.0
1930,73,20260811,1,2,4.2,2,0,82,0.46,23,3,28.77,86.23
1931,36,20260606,1,2,5.0,1,0,2,0.41,21,5,0.0,100.0
1932,12,20260116,1,2,6.2,2,0,12,0.46,1,4,13.59,100.0
1933,99,20260415,1,2,4.7,2,0,81,0.44,9,3,26.83,88.17
1934,2,20260507,1,2,7.0,1,0,55,0.47,11,6,7.47,100.0
1935,17,20261214,4,2,5.1,1,0,235,0.78,13,2,95.41,14.59
1936,40,20260708,1,2,2.5,1,0,26,0.45,13,5,0.94,100.0
1937,49,20260214,4,2,0.4,1,0,220,0.79,0,0,95.63,4.37
1938,34,20260803,4,2,3.2,6,0,207,0.81,23,1,95.81,9.19
1939,83,20260903,1,2,4.0,1,1,4,0.42,20,6,0.0,100.0
1940,17,20261001,3,1,3.5,0,0,182,0.75,10,1,84.83,20.17
1941,12,20261028,4,2,3.3,2,0,167,0.81,16,0,87.66,12.34
1942,34,20260408,4,2,0.8,4,0,202,0.8,21,1,95.02,9.98
1943,60,20260815,4,2,1.6,1,0,265,0.78,23,0,100.0,0.0
1944,50,20260323,1,1,3.1,0,0,71,0.48,19,3,26.94,88.06
1945,45,20260918,3,2,1.6,1,0,154,0.77,1,2,74.9,35.1
1946,79,20261229,1,2,1.8,1,0,19,0.44,11,5,0.0,100.0
1947,83,20260406,2,2,4.1,1,6,83,0.48,22,4,40.41,79.59
1948,6,20260215,1,1,3.9,0,0,32,0.48,19,6,0.02,100.0
1949,61,20261107,2,2,2.4,1,0,108,0.75,0,2,61.13,48.87
1950,34,20260331,1,2,2.0,1,0,93,0.45,9,3,29.67,85.33
1951,9,20261217,1,2,4.0,1,0,27,0.43,20,6,0.0,100.0
1952,46,20260107,1,1,8.0,0,0,21,0.45,15,8,0.0,100.0
1953,18,20260327,2,2,0.9,2,0,119,0.83,22,2,64.95,45.05
1954,5,20260112,1,2,6.4,1,3,6,0.42,22,7,0.0,100.0
1955,57,20260914,2,2,3.0,1,0,120,0.75,12,2,63.61,46.39
1956,8,20260530,1,2,6.1,1,0,25,0.47,0,4,14.04,100.0
1957,30,20260712,1,2,5.0,1,1,46,0.43,17,6,2.92,100.0
1958,97,20261027,1,1,3.6,0,0,70,0.41,20,5,14.8,100.0
1959,78,20260216,1,1,4.7,0,0,30,0.41,14,5,2.43,100.0
1960,96,20260427,1,2,4.7,1,0,55,0.42,15,5,10.22,100.0
1961,92,20260112,1,2,6.4,2,0,11,0.41,15,6,0.0,100.0
1962,78,20260630,1,1,6.2,0,0,2,0.47,11,7,0.0,100.0
1963,32,20260824,1,2,4.9,1,0,66,0.44,20,5,13.44,100.0
1964,98,20260622,1,2,10.9,1,7,13,0.45,18,9,1.41,100.0
1965,80,20261010,3,2,1.7,1,0,185,0.83,22,1,80.0,25.0
1966,28,20260823,2,3,5.3,9,9,84,0.42,11,4,44.32,75.68
1967,32,20260324,4,2,2.8,2,0,210,0.78,17,1,95.52,9.48
1968,46,20260506,1,2,8.8,2,0,35,0.4,13,8,0.0,100.0
1969,4,20260928,2,2,1.5,2,0,100,0.45,18,2,35.63,74.37
1970,54,20260716,1,2,4.0,1,1,39,0.41,21,7,0.0,100.0
1971,7,20260908,1,2,2.5,1,0,96,0.48,18,3,32.18,82.82
1972,25,20261030,4,2,1.7,6,0,228,0.76,23,0,100.0,0.0
1973,62,20261218,2,2,2.1,1,0,129,0.79,22,2,59.81,50.19
1974,26,20261128,4,3,1.4,7,14,196,0.75,1,0,100.0,0.0
1975,26,20260528,1,2,6.5,6,7,24,0.41,21,6,13.27,100.0
1976,49,20260905,4,2,0.9,2,0,223,0.81,2,1,98.3,6.7
1977,17,20260317,1,2,2.1,1,0,54,0.44,15,3,19.98,95.02
1978,27,20261010,1,2,0.0,1,0,66,0.4,22,4,16.39,100.0
1979,1,20261222,1,2,2.1,2,3,39,0.4,19,4,15.49,100.0
1980,87,20260502,1,1,6.8,0,0,38,0.44,23,8,0.0,100.0
1981,32,20260825,1,2,3.2,1,0,74,0.47,19,4,21.85,98.15
1982,20,20260312,4,2,2.9,1,0,193,0.78,8,0,93.57,6.43
1983,30,20260525,1,2,6.4,1,2,2,0.43,19,9,0.0,100.0
1984,35,20261219,3,2,3.2,2,0,171,0.79,23,0,80.03,19.97
1985,21,20260801,3,2,2.4,1,0,157,0.78,0,2,67.51,42.49
1986,67,20260430,1,2,2.3,1,0,10,0.48,10,5,0.73,100.0
1987,24,20261030,4,1,3.2,0,0,194,0.76,21,0,93.58,6.42
1988,14,20260406,2,2,5.5,2,0,145,0.83,11,4,62.98,57.02
1989,97,20260406,2,2,2.7,2,0,131,0.76,20,4,56.2,63.8
1990,99,20260920,4,3,4.6,8,0,190,0.82,22,0,95.37,4.63
1991,84,20260610,1,2,7.1,2,0,38,0.47,15,8,0.92,100.0
1992,27,20261102,1,2,1.0,1,0,52,0.48,9,3,22.08,92.92
1993,31,20260520,1,2,4.0,1,0,2,0.47,10,6,0.0,100.0
1994,44,20260208,1,2,3.9,1,0,15,0.4,11,4,0.73,100.0
1995,33,20261024,4,3,0.0,8,0,186,0.75,23,0,91.54,8.46
1996,18,20260808,4,2,1.3,2,0,195,0.83,2,0,90.16,9.84
1997,56,20260410,4,2,0.9,2,0,192,0.76,23,0,86.32,13.68
1998,18,20261123,4,1,4.0,0,0,172,0.78,21,0,86.49,13.51
1999,10,20260102,1,2,4.2,3,0,45,0.45,2,6,4.81,100.0
2000,29,20260717,3,2,2.0,1,0,156,0.76,20,4,65.5,54.5
2001,78,20260407,1,2,4.9,2,0,96,0.44,9,3,30.88,84.12
2002,31,20261207,1,2,2.3,2,0,77,0.44,12,4,23.17,96.83
2003,38,20260903,1,2,3.6,1,0,62,0.45,12,4,17.92,100.0
2004,77,20260622,1,2,5.4,1,0,3,0.41,17,4,7.07,100.0
2005,34,20260126,1,3,5.8,7,0,2,0.45,22,6,0.0,100.0
2006,52,20260826,4,2,3.5,2,0,205,0.76,9,1,93.06,11.94
2007,62,20260706,2,3,5.9,9,0,111,0.83,23,5,52.23,72.77
2008,39,20261203,3,2,3.3,2,0,141,0.75,21,2,67.35,42.65
2009,77,20260218,1,2,2.3,1,0,79,0.45,19,2,32.49,77.51
2010,66,20260821,3,2,1.6,2,0,183,0.75,1,0,81.3,18.7
2011,31,20260920,4,2,3.5,1,0,176,0.82,10,0,90.59,9.41
2012,46,20260202,4,2,4.0,1,0,186,0.82,14,1,90.69,14.31
2013,74,20261008,4,1,4.1,0,0,235,0.82,20,0,100.0,0.0
2014,41,20260705,1,2,3.1,2,0,71,0.48,22,3,27.09,87.91
2015,96,20260208,1,2,2.4,1,0,81,0.46,9,3,28.85,86.15
2016,76,20260816,1,2,3.2,0,3,7,0.41,17,5,1.36,100.0
2017,86,20261210,1,1,5.3,0,0,39,0.46,19,5,15.92,100.0
2018,85,20260325,3,3,2.8,1,10,130,0.82,22,4,75.1,44.9
2019,28,20260217,1,2,3.6,0,1,27,0.44,14,4,9.88,100.0
2020,33,20260630,1,2,7.3,4,0,9,0.48,9,8,0.0,100.0
2021,74,20261024,4,2,0.0,2,0,176,0.82,0,0,90.19,9.81
2022,1,20261027,1,2,3.3,2,3,74,0.44,15,4,23.7,96.3
2023,13,20261109,4,2,5.4,1,0,204,0.76,18,0,96.08,3.92
2024,95,20260614,1,1,8.0,0,0,36,0.41,20,5,4.36,100.0
2025,23,20261130,1,2,3.3,1,0,36,0.41,22,7,0.0,100.0
2026,28,20260531,1,3,9.2,7,12,44,0.46,22,7,24.96,100.0
2027,67,20260820,1,2,1.7,1,0,39,0.44,11,3,15.16,99.84
2028,28,20261019,4,2,4.7,6,8,154,0.83,22,2,86.87,23.13
2029,7,20261226,4,1,0.2,0,0,192,0.8,23,0,88.7,11.3
2030,7,20261030,4,2,1.3,1,0,191,0.75,22,1,86.26,18.74
2031,65,20260617,1,2,8.4,1,7,38,0.45,15,8,9.95,100.0
2032,48,20261219,3,2,1.1,1,0,197,0.83,23,1,83.61,21.39
2033,69,20260827,4,2,2.3,1,0,204,0.8,13,0,99.38,0.62
2034,65,20260403,4,2,2.5,1,9,176,0.77,23,0,94.39,5.61
2035,6,20260110,1,2,5.6,2,0,41,0.42,0,7,4.74,100.0
2036,90,20260331,1,2,3.5,2,3,73,0.48,15,5,20.99,100.0
2037,33,20260423,1,2,3.7,1,0,72,0.44,11,5,14.74,100.0
2038,40,20260823,2,2,3.0,1,0,104,0.8,13,3,57.67,57.33
2039,15,20260409,1,2,2.1,1,0,82,0.44,15,2,31.46,78.54
2040,40,20261028,2,2,2.0,2,0,123,0.82,8,3,61.26,53.74
2041,81,20261007,1,2,3.3,2,0,95,0.43,15,3,28.93,86.07
2042,65,20260424,4,3,0.1,1,11,213,0.79,1,0,100.0,0.0
2043,80,20260301,1,2,3.1,2,0,69,0.46,15,3,23.49,91.51
2044,48,20260207,4,2,0.2,2,0,246,0.76,22,0,100.0,0.0
2045,12,20260727,2,2,6.2,1,0,123,0.79,21,2,58.51,51.49
2046,22,20260318,4,2,3.7,3,9,199,0.75,9,1,100.0,5.0
2047,69,20260915,1,2,4.2,1,0,80,0.44,15,3,28.78,86.22
2048,56,20260621,1,1,6.0,0,0,19,0.47,19,6,4.32,100.0
2049,93,20260805,3,2,6.6,4,9,174,0.75,23,4,83.69,36.31
2050,95,20260207,2,1,3.5,0,0,118,0.81,0,3,54.03,60.97
2051,72,20260317,1,2,4.8,2,1,84,0.46,22,4,23.94,96.06
2052,51,20261112,1,2,4.5,2,0,49,0.43,8,7,0.74,100.0
2053,87,20260826,3,1,3.5,0,0,170,0.8,18,1,82.29,22.71
2054,65,20260526,1,2,7.4,2,2,2,0.47,19,6,0.0,100.0
2055,32,20260102,1,1,6.0,0,0,14,0.48,22,9,0.0,100.0
2056,18,20260207,4,1,0.4,0,0,207,0.82,23,0,92.99,7.01
2057,1,20261228,4,2,3.6,1,5,203,0.82,16,0,100.0,0.0
2058,76,20260821,2,3,1.1,0,12,59,0.47,23,2,44.62,65.38
2059,60,20260217,1,1,3.7,0,0,64,0.41,22,6,7.13,100.0
2060,33,20260731,4,1,0.0,0,0,205,0.78,22,1,85.9,19.1
2061,24,20261124,1,2,5.0,2,0,65,0.4,8,4,18.5,100.0
2062,75,20260808,4,2,2.6,0,5,205,0.77,1,1,90.51,14.49
2063,27,20261121,1,2,1.9,2,0,37,0.45,22,5,4.99,100.0
2064,51,20260608,1,2,6.5,2,0,24,0.47,10,7,0.0,100.0
2065,53,20260601,1,2,8.4,2,0,2,0.4,8,9,0.0,100.0
2066,55,20260223,2,2,3.1,2,0,88,0.45,23,2,35.49,74.51
2067,72,20260121,1,3,6.3,8,9,2,0.44,21,6,13.59,100.0
2068,4,20260130,1,1,7.3,0,0,60,0.46,22,4,15.75,100.0
2069,26,20261028,4,3,3.0,8,13,173,0.83,9,0,100.0,0.0
2070,21,20260828,3,2,1.6,2,0,151,0.76,0,1,70.33,34.67
2071,78,20260625,1,1,6.3,0,0,40,0.44,15,5,5.68,100.0
2072,87,20260807,4,2,2.8,1,0,223,0.8,22,0,95.82,4.18
2073,92,20261213,4,2,1.7,1,0,194,0.83,22,0,98.12,1.88
2074,98,20261016,4,3,0.3,1,14,199,0.82,0,0,100.0,0.0
2075,24,20260326,1,2,2.8,1,0,61,0.46,10,3,20.77,94.23
2076,80,20260921,1,2,2.0,1,0,75,0.48,15,3,27.17,87.83
2077,17,20261130,1,1,3.8,0,0,35,0.45,12,5,3.66,100.0
2078,47,20260421,1,2,3.0,1,0,52,0.44,17,6,6.18,100.0
2079,69,20260629,1,2,5.3,1,0,30,0.46,15,4,9.26,100.0
2080,9,20261104,2,2,2.2,1,0,100,0.4,18,2,42.82,67.18
2081,78,20260808,2,2,2.4,2,0,143,0.77,20,2,63.38,46.62
2082,72,20261113,4,3,0.7,9,9,150,0.82,2,1,91.17,13.83
2083,7,20260616,1,2,6.3,1,0,13,0.46,18,6,0.0,100.0
2084,84,20261005,1,2,4.5,1,0,54,0.4,20,7,0.0,100.0
2085,61,20260319,1,2,2.2,2,0,58,0.48,21,4,17.1,100.0
2086,77,20260928,1,2,4.6,1,0,43,0.45,16,4,11.86,100.0
2087,21,20261017,4,2,0.0,1,0,196,0.81,23,0,90.34,9.66
2088,91,20260420,1,2,3.7,1,2,48,0.43,20,6,7.45,100.0
2089,31,20260915,1,1,3.2,0,0,58,0.45,11,4,16.46,100.0
2090,46,20260409,1,2,3.5,1,0,46,0.42,11,6,2.02,100.0
2091,5,20260823,4,2,4.0,2,6,193,0.76,18,2,93.95,16.05
2092,41,20260812,4,2,2.8,2,0,250,0.8,19,0,100.0,0.0
2093,66,20261115,1,1,5.3,0,0,86,0.45,16,2,34.04,75.96
2094,80,20260501,1,2,6.4,2,0,2,0.4,22,8,0.0,100.0
2095,52,20260109,1,2,7.0,1,0,31,0.41,22,4,6.03,100.0
2096,82,20261003,4,3,2.2,7,6,182,0.79,2,0,100.0,0.0
2097,36,20261116,1,2,3.1,2,0,44,0.43,12,4,11.75,100.0
2098,66,20260224,1,2,3.0,1,0,30,0.46,16,5,5.62,100.0
2099,57,20260517,1,2,7.6,1,0,2,0.45,9,6,0.0,100.0
2100,57,20260116,1,2,8.7,1,0,23,0.43,22,7,0.86,100.0
2101,29,20261218,3,2,3.3,2,0,191,0.75,20,2,74.1,35.9
2102,80,20260206,4,1,0.9,0,0,213,0.77,0,0,98.59,1.41
2103,91,20261225,3,3,0.9,1,14,143,0.78,1,2,84.28,25.72
2104,89,20260304,3,1,5.1,0,0,193,0.76,17,2,84.52,25.48
2105,17,20260303,4,2,3.0,2,0,193,0.79,15,1,90.82,14.18
2106,2,20261026,1,2,2.5,1,0,45,0.48,12,4,14.49,100.0
2107,45,20260511,1,1,5.3,0,0,28,0.43,20,6,0.0,100.0
2108,66,20261225,3,2,1.5,2,0,184,0.83,0,0,83.89,16.11
2109,90,20260402,1,2,2.7,2,1,70,0.44,22,4,21.14,98.86
2110,30,20261024,3,2,2.1,2,5,170,0.81,22,3,82.31,32.69
2111,80,20260803,3,1,5.3,0,0,170,0.81,15,4,72.96,47.04
2112,12,20260531,1,2,8.2,1,0,16,0.42,19,8,0.0,100.0
2113,64,20261029,1,2,1.4,2,0,62,0.45,8,3,20.51,94.49
2114,39,20261102,1,1,4.7,0,0,78,0.44,16,5,18.03,100.0
2115,17,20260406,3,2,3.9,2,0,168,0.75,10,2,78.34,31.66
2116,22,20260629,1,3,6.9,9,2,40,0.47,22,7,0.93,100.0
2117,24,20260108,1,1,8.1,0,0,51,0.47,15,7,2.53,100.0
2118,81,20260328,3,2,3.2,2,0,176,0.8,22,1,78.29,26.71
2119,75,20260111,1,3,7.2,8,4,14,0.42,21,8,0.0,100.0
2120,18,20261102,1,2,3.1,1,0,44,0.42,16,3,13.99,100.0
2121,38,20261123,4,2,2.8,1,0,194,0.82,10,0,96.4,3.6
2122,21,20260610,1,3,7.2,9,0,6,0.41,23,8,0.0,100.0
2123,78,20260904,4,1,1.3,0,0,212,0.79,20,0,90.71,9.29
2124,36,20260803,4,2,4.0,1,0,176,0.77,10,0,89.6,10.4
2125,55,20260929,1,2,4.8,1,0,62,0.44,22,3,23.35,91.65
2126,42,20260916,3,1,3.2,0,0,128,0.8,9,2,68.09,41.91
2127,49,20260511,1,1,6.1,0,0,24,0.4,17,7,0.0,100.0
2128,83,20260731,2,2,0.0,0,7,59,0.47,2,1,40.76,64.24
2129,65,20260823,4,2,3.5,1,9,179,0.75,15,1,98.39,6.61
2130,34,20261031,3,2,1.1,1,0,175,0.75,1,0,81.29,18.71
2131,80,20261228,4,2,4.1,1,0,204,0.79,21,1,92.63,12.37
2132,91,20260907,1,2,4.0,0,1,66,0.48,16,4,22.57,97.43
2133,5,20260515,1,2,7.3,1,6,19,0.4,23,8,0.0,100.0
2134,18,20260805,4,2,2.7,1,0,222,0.75,20,0,100.0,0.0
2135,88,20260819,1,2,1.7,2,2,8,0.4,17,5,0.52,100.0
2136,85,20260306,4,2,2.5,0,5,185,0.75,23,0,91.65,8.35
2137,50,20260824,1,2,2.2,2,0,2,0.47,22,6,0.0,100.0
2138,94,20260318,3,2,4.0,2,0,137,0.75,13,2,68.93,41.07
2139,70,20260130,1,2,6.9,1,0,15,0.4,23,7,0.0,100.0
2140,82,20260308,4,2,3.4,4,7,185,0.77,11,1,96.53,8.47
2141,24,20261231,4,2,4.2,1,0,198,0.82,12,0,98.31,1.69
2142,76,20261008,1,2,4.0,2,8,44,0.4,16,4,31.43,88.57
2143,44,20261009,1,1,1.6,0,0,90,0.41,22,3,29.24,85.76
2144,60,20260118,1,2,6.0,1,0,2,0.46,15,8,0.0,100.0
2145,83,20260622,1,2,8.2,2,6,34,0.47,16,9,5.21,100.0
2146,77,20260129,1,2,8.4,2,0,9,0.47,17,6,0.0,100.0
2147,1,20261127,4,3,1.4,2,14,223,0.83,23,1,100.0,5.0
2148,59,20260423,1,2,4.4,2,0,77,0.47,9,3,26.8,88.2
2149,58,20260119,1,2,8.0,5,6,37,0.44,21,6,18.32,100.0
2150,23,20260718,2,2,2.3,1,0,113,0.82,1,4,46.74,73.26
2151,43,20260323,1,2,2.4,2,0,87,0.43,9,4,24.09,95.91
2152,17,20260328,4,2,2.1,1,0,206,0.81,20,0,89.8,10.2
2153,100,20260722,1,2,2.2,2,3,54,0.41,11,6,8.58,100.0
2154,22,20260307,4,2,0.0,2,9,181,0.81,22,1,92.66,12.34
2155,13,20260116,1,2,7.6,2,0,53,0.4,0,5,18.31,100.0
2156,78,20261003,3,2,1.7,2,0,153,0.81,21,1,80.25,24.75
2157,7,20261003,4,2,1.0,1,0,192,0.78,0,1,90.54,14.46
2158,13,20260809,4,2,5.4,2,0,231,0.83,21,0,100.0,0.0
2159,92,20260105,1,2,8.9,1,0,26,0.48,20,7,0.0,100.0
2160,14,20260211,4,2,3.8,1,0,189,0.83,10,1,88.72,16.28
2161,38,20260529,1,2,7.5,2,0,66,0.44,22,6,9.42,100.0
2162,85,20261118,4,3,5.2,0,11,181,0.75,17,2,97.06,12.94
2163,88,20260915,1,2,2.6,1,1,2,0.43,16,7,0.0,100.0
2164,38,20261006,1,2,3.5,2,0,80,0.42,8,4,22.67,97.33
2165,55,20260201,1,2,6.0,2,0,77,0.4,9,3,25.96,89.04
2166,35,20260219,1,2,5.3,1,0,58,0.43,20,4,16.3,100.0
2167,56,20260120,1,2,6.3,1,0,30,0.43,22,5,11.5,100.0
2168,85,20260125,1,2,6.0,0,2,2,0.46,16,8,0.0,100.0
2169,94,20261221,4,2,5.9,2,0,197,0.78,15,0,94.79,5.21
2170,45,20260515,1,2,6.3,1,0,4,0.41,23,6,0.0,100.0
2171,95,20261112,1,2,4.0,2,0,60,0.46,15,5,12.75,100.0
2172,86,20261005,1,2,4.2,2,0,46,0.48,19,4,12.76,100.0
2173,51,20260617,1,2,8.4,1,0,4,0.44,12,9,0.0,100.0
2174,35,20261002,3,1,3.6,0,0,163,0.82,1,1,81.13,23.87
2175,85,20260405,1,2,4.0,1,4,52,0.4,17,5,14.26,100.0
2176,81,20261011,4,2,5.5,2,0,190,0.75,20,0,93.76,6.24
2177,80,20260612,1,2,7.7,1,0,29,0.46,0,6,0.77,100.0
2178,20,20260709,1,2,3.3,1,0,95,0.47,10,3,31.0,84.0
2179,43,20261228,4,2,1.6,2,0,197,0.82,15,2,87.4,22.6
2180,84,20261021,1,2,4.4,1,0,66,0.47,22,5,14.76,100.0
2181,80,20260115,1,2,7.0,2,0,58,0.43,18,8,0.0,100.0
2182,76,20260306,1,3,2.8,0,11,33,0.45,2,5,22.66,100.0
2183,40,20260315,1,2,3.9,1,0,53,0.4,10,3,17.1,97.9
2184,95,20260206,3,1,0.0,0,0,135,0.83,22,1,74.38,30.62
2185,32,20260309,1,1,3.9,0,0,62,0.43,15,4,18.87,100.0
2186,52,20260916,3,2,3.5,1,0,144,0.8,10,1,77.36,27.64
2187,1,20260623,1,2,7.5,0,1,2,0.46,17,9,0.0,100.0
2188,39,20260616,1,2,7.3,1,0,9,0.43,16,4,3.28,100.0
2189,76,20261226,2,2,0.8,0,7,108,0.79,23,3,60.97,54.03
2190,67,20260929,1,2,3.1,2,0,42,0.48,12,4,11.34,100.0
2191,42,20260202,3,1,3.5,0,0,134,0.83,9,3,66.23,48.77
2192,4,20260628,1,2,6.3,1,0,19,0.48,16,7,0.0,100.0
2193,48,20260623,1,2,7.2,1,0,32,0.42,18,7,0.0,100.0
2194,4,20260308,4,1,3.5,0,0,204,0.82,22,2,88.36,21.64
2195,13,20261105,4,2,4.5,2,0,189,0.76,22,1,87.52,17.48
2196,24,20260316,1,1,3.7,0,0,91,0.42,10,3,27.36,87.64
2197,82,20261208,1,2,1.0,2,2,82,0.45,21,3,31.78,83.22
2198,87,20260925,3,2,2.5,1,0,184,0.81,0,2,77.66,32.34
2199,48,20260313,4,2,0.2,2,0,215,0.75,23,1,88.45,16.55
2200,4,20260825,1,2,3.4,1,0,57,0.44,20,3,20.72,94.28
2201,99,20260328,3,2,3.6,1,0,158,0.82,0,1,74.17,30.83
2202,27,20260815,1,2,0.0,2,0,32,0.42,23,2,18.85,91.15
2203,54,20260131,1,3,6.6,9,14,14,0.44,0,4,24.61,100.0
2204,61,20260610,1,2,7.8,2,0,79,0.42,20,7,15.97,100.0
2205,3,20261203,3,3,3.9,9,0,145,0.78,21,2,70.74,39.26
2206,96,20260531,1,1,9.4,0,0,2,0.45,8,7,0.0,100.0
2207,39,20261217,1,2,3.8,1,0,80,0.47,18,3,28.22,86.78
2208,61,20261212,2,2,0.0,2,0,124,0.75,22,2,57.12,52.88
2209,14,20260816,1,2,4.1,1,0,90,0.45,10,3,31.72,83.28
2210,89,20260126,1,2,6.0,1,0,16,0.44,20,7,0.0,100.0
2211,32,20260428,3,2,0.9,1,0,190,0.77,20,2,84.22,25.78
2212,68,20260718,4,2,2.3,1,0,222,0.79,21,0,95.52,4.48
2213,57,20260326,1,2,1.3,2,0,42,0.45,12,5,7.55,100.0
2214,10,20261212,1,2,1.2,1,0,48,0.43,2,5,7.2,100.0
2215,54,20261117,2,3,2.4,7,13,97,0.41,11,4,55.43,64.57
2216,95,20260519,1,2,6.7,2,0,2,0.46,15,7,0.0,100.0
2217,96,20260905,4,2,0.0,2,0,176,0.83,20,0,90.79,9.21
2218,78,20260413,4,2,3.4,2,0,195,0.76,9,1,88.7,16.3
2219,4,20261027,1,2,4.1,2,0,74,0.48,19,3,26.06,88.94
2220,77,20261211,4,2,1.6,1,0,170,0.79,0,0,87.17,12.83
2221,85,20260223,1,2,3.7,1,1,17,0.48,21,7,0.0,100.0
2222,72,20260708,2,2,3.4,2,3,95,0.4,9,2,39.25,70.75
2223,86,20261008,1,2,4.7,2,0,48,0.4,22,5,16.59,100.0
2224,33,20260802,1,1,3.2,0,0,90,0.43,22,3,29.49,85.51
2225,82,20260712,1,2,3.0,1,2,61,0.47,21,6,13.31,100.0
2226,17,20261107,3,2,0.6,2,0,165,0.79,22,0,84.89,15.11
2227,81,20260129,1,2,6.7,2,0,35,0.42,17,4,8.37,100.0
2228,64,20260907,2,2,2.8,2,0,122,0.75,15,3,53.01,61.99
2229,43,20260228,3,1,0.2,0,0,188,0.76,21,1,78.89,26.11
2230,58,20260726,1,2,4.3,1,2,99,0.41,22,3,33.11,81.89
2231,40,20260324,2,2,7.1,2,0,102,0.77,10,3,54.87,60.13
2232,49,20260531,1,1,5.5,0,0,2,0.45,15,8,0.0,100.0
2233,24,20260316,1,1,3.1,0,0,66,0.48,10,2,28.68,81.32
2234,3,20260323,1,2,2.8,2,0,2,0.42,21,4,0.0,100.0
2235,4,20260718,3,1,0.0,0,0,158,0.82,23,1,73.34,31.66
2236,55,20260723,4,3,4.2,8,0,183,0.77,9,0,93.06,6.94
2237,32,20260709,1,1,3.2,0,0,64,0.45,22,4,18.33,100.0
2238,62,20261208,1,2,3.9,1,0,51,0.45,22,6,6.81,100.0
2239,94,20260321,4,2,2.7,2,0,201,0.75,20,0,86.01,13.99
2240,86,20260605,1,2,6.8,1,0,26,0.47,23,7,0.0,100.0
2241,77,20260831,2,1,3.4,0,0,94,0.48,19,2,35.37,74.63
2242,38,20261208,1,2,2.8,2,0,83,0.47,14,4,25.51,94.49
2243,76,20260817,1,2,5.1,2,1,72,0.42,16,5,15.8,100.0
2244,85,20260121,1,2,5.6,2,7,71,0.48,17,5,34.44,100.0
2245,80,20260603,1,2,8.6,2,0,2,0.46,18,7,0.0,100.0
2246,38,20260305,1,2,4.6,1,0,49,0.41,14,3,17.1,97.9
2247,62,20261017,3,2,0.0,1,0,136,0.81,23,1,66.08,38.92
2248,88,20260117,1,3,6.5,1,12,17,0.44,23,7,8.77,100.0
2249,49,20260207,3,2,2.1,2,0,176,0.79,23,3,68.75,46.25
2250,32,20260728,4,2,2.1,1,0,194,0.79,17,0,93.41,6.59
2251,39,20260216,1,1,5.3,0,0,53,0.45,19,5,9.1,100.0
2252,63,20260322,1,2,4.1,1,0,67,0.44,20,3,22.88,92.12
2253,77,20260314,4,2,3.1,1,0,183,0.79,0,0,90.73,9.27
2254,90,20261019,3,2,2.2,2,7,153,0.78,15,3,79.22,35.78
2255,89,20260303,4,2,4.5,1,0,214,0.83,18,3,90.02,24.98
2256,65,20261123,4,3,2.5,2,10,208,0.8,16,0,100.0,0.0
2257,100,20260322,1,2,2.3,2,4,46,0.4,21,6,6.84,100.0
2258,87,20260125,1,1,8.3,0,0,11,0.42,18,7,0.0,100.0
2259,58,20260713,1,2,1.8,0,1,21,0.41,21,5,1.03,100.0
2260,4,20260823,4,1,1.7,0,0,232,0.79,17,0,100.0,0.0
2261,31,20260815,3,2,1.2,2,0,181,0.83,22,0,83.24,16.76
2262,27,20260916,1,2,4.4,3,0,62,0.48,21,3,33.15,81.85
2263,6,20261204,3,2,1.3,1,0,171,0.8,2,2,80.78,29.22
2264,91,20260606,1,3,7.1,1,12,2,0.46,2,7,6.44,100.0
2265,7,20260927,1,2,3.5,1,0,49,0.42,15,4,14.79,100.0
2266,21,20260812,4,3,4.2,8,0,192,0.82,22,2,86.74,23.26
2267,37,20261005,1,2,3.5,1,0,49,0.42,22,4,13.84,100.0
2268,14,20260929,1,1,7.2,0,0,90,0.48,10,5,23.66,100.0
2269,60,20260117,1,1,8.3,0,0,12,0.46,23,9,0.0,100.0
2270,90,20260327,4,2,1.8,2,9,163,0.77,2,2,88.58,21.42
2271,97,20261205,2,2,0.9,1,0,151,0.75,2,3,58.73,56.27
2272,67,20260926,1,2,3.9,2,0,83,0.46,20,4,30.41,89.59
2273,65,20260831,2,2,4.3,1,3,101,0.83,19,4,48.54,71.46
2274,28,20261224,1,2,2.1,1,1,46,0.44,21,3,20.68,94.32
2275,10,20260906,1,3,3.3,7,0,59,0.44,11,4,24.34,95.66
2276,48,20260912,4,2,1.9,1,0,175,0.81,23,0,88.72,11.28
2277,97,20260921,1,1,4.6,0,0,2,0.41,20,7,0.0,100.0
2278,11,20260927,2,1,3.4,0,0,89,0.45,15,2,36.19,73.81
2279,76,20260314,2,3,0.0,2,13,50,0.44,1,4,43.0,77.0
2280,37,20260418,3,2,1.6,1,0,136,0.81,22,1,65.29,39.71
2281,15,20260326,2,2,2.8,2,0,73,0.47,9,1,36.29,68.71
2282,50,20260717,3,2,0.0,2,0,119,0.76,23,1,69.23,35.77
2283,4,20261217,1,2,3.9,1,0,15,0.42,22,6,0.0,100.0
2284,94,20260516,1,2,6.7,1,0,2,0.47,20,6,0.0,100.0
2285,73,20260414,1,2,3.0,1,0,63,0.43,22,4,18.58,100.0
2286,19,20260307,2,1,1.0,0,0,137,0.76,20,2,58.8,51.2
2287,4,20261130,1,2,4.1,2,0,87,0.41,16,4,23.84,96.16
2288,95,20260925,2,1,0.0,0,0,112,0.81,0,1,59.27,45.73
2289,58,20260418,4,3,0.0,2,13,145,0.78,2,1,88.24,16.76
2290,52,20260908,2,2,5.8,2,0,122,0.82,10,5,46.5,78.5
2291,10,20260908,1,2,3.3,2,0,36,0.42,9,7,0.0,100.0
2292,13,20261127,3,2,1.4,2,0,179,0.81,2,0,81.91,18.09
2293,46,20261021,1,1,6.1,0,0,73,0.4,10,5,16.07,100.0
2294,50,20260412,1,2,4.0,1,0,42,0.41,18,3,13.29,100.0
2295,67,20261212,1,2,4.4,2,0,98,0.47,21,3,32.61,82.39
2296,10,20261129,1,3,2.5,8,0,64,0.46,23,5,23.27,100.0
2297,36,20260430,1,2,5.2,2,0,78,0.4,12,2,27.5,82.5
2298,97,20261105,2,1,3.5,0,0,145,0.8,15,5,60.88,64.12
2299,18,20260622,1,1,6.6,0,0,30,0.43,20,4,13.84,100.0
2300,81,20260727,1,1,4.2,0,0,38,0.42,19,3,15.02,99.98
2301,59,20260825,1,1,3.8,0,0,83,0.46,11,4,25.71,94.29
2302,82,20261007,1,2,1.2,0,4,83,0.45,14,4,31.11,88.89
2303,76,20260305,1,2,1.4,0,4,46,0.4,18,5,14.26,100.0
2304,99,20260911,4,3,1.2,8,0,202,0.83,22,0,99.53,0.47
2305,10,20260525,1,3,6.1,8,0,37,0.43,23,6,2.48,100.0
2306,32,20261112,1,2,4.1,2,0,93,0.4,17,4,26.3,93.7
2307,59,20260926,4,3,0.0,9,0,188,0.82,0,0,93.37,6.63
2308,87,20260110,1,2,6.7,2,0,2,0.42,1,7,0.0,100.0
2309,27,20260923,1,2,2.8,1,0,3,0.45,22,5,0.0,100.0
2310,41,20260713,1,1,3.5,0,0,50,0.45,15,3,19.11,95.89
2311,12,20260729,1,2,3.9,2,0,60,0.43,18,5,11.67,100.0
2312,45,20260816,1,2,2.0,1,0,23,0.43,15,5,0.2,100.0
2313,84,20260817,1,1,3.1,0,0,47,0.44,19,5,9.97,100.0
2314,59,20260611,1,2,7.0,3,0,6,0.48,22,9,0.0,100.0
2315,80,20260604,1,2,9.6,2,0,39,0.4,16,7,0.0,100.0
2316,33,20260718,3,1,2.4,0,0,179,0.79,23,2,74.53,35.47
2317,52,20260323,1,1,4.8,0,0,41,0.47,15,6,5.07,100.0
2318,67,20260619,1,2,8.2,1,0,2,0.41,21,7,0.0,100.0
2319,1,20260407,1,2,4.4,2,4,66,0.43,22,3,29.49,85.51
2320,67,20260321,1,2,1.3,2,0,50,0.46,22,3,18.48,96.52
2321,60,20260217,1,2,1.3,1,0,83,0.41,21,4,22.48,97.52
2322,68,20260307,4,1,1.7,0,0,197,0.8,22,0,89.72,10.28
2323,22,20260324,4,3,3.4,8,8,215,0.78,21,1,100.0,5.0
2324,37,20260128,1,2,7.2,3,0,27,0.45,22,7,0.0,100.0
2325,7,20261123,4,1,2.7,0,0,241,0.83,21,0,100.0,0.0
2326,86,20260120,1,1,5.8,0,0,33,0.48,22,6,7.69,100.0
2327,19,20260220,3,2,1.1,1,0,142,0.81,22,1,69.06,35.94
2328,45,20261120,2,2,0.0,1,0,92,0.4,23,1,36.63,68.37
2329,23,20260524,1,2,5.2,6,0,21,0.44,11,8,0.0,100.0
2330,34,20260709,1,1,4.2,0,0,80,0.42,9,4,20.04,99.96
2331,18,20260121,1,1,9.1,0,0,5,0.42,17,7,0.0,100.0
2332,19,20260224,1,2,5.3,1,0,2,0.44,15,6,0.0,100.0
2333,45,20260811,1,2,4.6,1,0,80,0.43,20,2,29.09,80.91
2334,91,20260514,1,2,6.1,2,4,2,0.4,15,8,0.0,100.0
2335,34,20261118,4,3,2.2,8,0,176,0.82,21,1,85.07,19.93
2336,96,20260509,1,2,5.9,2,0,2,0.42,22,7,0.0,100.0
2337,80,20260127,1,2,5.3,2,0,16,0.47,21,6,0.0,100.0
2338,33,20260106,1,3,2.6,9,0,11,0.42,22,7,0.0,100.0
2339,69,20260703,4,2,1.4,2,0,208,0.79,20,0,90.83,9.17
2340,92,20261214,4,1,1.8,0,0,184,0.82,22,1,89.32,15.68
2341,52,20260518,1,1,7.5,0,0,46,0.45,15,5,6.78,100.0
2342,7,20261025,4,1,3.4,0,0,187,0.82,18,0,92.76,7.24
2343,95,20260224,1,2,4.0,1,0,2,0.4,22,5,0.0,100.0
2344,51,20260413,4,2,4.1,1,0,208,0.82,12,2,92.02,17.98
2345,99,20260917,1,2,4.0,1,0,31,0.43,21,5,3.44,100.0
2346,45,20260226,1,2,2.7,2,0,16,0.48,19,4,7.55,100.0
2347,96,20261001,4,2,2.6,1,0,232,0.77,11,0,100.0,0.0
2348,77,20260114,1,2,9.0,1,0,2,0.43,16,8,0.0,100.0
2349,16,20260926,4,1,0.1,0,0,175,0.78,22,0,90.78,9.22
2350,49,20261010,4,2,1.7,1,0,199,0.81,23,0,91.09,8.91
2351,26,20260730,2,2,2.4,1,1,92,0.44,21,2,36.56,73.44
2352,51,20260326,1,2,3.3,2,0,45,0.47,12,3,18.39,96.61
2353,98,20261003,4,2,2.2,0,8,199,0.75,1,0,100.0,0.0
2354,37,20260515,1,2,7.5,5,0,34,0.47,1,6,2.8,100.0
2355,87,20260619,1,1,6.5,0,0,3,0.43,22,7,0.0,100.0
2356,20,20261007,1,1,5.5,0,0,57,0.48,13,4,16.63,100.0
2357,14,20260726,1,2,3.7,1,0,54,0.41,9,6,6.38,100.0
2358,36,20260803,4,1,1.5,0,0,174,0.82,8,0,91.2,8.8
2359,72,20260315,1,2,2.0,2,4,60,0.46,21,2,34.45,75.55
2360,45,20260314,3,1,1.1,0,0,130,0.79,22,0,76.29,23.71
2361,16,20260501,1,2,8.0,1,0,8,0.46,0,9,0.0,100.0
2362,43,20261218,2,2,0.7,2,0,122,0.83,20,3,53.04,61.96
2363,48,20260308,3,2,2.6,2,0,182,0.79,17,2,80.78,29.22
2364,68,20260921,1,2,0.9,2,0,47,0.46,13,5,7.66,100.0
2365,4,20261025,3,2,1.9,2,0,167,0.75,16,1,80.1,24.9
2366,52,20260424,4,2,0.6,1,0,166,0.83,21,0,87.48,12.52
2367,46,20260425,3,2,4.5,2,0,169,0.77,21,2,78.34,31.66
2368,24,20260103,1,1,5.2,0,0,2,0.41,20,5,0.0,100.0
2369,71,20261210,3,2,4.9,3,0,165,0.83,23,3,74.04,40.96
2370,77,20260427,1,2,4.4,2,0,44,0.45,15,6,3.4,100.0
2371,52,20260430,1,1,3.0,0,0,57,0.44,9,5,10.3,100.0
2372,42,20260414,1,2,3.1,2,0,63,0.45,13,4,18.18,100.0
2373,48,20260103,1,2,6.9,1,0,19,0.43,2,7,0.0,100.0
2374,98,20261109,4,3,3.9,0,14,213,0.75,15,0,100.0,0.0
2375,24,20260619,1,2,5.5,1,0,23,0.42,22,5,0.0,100.0
2376,76,20260308,2,2,2.5,2,9,62,0.44,22,5,35.49,89.51
2377,31,20260604,1,1,6.0,0,0,64,0.47,9,6,10.83,100.0
2378,17,20261225,3,2,2.2,2,0,188,0.8,22,1,81.7,23.3
2379,91,20261130,1,2,3.0,2,1,45,0.42,22,4,11.97,100.0
2380,52,20260323,1,1,2.4,0,0,67,0.45,12,2,29.26,80.74
2381,14,20261228,4,2,1.4,2,0,183,0.79,11,1,86.15,18.85
2382,47,20260611,1,1,7.5,0,0,26,0.42,21,9,0.0,100.0
2383,23,20260923,1,1,3.2,0,0,54,0.47,23,4,16.36,100.0
2384,57,20261127,2,2,1.7,2,0,132,0.76,21,1,62.03,42.97
2385,93,20261003,4,3,1.6,9,10,230,0.77,0,0,100.0,0.0
2386,47,20260618,1,1,5.7,0,0,2,0.43,19,10,0.0,100.0
2387,78,20260725,4,1,1.0,0,0,173,0.8,22,0,91.3,8.7
2388,33,20261113,4,3,0.1,8,0,180,0.78,2,1,85.12,19.88
2389,13,20260507,1,2,6.8,2,0,56,0.41,18,4,13.96,100.0
2390,49,20260317,1,1,3.7,0,0,63,0.48,20,5,15.15,100.0
2391,22,20260913,4,3,3.9,8,13,193,0.83,21,1,100.0,5.0
2392,59,20260419,1,2,4.4,2,0,49,0.41,9,5,6.21,100.0
2393,91,20260905,4,2,1.9,0,5,209,0.83,22,1,100.0,5.0
2394,96,20261016,4,2,1.0,2,0,231,0.8,20,0,97.1,2.9
2395,83,20260325,1,2,5.2,0,7,42,0.43,18,6,22.5,100.0
2396,61,20260510,1,2,6.3,1,0,6,0.4,18,6,0.0,100.0
2397,41,20260709,1,2,4.4,2,0,70,0.47,22,3,26.15,88.85
2398,5,20261123,4,3,3.5,2,11,195,0.76,15,1,100.0,5.0
2399,86,20261118,1,1,4.4,0,0,61,0.44,22,4,24.97,95.03
2400,20,20260922,1,1,4.8,0,0,60,0.42,10,3,21.94,93.06
2401,99,20261007,1,2,2.6,1,0,68,0.47,21,2,30.63,79.37
2402,68,20260804,2,2,2.9,1,0,120,0.79,14,1,62.15,42.85
2403,34,20260122,1,3,7.5,7,0,2,0.4,14,8,0.0,100.0
2404,5,20260909,1,2,3.6,0,1,85,0.44,16,4,25.53,94.47
2405,34,20260214,3,2,0.5,2,0,165,0.81,1,2,70.51,39.49
2406,80,20260804,1,2,4.8,2,0,88,0.43,16,5,19.6,100.0
2407,16,20260214,4,2,3.5,1,0,200,0.79,23,0,87.55,12.45
2408,59,20260413,3,2,1.5,3,0,170,0.81,9,2,81.84,28.16
2409,63,20261018,1,2,3.7,2,0,36,0.48,20,4,10.27,100.0
2410,26,20261219,4,3,2.2,0,13,181,0.8,23,0,100.0,0.0
2411,56,20261129,3,2,4.2,1,0,129,0.8,15,1,73.75,31.25
2412,26,20261108,1,2,3.8,0,4,73,0.43,22,3,30.74,84.26
2413,9,20260425,4,2,1.9,1,0,205,0.75,0,0,97.64,2.36
2414,20,20261104,4,2,3.1,2,0,188,0.81,15,0,92.22,7.78
2415,66,20260302,4,1,3.9,0,0,210,0.83,22,0,100.0,0.0
2416,19,20260423,1,1,3.2,0,0,25,0.42,10,3,9.48,100.0
2417,94,20260727,1,2,3.3,1,0,69,0.43,15,4,20.39,99.61
2418,93,20260321,3,3,4.0,1,12,167,0.81,22,3,83.11,31.89
2419,47,20260919,3,2,0.9,1,0,167,0.81,23,1,76.83,28.17
2420,14,20260729,1,2,3.3,1,0,53,0.47,15,5,9.53,100.0
2421,79,20260419,1,1,2.6,0,0,14,0.48,14,6,0.0,100.0
2422,50,20260909,1,2,4.8,2,0,40,0.44,18,5,6.86,100.0
2423,80,20261014,2,1,4.3,0,0,107,0.83,15,4,45.9,74.1
2424,38,20260129,1,2,9.0,2,0,11,0.47,10,7,0.0,100.0
2425,79,20261018,1,2,4.9,2,0,52,0.46,14,6,6.58,100.0
2426,18,20260226,1,1,2.7,0,0,63,0.44,22,3,22.04,92.96
2427,36,20260327,4,2,2.1,2,0,174,0.77,20,0,88.57,11.43
2428,94,20260120,1,1,9.2,0,0,2,0.4,15,7,0.0,100.0
2429,88,20261117,1,2,3.2,0,5,24,0.44,15,5,18.44,100.0
2430,65,20261109,4,2,2.5,1,6,227,0.83,22,0,100.0,0.0
2431,80,20261112,1,2,2.0,1,0,26,0.47,15,4,7.13,100.0
2432,69,20260917,1,1,4.3,0,0,31,0.45,11,5,6.32,100.0
2433,68,20261204,4,1,1.8,0,0,221,0.81,22,0,100.0,0.0
2434,4,20260118,1,2,8.4,2,0,7,0.43,20,7,0.0,100.0
2435,54,20260507,1,2,7.0,6,1,70,0.48,22,5,19.98,100.0
2436,21,20260509,1,2,7.6,4,0,2,0.48,2,7,0.0,100.0
2437,15,20261224,1,1,2.4,0,0,31,0.48,14,4,11.4,100.0
2438,74,20260622,1,2,7.7,2,0,37,0.43,21,7,4.66,100.0
2439,85,20260402,1,2,2.4,1,2,69,0.46,16,6,15.89,100.0
2440,38,20260730,1,2,4.3,1,0,89,0.45,15,4,24.3,95.7
2441,61,20260511,1,2,4.4,2,0,43,0.45,22,6,2.43,100.0
2442,76,20261104,2,2,2.9,1,7,76,0.46,18,5,37.38,87.62
2443,51,20260515,1,2,5.9,2,0,54,0.4,22,5,10.73,100.0
2444,84,20260306,4,1,0.6,0,0,190,0.82,0,0,85.22,14.78
2445,66,20260418,4,1,1.7,0,0,211,0.79,23,1,88.98,16.02
2446,72,20260809,4,2,3.9,5,6,241,0.8,9,0,100.0,0.0
2447,91,20260816,2,2,2.3,1,4,109,0.83,20,3,57.03,57.97
2448,65,20260426,2,2,3.4,1,4,83,0.41,19,1,42.73,62.27
2449,84,20260429,1,1,4.1,0,0,56,0.42,21,7,0.56,100.0
2450,21,20260122,1,2,6.7,5,0,47,0.46,21,7,8.99,100.0
2451,82,20261208,1,2,4.1,2,2,61,0.43,22,4,20.41,99.59
2452,45,20260506,1,1,7.5,0,0,37,0.41,21,7,0.0,100.0
2453,100,20260525,1,2,6.5,3,1,2,0.42,21,8,0.0,100.0
2454,41,20260514,1,2,6.4,2,0,62,0.44,20,4,16.9,100.0
2455,73,20261115,1,2,3.3,1,0,84,0.42,21,4,24.59,95.41
2456,99,20260119,1,2,8.2,3,0,2,0.45,11,6,0.01,100.0
2457,38,20260528,1,1,8.4,0,0,22,0.47,15,7,0.87,100.0
2458,1,20260622,1,2,6.7,2,6,2,0.46,16,9,0.0,100.0
2459,55,20261211,3,2,2.2,6,0,145,0.79,23,2,70.72,39.28
2460,15,20260315,1,2,2.7,2,0,68,0.47,14,2,27.53,82.47
2461,27,20260419,1,2,2.6,2,0,22,0.4,21,6,0.0,100.0
2462,96,20260815,3,1,2.5,0,0,195,0.8,20,1,81.79,23.21
2463,86,20260518,1,1,7.1,0,0,36,0.46,15,7,0.0,100.0
2464,99,20260806,1,2,2.9,1,0,73,0.48,23,3,26.62,88.38
2465,68,20260419,1,1,4.3,0,0,49,0.41,9,5,9.76,100.0
2466,54,20260207,3,2,2.3,2,5,153,0.82,23,2,74.97,35.03
2467,55,20260922,1,2,2.9,1,0,77,0.46,22,4,22.98,97.02
2468,19,20261005,1,2,1.3,2,0,66,0.41,9,4,17.58,100.0
2469,81,20260413,4,2,3.5,2,0,191,0.8,22,0,94.01,5.99
2470,18,20260622,1,2,7.2,2,0,8,0.45,21,7,0.0,100.0
2471,83,20260528,1,3,7.5,0,10,32,0.43,15,5,25.69,100.0
2472,22,20261107,4,3,2.3,7,9,178,0.81,0,2,97.31,12.69
2473,33,20260217,2,2,2.6,2,0,110,0.81,21,3,50.37,64.63
2474,52,20261228,4,2,1.6,2,0,185,0.76,10,0,90.31,9.69
2475,25,20260623,1,2,7.2,3,0,13,0.4,21,7,0.0,100.0
2476,100,20260719,1,2,3.3,1,4,40,0.4,14,5,9.51,100.0
2477,73,20260921,1,1,4.8,0,0,4,0.46,22,7,0.0,100.0
2478,95,20260212,1,2,5.7,2,0,33,0.42,18,5,3.69,100.0
2479,87,20260212,1,1,6.5,0,0,90,0.42,18,4,22.86,97.14
2480,43,20260421,1,2,3.6,1,0,40,0.45,9,4,13.22,100.0
2481,43,20260408,3,2,5.0,2,0,162,0.77,8,2,76.15,33.85
2482,92,20260523,1,2,7.3,2,0,2,0.47,22,6,0.0,100.0
2483,2,20260426,1,2,3.4,2,0,52,0.48,12,5,10.61,100.0
2484,48,20260920,3,2,4.7,2,0,155,0.83,15,4,68.62,51.38
2485,30,20260523,1,2,5.7,2,7,55,0.46,0,6,17.9,100.0
2486,13,20260821,3,1,1.3,0,0,163,0.76,1,0,75.37,24.63
2487,18,20260204,1,2,5.1,1,0,45,0.44,21,4,11.49,100.0
2488,13,20260428,3,2,3.5,1,0,158,0.82,20,2,77.83,32.17
2489,7,20260220,3,2,0.0,1,0,184,0.75,1,0,84.18,15.82
2490,65,20260214,4,2,0.7,1,9,197,0.79,0,0,100.0,0.0
2491,67,20260723,1,1,3.0,0,0,16,0.48,13,6,5.84,100.0
2492,37,20261206,1,2,2.4,1,0,45,0.41,22,3,16.01,98.99
2493,33,20260307,4,2,0.6,2,0,210,0.77,23,1,85.68,19.32
2494,19,20261007,1,1,2.6,0,0,32,0.45,11,4,9.48,100.0
2495,51,20260821,3,2,0.0,2,0,172,0.82,22,0,80.03,19.97
2496,24,20261102,1,2,6.5,2,0,64,0.4,12,5,10.82,100.0
2497,30,20260130,1,3,7.6,2,11,6,0.44,0,9,0.0,100.0
2498,98,20260515,1,2,6.4,1,5,21,0.42,23,8,0.0,100.0
2499,61,20260202,2,2,4.2,2,0,129,0.75,17,3,60.63,54.37
2500,15,20260112,1,2,8.6,2,0,2,0.4,9,6,0.0,100.0
2501,47,20260606,1,2,6.2,1,0,14,0.44,0,8,0.0,100.0
2502,49,20260226,2,2,3.3,2,0,102,0.83,17,4,43.36,76.64
2503,58,20260917,1,2,4.7,2,2,41,0.44,9,3,20.33,94.67
2504,4,20260125,1,2,5.8,2,0,23,0.47,19,7,0.0,100.0
2505,89,20260122,1,2,5.6,2,0,44,0.43,16,6,11.43,100.0
2506,6,20260608,1,2,7.0,1,0,43,0.48,17,8,0.0,100.0
2507,69,20261211,4,2,1.8,1,0,202,0.82,22,0,97.36,2.64
2508,91,20260603,1,2,7.6,1,3,52,0.43,20,8,0.64,100.0
2509,50,20260512,1,2,6.6,2,0,2,0.4,18,5,0.0,100.0
2510,25,20260726,1,2,3.6,2,0,56,0.46,21,4,15.5,100.0
2511,35,20261013,1,1,3.9,0,0,65,0.45,22,3,23.49,91.51
2512,88,20261010,1,3,0.0,2,12,36,0.44,23,4,29.55,90.45
2513,80,20260916,3,1,3.8,0,0,199,0.75,15,2,83.95,26.05
2514,87,20260511,1,2,6.8,1,0,56,0.42,20,6,6.85,100.0
2515,39,20260209,3,1,3.7,0,0,166,0.82,21,3,75.06,39.94
2516,92,20260706,4,2,4.5,1,0,186,0.8,22,0,92.86,7.14
2517,100,20260929,1,2,1.3,1,3,93,0.42,23,3,34.54,80.46
2518,81,20260510,1,1,6.6,0,0,8,0.45,20,5,6.57,100.0
2519,86,20260902,1,2,2.4,2,0,2,0.48,19,5,0.0,100.0
2520,89,20260628,1,1,6.7,0,0,2,0.48,16,7,0.0,100.0
2521,7,20260926,4,1,2.1,0,0,189,0.81,0,0,94.75,5.25
2522,50,20261201,1,2,4.0,1,0,45,0.48,18,5,8.08,100.0
2523,60,20260709,1,2,4.1,1,0,52,0.43,18,5,7.6,100.0
2524,12,20261117,3,2,3.9,2,0,159,0.79,16,3,71.83,43.17
2525,11,20260128,1,2,6.1,2,0,36,0.43,9,4,8.37,100.0
2526,58,20260926,4,3,3.1,5,14,178,0.79,2,0,100.0,0.0
2527,13,20260423,2,1,3.0,0,0,96,0.47,22,1,41.56,63.44
2528,78,20260218,1,1,1.2,0,0,57,0.43,11,1,28.47,76.53
2529,33,20260330,1,2,5.1,1,0,55,0.48,22,4,17.4,100.0
2530,44,20260305,1,1,2.7,0,0,28,0.41,22,4,5.43,100.0
2531,76,20261203,1,2,3.8,1,5,75,0.48,17,7,25.85,100.0
2532,27,20260311,1,2,3.5,2,0,17,0.42,22,5,0.0,100.0
2533,8,20261029,1,2,4.0,1,0,65,0.44,21,4,18.34,100.0
2534,60,20260622,1,2,8.1,2,0,2,0.46,22,9,0.0,100.0
2535,86,20260111,1,1,6.8,0,0,32,0.48,22,7,0.0,100.0
2536,14,20261009,2,1,0.8,0,0,145,0.8,22,2,64.85,45.15
2537,55,20260821,3,2,1.4,2,0,170,0.78,23,1,74.48,30.52
2538,40,20260825,1,1,2.8,0,0,49,0.48,13,5,10.29,100.0
2539,2,20261222,1,2,4.7,1,0,73,0.42,9,5,14.07,100.0
2540,33,20261021,2,1,2.1,0,0,120,0.77,22,3,50.95,64.05
2541,21,20260105,1,2,9.0,3,0,36,0.44,21,8,0.0,100.0
2542,39,20260916,4,2,4.6,2,0,165,0.82,21,1,85.28,19.72
2543,27,20260701,1,1,1.0,0,0,5,0.44,9,3,6.82,100.0
2544,58,20260317,1,2,1.0,0,3,62,0.46,23,5,16.81,100.0
2545,53,20260729,1,1,4.0,0,0,31,0.43,13,7,0.0,100.0
2546,3,20260203,1,1,6.4,0,0,39,0.45,11,5,7.38,100.0
2547,50,20260615,1,2,8.5,1,0,2,0.44,20,8,0.0,100.0
2548,94,20261123,4,1,3.5,0,0,172,0.75,11,0,86.21,13.79
2549,84,20261229,1,2,3.2,2,0,51,0.45,15,5,8.47,100.0
2550,31,20260314,4,2,0.8,2,0,183,0.77,20,0,91.85,8.15
2551,32,20260915,1,2,4.3,1,0,44,0.45,17,7,0.37,100.0
2552,34,20261022,1,1,4.0,0,0,75,0.41,22,4,21.47,98.53
2553,41,20261106,3,1,1.8,0,0,186,0.8,1,0,84.5,15.5
2554,87,20260703,3,2,2.0,2,0,180,0.82,1,0,84.63,15.37
2555,97,20260111,1,2,9.8,1,0,19,0.45,19,7,0.0,100.0
2556,15,20261223,2,2,2.3,1,0,76,0.44,8,1,35.19,69.81
2557,31,20260306,3,1,1.3,0,0,180,0.78,20,0,83.97,16.03
2558,9,20260414,1,2,2.2,1,0,20,0.42,22,6,0.0,100.0
2559,65,20260217,1,2,4.1,0,2,81,0.4,20,3,29.82,85.18
2560,14,20260614,1,1,8.3,0,0,39,0.47,11,6,3.91,100.0
2561,32,20260623,1,1,6.1,0,0,60,0.47,15,5,12.61,100.0
2562,19,20260418,1,1,2.2,0,0,99,0.43,21,5,24.94,100.0
2563,44,20260208,1,2,3.2,1,0,2,0.43,21,4,1.73,100.0
2564,9,20260918,3,2,2.6,1,0,142,0.81,0,2,72.3,37.7
2565,31,20260527,1,1,8.2,0,0,63,0.42,12,6,14.97,100.0
2566,93,20260218,2,2,2.9,1,1,125,0.79,22,2,60.17,49.83
2567,78,20260722,1,1,4.2,0,0,44,0.4,14,3,14.21,100.0
2568,37,20260815,4,2,1.8,2,0,215,0.81,23,0,93.55,6.45
2569,20,20260420,1,2,3.9,2,0,33,0.48,11,5,5.44,100.0
2570,73,20260930,1,2,1.9,2,0,59,0.45,22,5,11.63,100.0
2571,46,20260123,1,2,7.7,1,0,2,0.46,20,8,0.0,100.0
2572,30,20260715,1,2,2.7,1,4,77,0.47,22,4,27.85,92.15
2573,27,20260114,1,2,6.6,4,0,2,0.46,14,6,1.18,100.0
2574,21,20260522,1,3,5.8,7,0,30,0.43,23,7,1.23,100.0
2575,12,20260511,1,2,6.1,1,0,70,0.41,18,2,27.06,92.94
2576,23,20260111,1,3,6.8,7,0,2,0.43,21,7,0.0,100.0
2577,63,20260115,1,2,7.6,1,0,30,0.44,15,6,0.0,100.0
2578,47,20260322,1,1,4.8,0,0,67,0.44,18,7,3.98,100.0
2579,82,20260318,4,2,5.5,5,8,196,0.8,22,0,100.0,0.0
2580,50,20260906,3,2,5.0,2,0,108,0.79,20,1,65.65,39.35
2581,67,20261012,1,2,0.6,2,0,7,0.47,13,5,0.0,100.0
2582,3,20261225,3,2,3.0,1,0,176,0.78,0,0,81.52,18.48
2583,100,20260906,3,3,2.7,7,11,162,0.81,9,4,84.76,35.24
2584,54,20260613,1,3,6.4,3,13,43,0.41,23,6,22.21,100.0
2585,27,20260912,2,3,3.3,7,0,86,0.46,1,3,36.89,78.11
2586,10,20260721,1,2,3.5,2,0,49,0.46,21,7,1.9,100.0
2587,19,20260903,1,2,1.8,2,0,56,0.41,11,4,13.0,100.0
2588,35,20260525,1,2,5.2,1,0,7,0.4,21,5,0.0,100.0
2589,67,20260816,1,2,4.6,2,0,56,0.4,13,4,12.22,100.0
2590,47,20260705,1,2,4.4,2,0,93,0.41,22,5,20.32,100.0
2591,45,20260205,2,2,3.0,2,0,78,0.45,16,1,35.08,69.92
2592,47,20261024,3,2,1.0,1,0,171,0.79,0,2,78.87,31.13
2593,10,20260619,1,2,8.0,5,0,28,0.46,1,8,0.0,100.0
2594,32,20260520,1,2,7.4,1,0,60,0.4,16,8,4.1,100.0
2595,79,20260607,1,2,8.4,4,0,7,0.42,22,5,3.01,100.0
2596,100,20260131,1,3,7.5,4,10,2,0.43,2,9,0.0,100.0
2597,91,20260301,1,2,5.0,1,3,68,0.41,19,5,18.96,100.0
2598,23,20260808,2,1,1.9,0,0,103,0.82,23,2,53.85,56.15
2599,84,20260410,3,2,0.5,1,0,193,0.76,22,2,77.63,32.37
2600,75,20261210,3,3,5.9,7,9,163,0.78,14,4,80.62,39.38
2601,47,20260316,1,2,2.3,1,0,87,0.46,17,4,24.82,95.18
2602,12,20261013,1,2,4.8,1,0,81,0.42,16,4,23.37,96.63
2603,67,20260311,1,1,1.9,0,0,2,0.44,8,5,0.0,100.0
2604,7,20260630,1,1,6.5,0,0,47,0.44,21,6,5.29,100.0
2605,40,20261009,2,2,0.6,2,0,111,0.8,22,0,62.84,37.16
2606,92,20260403,4,2,0.4,2,0,193,0.82,0,0,86.33,13.67
2607,96,20260213,4,1,0.0,0,0,186,0.76,22,0,85.34,14.66
2608,89,20260728,4,2,2.8,2,0,212,0.8,15,0,100.0,0.0
2609,42,20261201,1,2,4.4,1,0,51,0.44,13,5,8.2,100.0
2610,94,20260821,3,2,3.2,1,0,183,0.82,20,0,84.76,15.24
2611,67,20260427,1,1,2.7,0,0,2,0.42,11,5,0.0,100.0
2612,45,20261106,2,2,2.1,1,0,107,0.75,23,2,51.26,58.74
2613,33,20261220,1,2,3.3,1,0,70,0.48,11,5,18.55,100.0
2614,49,20260319,1,1,4.0,0,0,66,0.41,20,6,10.16,100.0
2615,44,20260605,1,2,7.3,5,0,7,0.41,1,8,0.0,100.0
2616,36,20260626,1,2,6.9,2,0,2,0.46,20,7,0.0,100.0
2617,96,20261206,1,2,3.7,2,0,83,0.42,15,5,17.3,100.0
2618,4,20261014,1,2,3.1,2,0,79,0.42,20,2,29.28,80.72
2619,74,20260322,1,1,4.2,0,0,60,0.4,20,4,14.32,100.0
2620,53,20260626,1,1,7.6,0,0,2,0.42,21,8,0.0,100.0
2621,20,20260708,1,1,4.3,0,0,57,0.41,15,3,17.46,97.54
2622,45,20261205,1,2,2.9,2,0,85,0.41,2,2,30.78,79.22
2623,93,20260912,4,3,0.3,7,14,207,0.8,23,0,100.0,0.0
2624,55,20260617,1,3,4.5,8,0,44,0.44,22,4,19.3,100.0
2625,50,20261110,3,2,4.2,1,0,132,0.76,15,1,71.73,33.27
2626,4,20260629,1,2,6.5,2,0,22,0.4,16,7,0.0,100.0
2627,81,20260215,2,2,2.3,2,0,94,0.42,19,1,38.52,66.48
2628,4,20260105,1,1,6.9,0,0,42,0.43,18,4,10.7,100.0
2629,51,20260224,2,1,4.2,0,0,107,0.78,8,5,39.96,85.04
2630,62,20260323,1,1,2.3,0,0,50,0.45,22,6,4.85,100.0
2631,20,20260606,1,2,6.1,1,0,4,0.48,21,8,0.0,100.0
2632,70,20261114,3,1,2.3,0,0,144,0.82,0,2,65.87,44.13
2633,92,20260809,4,2,2.6,2,0,214,0.81,21,0,100.0,0.0
2634,65,20260905,4,3,1.8,2,12,171,0.8,22,0,100.0,0.0
2635,44,20260217,1,2,5.5,1,0,47,0.46,21,5,9.03,100.0
2636,51,20260525,1,2,8.8,2,0,57,0.48,12,6,8.26,100.0
2637,45,20260716,1,1,4.7,0,0,4,0.41,18,5,0.0,100.0
2638,66,20260909,1,2,3.1,1,0,79,0.4,21,2,30.89,79.11
2639,88,20260730,1,2,3.0,0,4,40,0.48,18,6,10.17,100.0
2640,90,20260822,4,3,1.2,1,13,177,0.79,2,0,100.0,0.0
2641,28,20260909,1,2,2.0,1,4,32,0.42,21,3,17.47,97.53
2642,69,20260217,1,1,4.7,0,0,77,0.46,15,3,27.71,87.29
2643,1,20261212,3,2,0.9,0,9,165,0.78,23,2,81.4,28.6
2644,31,20261027,1,2,5.2,1,0,77,0.4,9,4,19.57,100.0
2645,74,20260511,1,2,7.7,1,0,2,0.43,21,6,0.0,100.0
2646,16,20260615,1,2,7.1,2,0,54,0.45,19,7,2.31,100.0
2647,15,20260308,3,2,2.4,1,0,134,0.77,10,0,78.4,21.6
2648,80,20260824,1,1,2.5,0,0,44,0.48,20,4,15.62,100.0
2649,31,20260128,1,2,7.4,1,0,18,0.41,14,6,0.0,100.0
2650,89,20260924,1,2,1.8,2,0,87,0.41,21,5,18.93,100.0
2651,77,20260306,4,2,0.6,1,0,201,0.82,0,0,91.38,8.62
2652,36,20260312,4,1,4.0,0,0,211,0.78,14,0,100.0,0.0
2653,54,20260705,1,2,5.2,0,1,8,0.43,23,6,0.0,100.0
2654,45,20261230,2,2,3.3,2,0,95,0.42,19,2,44.14,65.86
2655,48,20260914,2,1,5.4,0,0,135,0.75,22,5,54.21,70.79
2656,59,20261122,2,2,2.4,2,0,120,0.82,21,2,58.07,51.93
2657,39,20260724,4,2,2.5,1,0,197,0.82,0,1,86.2,18.8
2658,88,20260926,2,3,0.9,0,14,56,0.4,0,5,37.34,87.66
2659,77,20260330,1,2,4.3,2,0,51,0.47,16,4,16.12,100.0
2660,9,20260223,1,2,3.0,1,0,65,0.46,15,3,23.44,91.56
2661,42,20260925,2,2,0.1,1,0,85,0.43,22,1,37.58,67.42
2662,7,20260723,3,2,4.8,1,0,170,0.75,17,2,78.38,31.62
2663,38,20260629,1,2,5.2,2,0,48,0.48,15,5,11.76,100.0
2664,12,20260706,4,1,2.1,0,0,209,0.76,20,0,99.02,0.98
2665,71,20260811,1,2,3.9,2,0,51,0.47,9,5,11.25,100.0
2666,58,20260327,4,3,1.1,4,13,188,0.75,2,1,100.0,5.0
2667,29,20261025,3,2,2.5,1,0,175,0.8,12,2,79.1,30.9
2668,88,20261009,1,2,1.0,2,5,79,0.47,1,5,27.35,97.65
2669,1,20261111,4,3,4.1,0,12,183,0.82,15,2,100.0,10.0
2670,21,20260909,1,2,5.3,1,0,97,0.48,14,5,24.33,100.0
2671,43,20260125,1,2,8.9,1,0,40,0.45,14,10,0.0,100.0
2672,4,20261007,2,2,3.3,1,0,115,0.75,17,4,46.44,73.56
2673,8,20260316,1,1,4.0,0,0,42,0.47,20,3,15.94,99.06
2674,51,20260712,1,2,5.1,1,0,82,0.43,14,5,18.19,100.0
2675,55,20260416,1,2,1.3,1,0,68,0.46,21,3,23.86,91.14
2676,40,20260604,1,2,6.4,2,0,27,0.41,8,6,0.0,100.0
2677,98,20260327,4,3,0.5,2,11,204,0.83,22,0,100.0,0.0
2678,24,20260124,1,2,6.7,1,0,33,0.46,21,6,8.31,100.0
2679,60,20260910,1,1,4.3,0,0,93,0.44,18,4,24.54,95.46
2680,74,20260508,1,2,7.7,1,0,35,0.44,0,5,14.56,100.0
2681,10,20260926,1,2,3.0,3,0,52,0.44,23,5,17.35,100.0
2682,54,20260503,1,3,5.2,9,14,2,0.48,22,6,20.66,100.0
2683,100,20261217,1,2,2.6,2,3,76,0.4,23,3,28.53,86.47
2684,42,20260604,1,2,5.9,2,0,21,0.42,8,5,1.2,100.0
2685,41,20260917,1,2,3.0,2,0,20,0.42,17,6,0.0,100.0
2686,5,20261023,4,3,0.6,2,14,198,0.83,2,0,100.0,0.0
2687,83,20260125,1,2,9.0,0,4,16,0.43,16,7,0.0,100.0
2688,6,20260325,2,1,4.0,0,0,126,0.75,20,4,55.4,64.6
2689,11,20260921,1,2,3.7,1,0,66,0.45,10,4,20.61,99.39
2690,100,20260720,4,2,1.9,3,9,159,0.82,21,2,90.34,19.66
2691,39,20261217,1,1,3.7,0,0,100,0.44,18,4,28.78,91.22
2692,51,20260724,4,2,0.9,1,0,198,0.79,22,0,88.16,11.84
2693,35,20260411,4,1,0.0,0,0,185,0.76,2,0,90.29,9.71
2694,84,20260614,1,2,5.3,2,0,4,0.46,22,8,0.0,100.0
2695,1,20261108,1,2,2.8,0,1,54,0.47,16,5,11.63,100.0
2696,30,20260910,1,2,5.2,2,2,84,0.4,17,6,14.2,100.0
2697,57,20260929,1,1,4.9,0,0,33,0.47,13,5,4.31,100.0
2698,99,20260523,1,3,7.4,8,0,59,0.41,22,5,10.62,100.0
2699,88,20261213,1,2,3.0,0,7,42,0.47,21,6,22.91,100.0
2700,59,20261125,1,2,2.9,1,0,92,0.45,22,5,20.27,100.0
2701,62,20261031,3,2,0.0,1,0,167,0.79,22,0,77.71,22.29
2702,76,20260615,1,2,8.9,1,1,2,0.44,15,11,0.0,100.0
2703,53,20261222,1,2,4.0,1,0,67,0.46,14,4,19.37,100.0
2704,51,20260911,4,2,3.0,2,0,197,0.8,20,0,97.0,3.0
2705,5,20260510,1,3,6.3,0,11,64,0.41,19,6,33.8,100.0
2706,85,20260730,1,2,5.5,1,1,76,0.4,19,5,16.51,100.0
2707,90,20260207,4,2,0.1,2,9,218,0.82,0,0,100.0,0.0
2708,43,20260814,4,2,2.0,2,0,179,0.82,22,1,88.11,16.89
2709,18,20261103,1,1,4.3,0,0,57,0.44,22,5,12.23,100.0
2710,26,20260630,1,3,5.9,8,2,12,0.47,9,7,0.0,100.0
2711,21,20260702,1,1,3.9,0,0,57,0.46,22,4,18.56,100.0
2712,38,20260204,1,1,3.9,0,0,85,0.48,14,4,26.28,93.72
2713,64,20260710,3,1,3.7,0,0,157,0.76,22,2,68.12,41.88
2714,95,20260509,1,2,8.7,1,0,6,0.47,23,7,0.0,100.0
2715,81,20260815,3,2,0.1,1,0,172,0.76,23,0,78.05,21.95
2716,52,20260728,4,2,5.7,2,0,171,0.83,10,1,85.82,19.18
2717,88,20261225,1,2,0.4,0,6,25,0.46,2,5,12.61,100.0
2718,59,20260130,1,2,4.9,4,0,2,0.42,0,6,0.0,100.0
2719,66,20260811,1,1,3.2,0,0,26,0.47,17,4,7.01,100.0
2720,74,20261013,1,2,4.7,2,0,52,0.48,21,5,10.02,100.0
2721,91,20261101,4,3,4.0,2,11,165,0.81,20,2,96.91,13.09
2722,31,20261003,3,1,1.8,0,0,164,0.82,20,1,84.12,20.88
2723,36,20260610,1,2,7.2,1,0,31,0.42,14,6,5.17,100.0
2724,8,20261210,3,2,2.2,2,0,149,0.77,21,1,75.61,29.39
2725,20,20261120,4,2,2.4,2,0,227,0.78,21,0,97.74,2.26
2726,63,20260107,1,2,5.1,1,0,40,0.46,15,5,14.03,100.0
2727,98,20260303,4,3,2.3,2,11,167,0.81,18,1,100.0,5.0
2728,16,20260123,1,1,5.5,0,0,22,0.41,2,7,0.0,100.0
2729,67,20260618,1,1,6.8,0,0,4,0.46,11,7,0.0,100.0
2730,44,20260412,1,2,3.3,1,0,37,0.47,22,4,10.58,100.0
2731,10,20260629,1,3,6.5,8,0,2,0.46,11,9,0.0,100.0
2732,31,20261105,4,2,2.8,2,0,222,0.83,14,0,100.0,0.0
2733,12,20260805,3,2,3.3,2,0,153,0.83,15,0,84.19,15.81
2734,95,20260917,1,2,4.5,1,0,7,0.42,21,7,0.0,100.0
2735,53,20261201,1,1,4.9,0,0,100,0.46,8,7,15.61,100.0
2736,96,20260114,1,2,7.0,2,0,43,0.48,12,5,18.41,100.0
2737,29,20260731,2,2,2.9,1,0,137,0.75,21,2,59.77,50.23
2738,80,20260725,4,2,1.3,2,0,171,0.75,0,0,88.27,11.73
2739,98,20260425,4,2,1.7,1,9,207,0.78,0,0,100.0,0.0
2740,36,20260305,1,1,4.2,0,0,40,0.44,13,5,7.97,100.0
2741,60,20260421,1,1,1.4,0,0,35,0.41,16,5,2.54,100.0
2742,90,20260228,4,3,0.2,2,13,161,0.77,1,1,90.23,14.77
2743,45,20260207,2,1,0.9,0,0,85,0.42,22,1,37.77,67.23
2744,10,20261016,1,2,3.3,2,0,73,0.41,23,4,19.91,100.0
2745,8,20260719,1,2,2.8,1,0,71,0.4,19,2,25.73,84.27
2746,83,20260527,1,2,8.0,2,7,23,0.43,18,6,13.51,100.0
2747,86,20261210,1,2,2.6,1,0,55,0.44,17,2,32.98,77.02
2748,32,20260908,1,2,1.8,2,0,74,0.47,16,4,21.66,98.34
2749,94,20261109,4,2,3.5,1,0,188,0.76,12,0,93.12,6.88
2750,48,20260411,4,2,3.2,2,0,205,0.82,23,2,91.14,18.86
2751,34,20260617,1,3,6.6,8,0,29,0.47,22,5,10.68,100.0
2752,61,20260618,1,2,7.9,2,0,21,0.48,15,6,0.08,100.0
2753,9,20260606,1,1,7.5,0,0,2,0.43,0,8,0.0,100.0
2754,82,20260406,3,2,4.1,5,6,147,0.8,11,3,75.54,39.46
2755,34,20260830,3,2,3.5,5,0,164,0.8,11,2,77.97,32.03
2756,5,20260606,1,2,7.9,0,8,63,0.48,23,7,16.85,100.0
2757,79,20261016,1,2,0.0,2,0,73,0.45,22,2,31.37,78.63
2758,45,20261126,1,2,5.0,2,0,71,0.48,16,3,27.12,87.88
2759,88,20260212,1,2,5.5,0,1,2,0.42,17,7,0.0,100.0
2760,15,20260904,3,2,0.2,2,0,170,0.82,22,1,78.54,26.46
2761,71,20260816,1,1,1.4,0,0,78,0.44,9,3,27.74,87.26
2762,2,20260111,1,1,5.2,0,0,52,0.43,10,6,4.41,100.0
2763,60,20260613,1,2,7.3,2,0,2,0.44,1,8,0.0,100.0
2764,96,20261015,1,1,3.2,0,0,79,0.46,13,3,28.43,86.57
2765,52,20260111,1,1,7.2,0,0,2,0.4,11,7,0.0,100.0
2766,91,20260604,1,2,6.7,2,4,21,0.46,15,6,4.47,100.0
2767,76,20260416,1,2,3.5,2,3,16,0.47,16,8,0.0,100.0
2768,23,20261224,1,2,3.1,1,0,45,0.42,11,5,7.06,100.0
2769,29,20260204,3,2,3.8,2,0,157,0.82,9,0,77.3,22.7
2770,95,20261221,3,2,2.4,2,0,116,0.82,20,1,69.68,35.32
2771,57,20260928,1,2,4.1,2,0,65,0.45,10,3,24.85,90.15
2772,31,20260930,1,2,3.2,2,0,78,0.41,12,5,15.09,100.0
2773,66,20260803,3,1,4.1,0,0,184,0.75,22,2,82.59,27.41
2774,22,20260517,1,3,7.1,8,3,56,0.43,22,7,4.37,100.0
2775,80,20260602,1,1,5.9,0,0,15,0.44,18,6,1.72,100.0
2776,88,20261223,1,2,2.8,0,4,33,0.46,20,5,10.89,100.0
2777,19,20260914,2,1,4.0,0,0,95,0.47,9,1,50.82,54.18
2778,73,20261029,1,2,2.7,2,0,69,0.42,21,5,12.9,100.0
2779,88,20260612,1,2,6.7,0,8,2,0.46,23,9,0.0,100.0
2780,57,20260815,4,2,2.6,1,0,189,0.79,21,0,86.16,13.84
2781,43,20260406,3,2,2.9,1,0,157,0.8,11,2,77.14,32.86
2782,92,20261121,4,2,3.4,2,0,217,0.81,22,0,94.06,5.94
2783,49,20260315,1,1,2.0,0,0,90,0.44,16,3,28.27,86.73
2784,79,20261105,1,3,2.6,7,0,68,0.41,9,4,26.44,93.56
2785,60,20260306,3,1,0.9,0,0,178,0.82,1,1,77.19,27.81
2786,88,20260208,1,2,3.4,1,2,9,0.43,22,5,0.56,100.0
2787,98,20260612,1,3,7.0,1,14,2,0.4,22,7,5.61,100.0
2788,66,20261231,4,1,5.3,0,0,221,0.82,22,0,100.0,0.0
2789,36,20260723,4,1,4.4,0,0,185,0.77,12,0,91.61,8.39
2790,9,20260509,1,1,6.2,0,0,2,0.47,0,6,2.31,100.0
2791,39,20260716,1,2,2.4,2,0,72,0.48,20,3,27.1,87.9
2792,55,20260726,1,2,2.0,1,0,92,0.4,11,2,33.94,76.06
2793,52,20260704,4,2,1.2,2,0,191,0.8,20,0,94.84,5.16
2794,62,20260930,1,2,3.4,2,0,33,0.42,23,6,0.85,100.0
2795,77,20260606,1,1,7.6,0,0,2,0.43,23,6,0.0,100.0
2796,36,20260413,4,2,3.6,2,0,198,0.79,15,0,95.92,4.08
2797,37,20260925,4,2,0.4,1,0,224,0.81,23,0,95.93,4.07
2798,58,20260607,1,3,7.3,5,12,13,0.44,21,8,12.74,100.0
2799,2,20260413,4,2,1.5,2,0,182,0.79,11,1,88.66,16.34
2800,27,20260721,1,2,2.3,1,0,37,0.48,23,5,7.71,100.0
2801,89,20260426,1,2,2.1,2,0,14,0.42,19,5,0.0,100.0
2802,67,20260925,1,2,2.0,1,0,60,0.42,22,4,15.19,100.0
2803,90,20260114,1,2,4.4,2,8,2,0.47,18,7,6.49,100.0
2804,95,20260719,1,2,3.3,1,0,26,0.45,15,4,9.1,100.0
2805,74,20260725,4,2,0.6,2,0,206,0.77,0,0,96.11,3.89
2806,34,20260101,1,2,7.3,6,0,16,0.42,23,6,0.0,100.0
2807,44,20261228,1,2,3.7,6,0,83,0.46,21,4,31.94,88.06
2808,42,20260915,1,2,3.5,2,0,70,0.41,9,3,22.02,92.98
2809,1,20260729,1,2,3.9,0,2,48,0.48,16,3,21.64,93.36
2810,18,20260626,1,2,8.5,1,0,32,0.45,1,7,3.23,100.0
2811,29,20260205,1,2,2.1,2,0,82,0.4,9,7,9.77,100.0
2812,30,20260803,4,2,6.2,1,9,188,0.83,16,3,95.98,19.02
2813,42,20260813,1,2,2.3,2,0,43,0.44,11,4,12.14,100.0
2814,60,20260902,1,2,0.7,2,0,78,0.45,19,4,23.05,96.95
2815,68,20261019,4,1,4.6,0,0,237,0.81,10,0,100.0,0.0
2816,30,20260223,1,2,4.0,2,2,49,0.43,21,5,11.71,100.0
2817,41,20261012,2,2,3.8,1,0,104,0.81,18,3,47.72,67.28
2818,71,20261111,3,2,3.5,6,0,208,0.78,9,3,84.43,30.57
2819,5,20260302,4,3,3.5,2,13,189,0.77,20,1,100.0,5.0
2820,8,20261029,1,2,0.4,1,0,31,0.48,19,2,18.93,91.07
2821,6,20260421,1,2,2.4,1,0,53,0.4,17,6,3.53,100.0
2822,13,20260804,3,2,2.5,2,0,147,0.75,21,0,70.07,29.93
2823,76,20260608,1,2,7.2,2,3,6,0.46,16,7,0.0,100.0
2824,13,20260113,1,2,6.0,2,0,2,0.44,17,5,5.5,100.0
2825,94,20261019,4,2,3.4,1,0,158,0.83,10,0,85.14,14.86
2826,34,20260703,4,1,2.2,0,0,230,0.75,23,0,96.26,3.74
2827,72,20260321,4,2,1.1,0,7,171,0.79,0,1,86.99,18.01
2828,37,20260407,1,2,5.9,1,0,81,0.41,14,4,21.14,98.86
2829,19,20260920,2,2,2.2,1,0,105,0.83,8,3,56.55,58.45
2830,19,20260424,2,2,0.7,1,0,85,0.43,20,3,35.18,79.82
2831,94,20260512,1,2,10.2,2,0,50,0.47,11,7,0.77,100.0
2832,41,20261018,1,2,5.6,1,0,46,0.41,22,5,5.43,100.0
2833,18,20260606,1,2,6.4,2,0,31,0.47,2,7,0.0,100.0
2834,42,20261014,1,2,3.7,1,0,14,0.41,10,4,1.16,100.0
2835,65,20260728,4,2,1.9,2,9,139,0.82,18,1,90.7,14.3
2836,80,20261116,1,2,3.4,1,0,22,0.42,19,6,0.0,100.0
2837,65,20260310,1,2,5.8,0,2,26,0.46,16,5,5.73,100.0
2838,65,20260710,4,3,2.5,0,13,172,0.79,1,0,99.61,0.39
2839,8,20261226,3,1,2.8,0,0,132,0.75,0,0,66.06,33.94
2840,81,20260621,1,1,6.5,0,0,13,0.46,18,4,14.01,100.0
2841,36,20260309,2,2,1.9,2,0,78,0.45,9,1,37.32,67.68
2842,47,20261218,3,1,3.8,0,0,196,0.75,23,4,68.84,51.16
2843,89,20261116,1,2,5.0,1,0,93,0.4,20,5,18.52,100.0
2844,73,20260827,3,2,4.7,4,0,185,0.81,22,3,78.95,36.05
2845,43,20260708,2,1,2.3,0,0,104,0.75,8,2,51.3,58.7
2846,45,20260117,1,1,7.2,0,0,9,0.45,0,7,0.0,100.0
2847,50,20261120,1,2,1.1,1,0,60,0.42,0,2,24.45,85.55
2848,21,20260214,3,1,2.5,0,0,165,0.76,0,1,72.05,32.95
2849,7,20260510,1,2,7.7,2,0,11,0.48,15,8,0.0,100.0
2850,77,20261118,4,2,2.4,1,0,186,0.75,15,0,92.57,7.43
2851,72,20260811,1,2,3.0,1,1,90,0.47,22,4,29.38,90.62
2852,14,20260605,1,2,7.9,1,0,18,0.45,20,7,0.0,100.0
2853,67,20260712,1,2,4.6,2,0,2,0.4,8,7,0.0,100.0
2854,36,20260418,3,2,1.7,2,0,182,0.78,21,0,84.66,15.34
2855,75,20260826,4,3,5.5,3,11,201,0.78,22,3,100.0,15.0
2856,3,20260404,2,1,0.7,0,0,130,0.81,0,1,64.32,40.68
2857,89,20260524,1,1,6.7,0,0,62,0.46,19,5,15.03,100.0
2858,6,20261013,1,1,4.0,0,0,37,0.48,17,6,1.38,100.0
2859,46,20260825,1,2,4.3,2,0,90,0.43,14,4,25.92,94.08
2860,30,20260206,4,3,2.3,1,13,169,0.77,1,3,93.34,21.66
2861,62,20260307,2,2,1.2,2,0,146,0.81,23,2,63.84,46.16
2862,97,20261014,1,1,2.9,0,0,45,0.41,19,4,12.5,100.0
2863,10,20260325,1,3,3.6,7,0,37,0.4,23,8,0.0,100.0
2864,65,20261117,4,2,3.7,1,5,194,0.75,15,1,96.29,8.71
2865,94,20261001,3,1,1.6,0,0,171,0.8,13,1,83.82,21.18
2866,60,20260625,1,1,6.7,0,0,31,0.48,17,8,0.0,100.0
2867,35,20260902,1,2,3.8,2,0,74,0.41,15,5,13.98,100.0
2868,100,20260716,1,2,4.8,1,3,53,0.48,21,4,21.42,98.58
2869,5,20260106,1,2,8.0,0,3,83,0.44,18,5,21.38,100.0
2870,35,20260414,1,2,3.7,2,0,77,0.44,16,4,19.89,100.0
2871,62,20260620,1,3,6.2,7,0,2,0.4,0,6,0.0,100.0
2872,97,20261224,1,2,3.7,1,0,25,0.44,17,7,0.0,100.0
2873,99,20260129,1,3,6.3,7,0,2,0.4,21,6,0.0,100.0
2874,85,20261216,1,2,3.4,0,1,71,0.43,18,6,10.57,100.0
2875,42,20261204,4,2,1.3,1,0,181,0.75,21,0,90.92,9.08
2876,29,20261018,1,2,3.1,2,0,50,0.43,13,6,4.48,100.0
2877,80,20260505,1,2,9.0,2,0,69,0.45,20,7,4.55,100.0
2878,36,20261031,4,2,1.8,1,0,196,0.81,21,0,87.42,12.58
2879,76,20260420,1,2,4.9,1,1,19,0.42,22,7,0.0,100.0
2880,66,20260912,4,1,0.6,0,0,206,0.82,23,0,99.47,0.53
2881,72,20260201,1,2,2.8,2,2,49,0.47,9,4,15.81,100.0
2882,29,20260222,1,2,3.9,2,0,72,0.48,13,4,20.43,99.57
2883,26,20260521,1,2,8.5,4,5,28,0.48,21,7,10.86,100.0
2884,61,20260715,1,2,1.5,2,0,56,0.46,21,3,21.23,93.77
2885,72,20261214,4,3,4.4,5,12,184,0.75,22,0,100.0,0.0
2886,43,20260623,1,2,8.2,2,0,58,0.48,10,8,0.0,100.0
2887,40,20260710,2,2,2.2,1,0,114,0.77,22,3,51.4,63.6
2888,69,20260109,1,2,7.7,2,0,2,0.4,20,8,0.0,100.0
2889,99,20260914,4,2,2.8,4,0,226,0.81,23,0,100.0,0.0
2890,29,20261121,2,1,1.2,0,0,168,0.78,20,4,63.01,56.99
2891,24,20261103,1,2,1.6,2,0,54,0.43,14,3,19.92,95.08
2892,15,20260628,1,2,5.9,2,0,25,0.41,13,4,4.07,100.0
2893,87,20260413,4,2,3.8,2,0,204,0.81,15,0,99.86,0.14
2894,84,20260101,1,1,6.3,0,0,18,0.46,17,9,0.0,100.0
2895,93,20261219,4,3,2.5,2,10,215,0.77,0,0,100.0,0.0
2896,61,20260227,3,2,3.3,1,0,144,0.8,1,1,68.44,36.56
2897,96,20260329,1,1,2.8,0,0,58,0.44,11,4,14.92,100.0
2898,99,20260429,1,2,3.9,1,0,31,0.48,11,5,7.05,100.0
2899,89,20260204,1,2,4.7,2,0,93,0.47,18,3,30.72,84.28
2900,18,20260411,4,1,1.9,0,0,206,0.79,22,0,97.62,2.38
2901,22,20260125,1,2,6.3,3,1,26,0.47,9,7,0.0,100.0
2902,79,20260117,1,3,8.2,9,0,37,0.45,1,6,3.03,100.0
2903,28,20261211,2,3,0.0,8,7,80,0.43,0,2,48.29,61.71
2904,20,20261206,1,2,3.6,1,0,69,0.44,13,4,19.96,100.0
2905,13,20261219,4,2,2.4,1,0,237,0.76,23,0,97.82,2.18
2906,86,20260528,1,2,8.0,1,0,42,0.47,17,6,13.04,100.0
2907,69,20260530,1,2,6.6,1,0,52,0.43,22,3,28.45,96.55
2908,3,20261002,2,3,2.0,8,0,72,0.4,23,2,37.35,72.65
2909,96,20260905,4,1,4.2,0,0,234,0.76,21,1,99.63,5.37
2910,34,20261212,4,2,0.8,2,0,186,0.83,1,0,87.61,12.39
2911,7,20260113,1,2,8.3,1,0,13,0.47,21,6,2.03,100.0
2912,2,20260815,4,2,0.5,1,0,186,0.8,21,0,87.01,12.99
2913,95,20260525,1,2,5.0,2,0,31,0.47,22,5,3.32,100.0
2914,29,20260405,1,2,4.8,2,0,53,0.43,11,4,13.89,100.0
2915,46,20260813,1,2,3.7,1,0,40,0.44,10,4,12.36,100.0
2916,72,20261210,4,3,1.8,8,11,175,0.83,22,1,100.0,5.0
2917,72,20260507,1,2,6.3,5,2,28,0.4,21,6,0.0,100.0
2918,12,20261020,4,1,5.1,0,0,218,0.83,19,1,97.24,7.76
2919,40,20260501,1,1,6.7,0,0,33,0.47,22,5,4.38,100.0
2920,47,20260301,1,2,4.4,2,0,62,0.47,21,5,12.09,100.0
2921,7,20260801,4,2,2.1,1,0,220,0.77,0,0,93.12,6.88
2922,70,20260805,3,2,4.3,1,0,136,0.78,16,3,65.05,49.95
2923,59,20260929,1,2,1.3,2,0,62,0.4,21,4,17.05,100.0
2924,99,20261201,1,2,4.8,1,0,56,0.43,14,4,14.18,100.0
2925,79,20260511,1,3,7.0,9,0,18,0.44,21,5,1.39,100.0
2926,78,20260322,1,2,5.5,1,0,66,0.44,12,5,14.41,100.0
2927,30,20260530,1,2,6.9,0,5,3,0.46,23,7,1.52,100.0
2928,54,20260314,3,3,2.3,7,5,136,0.81,22,2,79.3,30.7
2929,28,20260311,1,2,2.8,0,4,36,0.48,11,5,14.26,100.0
2930,64,20260220,4,2,4.0,1,0,230,0.76,22,1,90.48,14.52
2931,77,20261024,4,2,1.0,2,0,182,0.83,22,0,94.82,5.18
2932,18,20261021,1,2,6.4,1,0,47,0.43,15,5,8.22,100.0
2933,12,20260104,1,2,7.1,2,0,9,0.45,20,7,0.0,100.0
2934,87,20261121,3,1,1.2,0,0,166,0.82,1,0,81.84,18.16
2935,58,20261011,4,3,3.2,8,9,166,0.75,9,1,95.21,9.79
2936,37,20260329,1,1,5.2,0,0,65,0.46,21,5,13.49,100.0
2937,54,20260613,1,3,5.6,9,10,19,0.41,23,6,8.73,100.0
2938,18,20260915,1,2,5.0,2,0,74,0.42,18,2,30.64,79.36
2939,29,20260318,3,2,2.4,1,0,181,0.79,15,2,81.27,28.73
2940,16,20260217,1,2,3.5,1,0,51,0.46,22,3,19.15,95.85
2941,30,20261129,3,3,4.0,0,14,119,0.78,18,5,69.77,55.23
2942,72,20260616,1,2,8.7,6,2,2,0.47,22,9,0.0,100.0
2943,59,20260725,4,3,0.0,8,0,201,0.76,0,0,97.63,2.37
2944,6,20260728,2,2,0.9,1,0,126,0.79,18,3,62.63,52.37
2945,91,20260512,1,2,8.1,2,4,59,0.41,15,6,13.93,100.0
2946,50,20260622,1,2,4.2,2,0,42,0.44,18,5,15.76,100.0
2947,68,20261103,1,1,2.8,0,0,84,0.47,8,4,26.58,93.42
2948,60,20261109,3,2,3.6,1,0,189,0.76,21,3,77.44,37.56
2949,51,20260609,1,1,7.3,0,0,37,0.47,12,6,9.27,100.0
2950,13,20260727,1,2,4.2,1,0,66,0.43,16,2,26.13,83.87
2951,28,20260503,1,3,8.3,9,12,20,0.44,21,7,18.26,100.0
2952,71,20260628,1,3,7.0,7,0,20,0.4,21,8,0.0,100.0
2953,55,20260907,1,1,4.4,0,0,65,0.42,22,6,6.83,100.0
2954,50,20261117,2,2,2.4,2,0,116,0.76,19,2,64.45,45.55
2955,42,20260131,1,2,8.0,2,0,2,0.42,22,7,0.0,100.0
2956,69,20260301,1,2,5.5,1,0,27,0.47,11,5,5.9,100.0
2957,54,20260312,3,2,2.6,6,7,137,0.83,21,3,79.09,35.91
2958,93,20260510,1,3,6.8,7,6,17,0.42,22,8,3.26,100.0
2959,91,20261208,1,2,5.0,2,3,69,0.43,19,4,21.49,98.51
2960,31,20260816,1,2,3.3,1,0,31,0.43,9,4,9.82,100.0
2961,94,20261012,2,1,3.7,0,0,102,0.79,10,3,46.19,68.81
2962,46,20261226,4,2,2.0,2,0,196,0.75,22,0,86.03,13.97
2963,43,20261226,3,2,0.2,1,0,191,0.76,22,0,83.47,16.53
2964,3,20260213,3,2,0.9,1,0,155,0.76,1,0,74.96,25.04
2965,67,20260430,1,2,2.1,1,0,78,0.44,10,4,22.4,97.6
2966,60,20261004,1,1,2.1,0,0,62,0.43,16,4,16.38,100.0
2967,68,20260906,4,2,5.1,1,0,206,0.78,15,0,97.19,2.81
2968,35,20260708,1,2,5.0,1,0,64,0.46,21,3,21.89,93.11
2969,19,20260928,1,2,3.0,2,0,52,0.41,8,5,10.43,100.0
2970,47,20260204,1,1,3.0,0,0,83,0.4,20,5,17.74,100.0
2971,85,20260427,1,2,3.9,1,3,60,0.41,21,5,16.7,100.0
2972,5,20261013,1,2,2.8,1,1,61,0.46,19,4,19.71,100.0
2973,53,20260904,3,2,0.0,2,0,187,0.83,20,1,83.02,21.98
2974,7,20260302,4,1,4.3,0,0,175,0.76,21,0,87.62,12.38
2975,33,20260414,1,2,1.2,2,0,23,0.45,11,5,2.99,100.0
2976,33,20261122,1,2,5.8,1,0,64,0.48,22,5,16.28,100.0
2977,15,20260527,1,1,8.8,0,0,63,0.42,10,5,21.79,100.0
2978,100,20260228,4,2,3.7,0,6,192,0.75,1,2,86.85,23.15
2979,50,20260328,2,2,2.2,2,0,109,0.78,0,2,52.62,57.38
2980,72,20260407,1,2,3.6,2,1,51,0.48,21,4,18.39,100.0
2981,44,20260610,1,2,9.2,4,0,5,0.47,22,8,0.0,100.0
2982,99,20260212,1,2,2.6,1,0,86,0.42,22,3,29.04,85.96
2983,21,20260421,1,2,2.8,2,0,72,0.47,21,3,27.06,87.94
2984,51,20260328,4,2,0.4,2,0,201,0.82,21,1,87.19,17.81
2985,47,20260114,1,2,5.0,2,0,8,0.42,17,7,0.0,100.0
2986,92,20260208,1,2,3.5,1,0,81,0.4,19,2,29.49,80.51
2987,9,20260409,1,2,3.2,2,0,28,0.42,19,5,3.95,100.0
2988,85,20260802,1,2,2.6,1,4,64,0.41,22,6,15.41,100.0
2989,48,20260820,2,2,3.7,1,0,104,0.76,19,4,43.49,76.51
2990,96,20261120,3,1,1.3,0,0,160,0.81,22,1,74.42,30.58
2991,2,20260131,1,2,9.2,2,0,53,0.44,21,6,4.74,100.0
2992,100,20260521,1,3,5.9,3,10,29,0.41,9,8,10.37,100.0
2993,88,20260828,1,2,0.0,0,8,13,0.4,23,5,9.47,100.0
2994,73,20260714,4,2,2.1,3,0,195,0.75,21,0,91.78,8.22
2995,4,20261006,1,2,4.2,1,0,58,0.44,16,4,18.12,100.0
2996,55,20260511,1,3,7.1,8,0,2,0.44,22,7,0.0,100.0
2997,87,20260322,2,2,4.8,1,0,102,0.78,15,3,46.84,68.16
2998,69,20260226,1,1,0.9,0,0,58,0.4,10,3,20.49,94.51
2999,98,20260621,1,3,6.5,1,11,14,0.42,18,7,15.27,100.0
3000,22,20260115,2,3,7.3,9,3,102,0.8,23,6,40.18,99.82
3001,37,20260303,3,3,1.2,9,0,148,0.76,11,2,70.91,39.09
3002,75,20261115,1,2,3.5,2,4,36,0.42,22,6,7.26,100.0
3003,93,20260429,1,2,4.2,2,2,80,0.41,23,6,17.09,100.0
3004,47,20260807,3,1,0.0,0,0,166,0.82,0,1,75.2,29.8
3005,59,20260313,4,1,3.0,0,0,228,0.82,22,0,97.99,2.01
3006,65,20260228,4,2,2.4,1,5,210,0.79,22,0,97.45,2.55
3007,65,20260217,2,2,2.9,2,2,103,0.76,20,1,56.5,48.5
3008,77,20260118,1,2,6.7,2,0,2,0.47,21,5,0.0,100.0
3009,4,20261204,4,1,1.1,0,0,206,0.76,23,0,99.25,0.75
3010,11,20260515,1,2,6.8,1,0,29,0.43,22,5,3.67,100.0
3011,48,20260127,1,1,5.6,0,0,2,0.47,18,6,0.0,100.0
3012,57,20261210,3,1,2.5,0,0,137,0.82,13,1,77.03,27.97
3013,19,20261220,2,2,3.0,1,0,107,0.79,15,4,44.18,75.82
3014,38,20260113,1,1,7.2,0,0,2,0.47,11,8,0.0,100.0
3015,3,20260618,1,2,7.9,6,0,35,0.41,23,5,3.13,100.0
3016,85,20261107,4,2,1.6,1,7,199,0.76,2,1,100.0,5.0
3017,60,20260423,1,2,2.4,2,0,99,0.47,17,4,30.04,89.96
3018,56,20260926,3,2,1.7,2,0,166,0.82,23,1,83.46,21.54
3019,52,20260403,3,1,0.7,0,0,188,0.78,21,0,83.59,16.41
3020,87,20260202,4,1,5.1,0,0,187,0.83,22,2,87.02,22.98
3021,95,20260322,1,2,5.4,2,0,68,0.47,15,3,25.71,89.29
3022,4,20260126,1,1,8.7,0,0,46,0.4,18,6,1.95,100.0
3023,93,20260623,1,3,6.0,9,2,34,0.4,23,6,2.62,100.0
3024,93,20261220,1,2,2.6,1,3,80,0.47,9,3,33.03,81.97
3025,10,20260629,1,2,7.2,4,0,16,0.44,21,8,0.0,100.0
3026,63,20260408,3,1,4.8,0,0,163,0.78,21,3,71.37,43.63
3027,5,20260108,1,2,7.7,1,2,10,0.48,17,7,0.0,100.0
3028,20,20260216,1,1,5.3,0,0,68,0.4,9,3,23.49,91.51
3029,25,20260609,1,2,6.6,5,0,10,0.44,21,5,6.8,100.0
3030,5,20260122,2,3,5.7,2,11,49,0.45,17,4,40.36,89.64
3031,47,20260609,1,2,7.9,2,0,9,0.48,21,9,0.0,100.0
3032,55,20260630,1,3,6.3,8,0,27,0.4,21,5,0.0,100.0
3033,24,20260624,1,2,7.2,1,0,19,0.43,10,6,0.0,100.0
3034,2,20260330,1,1,4.7,0,0,58,0.45,9,7,4.65,100.0
3035,57,20261021,1,2,4.4,1,0,24,0.41,10,6,0.0,100.0
3036,12,20260607,1,2,5.9,1,0,2,0.44,22,4,6.2,100.0
3037,58,20261012,1,2,6.4,0,4,77,0.42,9,4,26.07,93.93
3038,59,20260127,1,2,6.9,5,0,17,0.4,22,8,0.0,100.0
3039,60,20260506,1,1,7.1,0,0,78,0.41,22,6,13.47,100.0
3040,90,20260324,4,2,3.8,1,9,199,0.79,15,1,100.0,5.0
3041,68,20261029,1,1,2.8,0,0,30,0.46,8,3,13.55,100.0
3042,62,20260707,1,1,5.1,0,0,24,0.48,23,7,0.0,100.0
3043,45,20260321,3,2,0.0,2,0,142,0.78,23,0,70.56,29.44
3044,35,20260514,1,2,7.0,2,0,33,0.47,19,6,0.08,100.0
3045,6,20260225,1,2,4.7,1,0,12,0.42,18,6,0.0,100.0
3046,69,20261220,2,1,2.8,0,0,106,0.82,13,3,49.11,65.89
3047,44,20261012,1,1,5.1,0,0,2,0.48,22,5,0.0,100.0
3048,44,20261021,1,2,2.8,2,0,83,0.43,22,2,30.66,79.34
3049,34,20260521,1,2,7.1,6,0,81,0.43,9,4,28.57,100.0
3050,61,20260723,2,1,4.2,0,0,105,0.78,17,3,54.71,60.29
3051,31,20260807,4,1,1.5,0,0,219,0.81,22,0,94.9,5.1
3052,48,20261027,1,2,4.0,2,0,59,0.48,16,5,13.11,100.0
3053,79,20260505,1,3,6.2,7,0,18,0.47,9,7,0.0,100.0
3054,96,20260524,1,1,7.4,0,0,2,0.44,10,8,0.0,100.0
3055,85,20260319,2,2,3.2,1,3,105,0.83,20,4,49.76,70.24
3056,24,20260824,2,1,4.0,0,0,74,0.47,12,1,36.88,68.12
3057,60,20260129,1,2,5.7,2,0,26,0.46,15,8,0.0,100.0
3058,90,20261230,4,2,3.1,1,6,202,0.77,19,0,100.0,0.0
3059,65,20260401,3,2,1.8,1,5,160,0.81,16,2,83.84,26.16
3060,7,20260214,4,2,2.5,1,0,217,0.75,22,0,92.46,7.54
3061,58,20260828,4,2,1.9,1,5,195,0.79,22,0,96.27,3.73
3062,11,20260827,3,1,5.6,0,0,165,0.79,13,3,75.05,39.95
3063,15,20260802,2,2,1.7,1,0,65,0.45,15,0,36.26,63.74
3064,69,20260617,1,2,6.3,2,0,48,0.47,15,5,18.55,100.0
3065,59,20261214,4,2,3.4,4,0,172,0.77,11,1,85.21,19.79
3066,51,20260608,1,1,8.8,0,0,25,0.44,13,10,0.0,100.0
3067,77,20261108,1,1,3.7,0,0,84,0.45,15,4,22.33,97.67
3068,19,20261105,2,1,4.5,0,0,117,0.82,12,3,60.14,54.86
3069,53,20260915,1,2,4.6,1,0,74,0.4,15,6,10.56,100.0
3070,97,20260726,1,2,3.6,1,0,2,0.47,17,7,0.0,100.0
3071,76,20261228,1,3,1.3,1,10,2,0.41,19,6,11.7,100.0
3072,12,20260412,1,2,4.7,2,0,56,0.48,21,3,21.16,93.84
3073,56,20261108,2,2,3.0,2,0,100,0.41,21,2,35.22,74.78
3074,3,20260722,1,1,5.2,0,0,47,0.44,21,3,19.52,95.48
3075,93,20260809,4,3,1.7,5,10,179,0.8,14,1,100.0,5.0
3076,98,20260901,1,2,4.2,2,2,71,0.44,19,5,17.89,100.0
3077,3,20260521,1,2,6.3,6,0,53,0.44,21,4,21.49,100.0
3078,43,20261020,4,1,2.7,0,0,220,0.78,12,0,100.0,0.0
3079,52,20260131,1,2,5.9,2,0,2,0.48,22,6,0.0,100.0
3080,30,20261030,4,3,1.4,1,13,196,0.75,2,1,100.0,5.0
3081,89,20260103,1,1,5.0,0,0,62,0.47,22,5,15.77,100.0
3082,67,20261127,1,2,2.1,1,0,67,0.46,22,5,14.72,100.0
3083,78,20260827,4,2,2.8,1,0,201,0.76,12,0,97.63,2.37
3084,2,20261012,1,1,2.8,0,0,27,0.45,8,5,2.04,100.0
3085,15,20260521,1,2,4.9,1,0,14,0.4,10,5,4.95,100.0
3086,78,20261023,3,1,2.0,0,0,172,0.78,21,1,76.39,28.61
3087,58,20260405,1,2,3.8,2,2,93,0.41,9,5,24.66,100.0
3088,12,20261129,4,2,4.1,1,0,178,0.76,16,0,91.07,8.93
3089,31,20260513,1,1,8.6,0,0,2,0.48,12,7,0.0,100.0
3090,2,20261008,4,2,4.4,1,0,193,0.82,9,2,87.75,22.25
3091,73,20260707,1,2,4.3,1,0,45,0.47,22,6,3.14,100.0
3092,31,20260521,1,2,5.8,2,0,2,0.42,9,6,0.0,100.0
3093,2,20260331,1,2,2.5,2,0,72,0.44,15,4,18.78,100.0
3094,11,20260108,1,2,8.4,1,0,2,0.43,10,6,0.0,100.0
3095,17,20260930,1,2,4.4,1,0,54,0.42,8,4,15.51,100.0
3096,81,20261130,2,1,4.0,0,0,107,0.75,18,2,49.95,60.05
3097,61,20261203,2,2,3.7,1,0,99,0.42,17,3,41.51,73.49
3098,2,20260628,1,1,7.6,0,0,5,0.4,11,8,0.0,100.0
3099,77,20260605,1,2,6.1,2,0,2,0.47,22,7,0.0,100.0
3100,32,20260510,1,2,6.7,2,0,45,0.4,19,4,20.8,100.0
3101,28,20260615,1,3,6.4,7,1,25,0.47,22,6,0.97,100.0
3102,87,20261015,1,2,2.3,2,0,45,0.43,21,3,15.23,99.77
3103,86,20260129,1,1,4.6,0,0,26,0.48,20,6,0.0,100.0
3104,52,20260903,1,2,5.3,1,0,70,0.47,10,4,22.76,97.24
3105,74,20260214,4,2,1.6,2,0,204,0.8,23,0,88.74,11.26
3106,85,20260619,1,3,6.0,0,10,11,0.44,0,7,4.49,100.0
3107,27,20261124,1,1,3.0,0,0,7,0.41,21,6,0.0,100.0
3108,82,20260609,1,3,7.7,9,14,20,0.45,21,7,22.95,100.0
3109,10,20261218,2,2,2.1,2,0,120,0.78,1,2,56.1,53.9
3110,61,20260216,1,1,7.2,0,0,8,0.46,15,8,0.0,100.0
3111,49,20260329,1,2,4.4,1,0,54,0.43,21,6,6.12,100.0
3112,81,20260704,3,2,0.0,1,0,156,0.79,22,0,83.37,16.63
3113,21,20260420,1,1,3.3,0,0,66,0.46,21,4,20.76,99.24
3114,96,20260615,1,2,5.6,1,0,2,0.43,9,7,0.0,100.0
3115,96,20261011,4,2,3.9,2,0,205,0.81,10,1,93.28,11.72
3116,75,20260105,1,2,6.3,6,2,25,0.41,21,6,0.0,100.0
3117,36,20260107,1,1,7.2,0,0,35,0.43,12,5,12.51,100.0
3118,77,20261128,4,2,3.6,2,0,171,0.75,23,0,87.13,12.87
3119,59,20260920,4,3,2.8,7,0,226,0.77,21,1,98.17,6.83
3120,3,20261128,4,3,1.3,7,0,173,0.79,0,0,87.75,12.25
3121,19,20260826,2,2,2.0,2,0,104,0.79,12,3,55.17,59.83
3122,99,20260428,3,3,3.5,7,0,138,0.79,23,2,70.14,39.86
3123,37,20261013,1,1,3.2,0,0,75,0.44,21,5,14.66,100.0
3124,72,20260918,4,3,1.8,9,8,208,0.82,1,0,100.0,0.0
3125,72,20260206,4,3,2.0,6,12,180,0.82,0,0,100.0,0.0
3126,46,20260129,1,2,6.4,1,0,32,0.41,8,6,0.0,100.0
3127,18,20260515,1,1,6.8,0,0,24,0.46,0,6,0.0,100.0
3128,66,20260409,1,2,5.1,1,0,54,0.45,22,6,4.6,100.0
3129,50,20260529,1,2,6.3,2,0,49,0.4,0,5,8.4,100.0
3130,44,20260131,1,2,6.1,5,0,30,0.43,23,6,0.0,100.0
3131,14,20260504,1,2,9.2,1,0,2,0.48,11,10,0.0,100.0
3132,95,20260504,1,2,7.9,2,0,2,0.46,22,8,0.0,100.0
3133,81,20260829,3,2,0.9,2,0,171,0.79,0,0,82.09,17.91
3134,18,20260330,1,2,4.0,2,0,57,0.46,20,3,22.97,92.03
3135,11,20260422,1,2,2.6,1,0,66,0.42,13,3,20.99,94.01
3136,78,20261204,4,2,0.0,1,0,184,0.79,20,0,91.76,8.24
3137,88,20260901,1,2,1.2,2,3,19,0.42,18,5,3.39,100.0
3138,91,20260306,4,3,0.0,0,13,202,0.81,23,1,100.0,5.0
3139,38,20260811,1,2,4.4,1,0,55,0.41,11,5,8.86,100.0
3140,66,20260405,1,2,4.8,1,0,99,0.48,15,3,32.25,82.75
3141,1,20260707,1,2,0.8,1,4,69,0.45,19,3,28.79,86.21
3142,17,20260930,1,2,2.4,1,0,34,0.41,11,4,8.98,100.0
3143,79,20261002,1,3,3.3,9,0,15,0.41,23,6,0.99,100.0
3144,43,20260513,1,2,5.2,1,0,2,0.47,11,6,0.0,100.0
3145,81,20260216,1,2,2.6,1,0,86,0.42,19,2,33.78,76.22
3146,3,20260214,3,2,2.6,1,0,166,0.77,23,2,68.73,41.27
3147,31,20260208,1,2,5.0,1,0,66,0.42,8,5,11.4,100.0
3148,21,20261213,4,3,5.1,8,0,198,0.83,22,1,93.49,11.51
3149,27,20260213,1,2,2.4,1,0,56,0.4,2,1,26.22,78.78
3150,91,20261230,4,2,4.7,2,8,185,0.78,15,1,100.0,5.0
3151,84,20260916,4,1,2.5,0,0,187,0.79,19,0,91.69,8.31
3152,76,20261126,1,2,3.2,0,2,25,0.48,19,6,3.77,100.0
3153,47,20261019,4,1,3.7,0,0,205,0.76,17,1,92.67,12.33
3154,40,20260328,2,2,1.0,1,0,147,0.8,21,2,64.68,45.32
3155,63,20261025,4,1,4.9,0,0,210,0.75,16,0,99.85,0.15
3156,98,20260201,2,2,2.7,2,3,109,0.76,18,3,50.63,64.37
3157,76,20260924,1,2,3.6,0,2,2,0.47,19,7,0.0,100.0
3158,45,20260613,2,2,6.2,1,0,85,0.42,23,1,38.54,76.46
3159,74,20260114,1,2,4.5,1,0,2,0.48,22,5,6.79,100.0
3160,7,20260205,2,2,6.7,1,0,128,0.83,19,3,56.69,58.31
3161,95,20261120,2,1,3.4,0,0,90,0.44,22,2,35.84,74.16
3162,53,20260117,1,2,4.8,2,0,36,0.46,20,6,3.43,100.0
3163,23,20260802,1,2,2.3,2,0,53,0.47,22,5,11.66,100.0
3164,94,20260826,4,2,4.7,1,0,242,0.8,8,0,100.0,0.0
3165,40,20260802,1,1,3.8,0,0,15,0.44,8,5,0.0,100.0
3166,72,20260910,2,2,4.6,1,4,97,0.46,9,3,37.88,77.12
3167,63,20261020,4,2,2.3,1,0,191,0.83,21,0,97.6,2.4
3168,50,20260310,1,2,2.7,1,0,63,0.44,19,3,20.97,94.03
3169,63,20260225,1,2,3.7,1,0,62,0.46,17,3,23.29,91.71
3170,73,20260705,1,2,2.9,2,0,100,0.42,22,3,33.23,81.77
3171,79,20260520,1,3,7.3,8,0,56,0.45,9,6,16.78,100.0
3172,51,20260610,1,2,7.4,1,0,2,0.47,8,7,0.0,100.0
3173,85,20260827,4,2,2.0,0,5,186,0.77,18,2,91.11,18.89
3174,63,20260209,3,2,4.4,2,0,153,0.75,19,1,76.44,28.56
3175,96,20260912,4,1,1.1,0,0,190,0.77,20,1,87.92,17.08
3176,18,20261016,3,1,3.5,0,0,158,0.78,1,1,72.32,32.68
3177,10,20260410,1,2,3.7,1,0,23,0.48,22,6,0.0,100.0
3178,57,20260929,1,2,1.8,2,0,46,0.43,11,4,13.95,100.0
3179,87,20260919,4,2,1.1,1,0,207,0.83,22,1,89.0,16.0
3180,13,20260615,1,2,7.5,2,0,6,0.43,17,6,0.0,100.0
3181,44,20260514,1,3,7.0,7,0,11,0.43,21,5,0.0,100.0
3182,67,20260330,1,2,4.2,2,0,11,0.43,12,6,0.0,100.0
3183,35,20260812,4,2,3.2,2,0,179,0.78,15,1,85.75,19.25
3184,24,20260716,1,1,3.1,0,0,69,0.4,11,3,23.28,91.72
3185,63,20261209,1,2,2.1,1,0,51,0.41,20,2,22.0,88.0
3186,73,20260822,4,1,1.5,0,0,212,0.8,1,0,93.26,6.74
3187,87,20261031,3,1,2.1,0,0,181,0.78,22,0,82.27,17.73
3188,63,20260520,1,1,7.5,0,0,25,0.4,16,3,19.3,100.0
3189,29,20261218,3,2,0.1,2,0,182,0.75,20,0,80.38,19.62
3190,83,20260627,1,2,7.4,0,5,2,0.47,22,6,0.0,100.0
3191,39,20260909,1,1,3.9,0,0,59,0.41,21,3,17.99,97.01
3192,49,20260215,1,2,1.1,2,0,46,0.47,16,4,13.87,100.0
3193,42,20260612,1,2,9.2,1,0,30,0.48,22,7,0.0,100.0
3194,11,20260409,1,2,4.5,1,0,75,0.4,13,3,24.56,90.44
3195,4,20260821,3,2,4.9,2,0,172,0.79,0,2,69.87,40.13
3196,74,20260707,1,2,0.0,2,0,55,0.44,18,3,21.41,93.59
3197,66,20260728,4,2,4.3,2,0,193,0.76,19,0,91.9,8.1
3198,67,20260718,1,1,1.2,0,0,59,0.43,20,3,22.23,92.77
3199,21,20260827,4,2,2.8,6,0,194,0.75,21,1,90.19,14.81
3200,77,20260725,4,2,2.5,1,0,172,0.82,23,1,86.47,18.53
3201,69,20261105,4,1,4.6,0,0,194,0.82,13,1,89.87,15.13
3202,21,20260910,1,2,1.7,2,0,53,0.42,9,4,15.56,100.0
3203,1,20260911,4,2,3.2,2,6,168,0.76,23,2,85.67,24.33
3204,2,20261212,3,2,2.3,2,0,169,0.83,21,2,71.72,38.28
3205,6,20260523,1,1,7.4,0,0,42,0.41,0,5,7.28,100.0
3206,44,20260417,1,2,2.7,1,0,49,0.41,22,1,27.6,77.4
3207,80,20261029,1,2,7.5,1,0,44,0.45,20,7,0.81,100.0
3208,18,20260428,4,2,4.8,2,0,250,0.77,22,0,100.0,0.0
3209,73,20260821,3,1,0.7,0,0,172,0.77,1,0,79.2,20.8
3210,82,20260519,1,2,4.9,3,3,10,0.41,22,6,0.0,100.0
3211,8,20260415,1,1,3.6,0,0,33,0.44,18,4,8.52,100.0
3212,8,20261109,3,2,4.0,2,0,133,0.78,22,2,67.7,42.3
3213,31,20261211,4,2,1.1,1,0,184,0.77,22,0,90.4,9.6
3214,84,20260917,1,1,2.7,0,0,93,0.4,17,5,19.7,100.0
3215,37,20260423,1,2,2.9,1,0,62,0.41,21,5,10.46,100.0
3216,100,20261216,1,2,4.7,0,3,86,0.4,23,8,8.86,100.0
3217,70,20260522,1,2,5.8,2,0,18,0.46,22,6,4.66,100.0
3218,14,20260920,3,2,4.2,2,0,185,0.78,10,3,78.01,36.99
3219,7,20261225,4,2,0.0,1,0,222,0.83,23,0,97.64,2.36
3220,16,20260411,4,1,2.1,0,0,251,0.83,23,0,100.0,0.0
3221,67,20260824,1,1,3.5,0,0,2,0.41,13,7,0.0,100.0
3222,77,20260720,3,2,4.7,2,0,158,0.81,20,3,70.78,44.22
3223,8,20260221,2,2,1.0,2,0,97,0.43,23,0,43.13,56.87
3224,25,20260509,1,2,5.3,6,0,15,0.48,1,8,0.0,100.0
3225,3,20261228,3,2,4.3,6,0,113,0.81,22,1,69.46,35.54
3226,93,20260224,1,2,4.8,0,4,79,0.41,9,4,26.25,93.75
3227,33,20260606,1,2,7.3,5,0,44,0.4,23,8,0.0,100.0
3228,21,20260302,3,3,6.2,8,0,167,0.77,14,1,81.76,23.24
3229,91,20260428,4,3,3.7,0,13,222,0.78,20,0,100.0,0.0
3230,41,20260807,4,2,3.5,2,0,183,0.8,23,0,85.03,14.97
3231,86,20260609,1,1,9.1,0,0,34,0.43,19,6,8.99,100.0
3232,15,20260624,1,2,7.1,1,0,6,0.48,8,5,0.0,100.0
3233,1,20260930,1,2,3.5,0,1,48,0.4,19,6,3.53,100.0
3234,81,20261127,4,1,1.8,0,0,207,0.81,23,0,91.76,8.24
3235,3,20260410,2,2,0.8,2,0,119,0.81,2,1,63.16,41.84
3236,58,20260209,4,2,3.5,4,8,233,0.79,22,1,100.0,5.0
3237,61,20260117,1,2,7.4,1,0,15,0.43,22,6,0.0,100.0
3238,86,20260929,1,2,1.9,1,0,10,0.42,17,3,7.77,100.0
3239,30,20260207,4,3,1.4,1,10,169,0.76,1,1,89.23,15.77
3240,79,20260206,1,2,3.7,5,0,59,0.43,23,4,23.33,96.67
3241,64,20260912,4,2,1.0,1,0,242,0.8,20,0,100.0,0.0
3242,76,20260611,1,3,8.7,0,12,17,0.41,15,9,6.63,100.0
3243,36,20260721,1,2,3.1,1,0,79,0.46,13,3,28.45,86.55
3244,46,20260429,1,2,0.8,2,0,63,0.45,9,4,19.64,100.0
3245,14,20260702,1,1,2.1,0,0,41,0.4,11,5,3.24,100.0
3246,57,20261027,1,2,1.9,1,0,22,0.43,12,3,10.67,100.0
3247,62,20260328,2,2,1.2,1,0,119,0.8,23,1,59.69,45.31
3248,64,20261219,3,2,0.4,2,0,179,0.76,21,2,71.8,38.2
3249,72,20260129,1,2,7.2,4,4,6,0.45,22,7,0.0,100.0
3250,48,20260729,1,2,2.5,1,0,62,0.46,19,5,14.06,100.0
3251,98,20261210,4,2,4.1,0,5,157,0.76,20,0,92.19,7.81
3252,17,20260822,3,1,2.3,0,0,146,0.8,21,1,69.66,35.34
3253,73,20260629,1,3,4.7,7,0,40,0.44,9,7,0.0,100.0
3254,75,20260717,4,3,2.1,6,13,230,0.81,0,0,100.0,0.0
3255,94,20260227,3,1,0.1,0,0,146,0.79,21,0,73.46,26.54
3256,38,20260421,1,2,4.2,1,0,89,0.42,10,3,30.12,84.88
3257,31,20261227,1,2,3.4,1,0,88,0.41,14,3,29.46,85.54
3258,12,20261223,1,2,3.8,1,0,64,0.4,22,2,24.49,85.51
3259,68,20260318,4,1,1.3,0,0,241,0.83,8,0,100.0,0.0
3260,43,20261004,1,2,3.5,1,0,74,0.46,9,4,20.86,99.14
3261,72,20260619,1,3,5.8,8,13,19,0.46,0,6,15.96,100.0
3262,18,20260219,1,2,2.8,1,0,82,0.43,15,3,28.65,86.35
3263,17,20260131,1,1,7.9,0,0,15,0.43,21,8,0.0,100.0
3264,79,20260529,1,2,5.8,5,0,2,0.41,22,9,0.0,100.0
3265,4,20260709,1,1,4.1,0,0,57,0.46,19,5,11.99,100.0
3266,66,20261106,3,1,1.1,0,0,158,0.78,22,1,72.48,32.52
3267,37,20260209,3,2,4.0,6,0,184,0.78,11,3,78.34,36.66
3268,76,20260715,1,2,3.7,0,4,41,0.42,18,5,11.01,100.0
3269,88,20261008,2,3,4.8,0,13,64,0.44,15,4,47.24,72.76
3270,69,20260906,4,2,2.5,1,0,184,0.77,12,0,92.23,7.77
3271,43,20261230,4,2,2.6,2,0,209,0.76,9,1,95.21,9.79
3272,36,20260619,1,2,8.2,1,0,34,0.41,22,8,0.0,100.0
3273,45,20260817,1,1,2.6,0,0,84,0.44,16,2,30.82,79.18
3274,77,20260712,2,1,3.6,0,0,109,0.77,17,3,50.39,64.61
3275,20,20261105,4,2,4.3,1,0,191,0.83,10,0,96.27,3.73
3276,20,20260312,4,2,4.3,2,0,189,0.75,15,0,90.61,9.39
3277,79,20260512,1,2,6.1,5,0,2,0.44,22,7,0.0,100.0
3278,41,20261122,1,2,2.0,1,0,81,0.46,20,2,33.44,76.56
3279,46,20260703,3,2,0.5,1,0,180,0.77,20,1,77.41,27.59
3280,31,20261030,4,1,1.0,0,0,189,0.82,21,0,94.86,5.14
3281,75,20260924,1,2,3.9,0,1,55,0.45,23,5,13.57,100.0
3282,93,20260530,1,3,5.4,8,10,25,0.41,1,6,18.61,100.0
3283,32,20261103,2,1,4.9,0,0,120,0.78,16,5,43.44,81.56
3284,41,20260110,1,2,7.6,2,0,42,0.42,1,5,12.46,100.0
3285,65,20261220,2,2,3.1,1,4,135,0.81,17,3,63.68,51.32
3286,91,20260401,4,2,1.6,0,5,219,0.83,22,0,100.0,0.0
3287,53,20260127,1,1,7.1,0,0,6,0.46,12,8,0.0,100.0
3288,25,20260820,2,2,4.9,1,0,102,0.81,22,3,46.13,68.87
3289,5,20260627,1,2,5.0,1,7,11,0.48,1,7,0.0,100.0
3290,99,20260526,1,2,7.1,5,0,47,0.45,9,6,5.88,100.0
3291,97,20261023,1,2,0.8,1,0,94,0.4,1,4,24.95,95.05
3292,20,20261009,4,2,0.4,2,0,236,0.83,22,0,100.0,0.0
3293,29,20261023,4,1,2.6,0,0,228,0.79,22,1,92.83,12.17
3294,73,20261019,4,2,3.5,5,0,201,0.75,11,0,94.7,5.3
3295,52,20260905,4,1,2.2,0,0,190,0.76,22,0,91.21,8.79
3296,10,20260823,1,3,2.9,9,0,77,0.44,11,6,21.85,100.0
3297,26,20260324,4,3,3.9,9,13,172,0.82,22,1,100.0,5.0
3298,97,20260410,2,2,1.9,2,0,152,0.77,2,2,63.59,46.41
3299,15,20260726,1,2,2.5,2,0,32,0.47,11,2,19.76,90.24
3300,17,20260808,3,1,1.9,0,0,142,0.77,22,0,71.82,28.18
3301,87,20260103,1,2,5.5,1,0,14,0.48,2,6,0.0,100.0
3302,58,20260110,1,2,7.6,4,6,2,0.43,2,7,4.96,100.0
3303,6,20260412,1,2,3.1,1,0,60,0.41,18,5,12.66,100.0
3304,42,20260406,2,2,3.6,1,0,103,0.83,9,4,52.47,67.53
3305,76,20260304,1,2,2.4,2,9,50,0.43,20,4,33.38,86.62
3306,6,20260827,2,2,4.4,1,0,111,0.82,15,5,48.19,76.81
3307,22,20260822,4,3,1.7,2,11,177,0.76,0,0,97.92,2.08
3308,84,20261202,4,2,3.4,1,0,221,0.82,22,1,97.48,7.52
3309,92,20260419,1,2,1.2,1,0,33,0.44,16,3,14.59,100.0
3310,75,20260109,1,3,8.7,7,11,2,0.43,23,9,0.0,100.0
3311,78,20260115,1,2,6.6,1,0,42,0.47,10,4,13.56,100.0
3312,54,20260415,1,2,4.3,1,4,36,0.46,22,5,12.95,100.0
3313,91,20260219,1,2,6.3,0,3,41,0.47,16,7,4.46,100.0
3314,43,20260418,3,2,0.6,1,0,175,0.77,21,0,80.67,19.33
3315,42,20261001,3,2,3.2,1,0,136,0.75,12,2,66.41,43.59
3316,77,20261230,4,2,3.4,1,0,219,0.83,16,0,100.0,0.0
3317,97,20260526,1,1,8.2,0,0,43,0.43,19,6,4.4,100.0
3318,91,20260429,1,2,4.8,1,1,62,0.41,15,5,12.54,100.0
3319,5,20261108,1,2,6.0,1,4,58,0.46,20,6,14.74,100.0
3320,100,20260320,3,2,0.0,2,6,159,0.83,2,1,82.64,22.36
3321,19,20260920,2,2,4.6,1,0,120,0.82,14,4,57.07,62.93
3322,4,20260803,4,2,2.9,2,0,219,0.79,22,0,100.0,0.0
3323,94,20260124,1,2,8.8,1,0,7,0.48,20,7,0.0,100.0
3324,37,20260905,4,2,0.0,6,0,183,0.81,23,0,93.04,6.96
3325,10,20261007,1,2,3.0,1,0,4,0.42,9,4,0.91,100.0
3326,71,20260716,1,2,5.1,1,0,48,0.44,22,7,0.94,100.0
3327,49,20260120,1,1,6.2,0,0,51,0.46,18,7,8.37,100.0
3328,67,20261006,1,2,4.2,1,0,26,0.4,11,6,0.0,100.0
3329,6,20261026,1,1,5.6,0,0,70,0.48,16,6,12.61,100.0
3330,96,20260110,1,2,7.6,1,0,30,0.45,21,9,0.0,100.0
3331,33,20261006,1,2,2.1,1,0,78,0.46,22,5,18.79,100.0
3332,69,20260227,3,2,2.2,2,0,165,0.83,22,1,77.48,27.52
3333,48,20260517,1,1,7.3,0,0,2,0.43,22,9,0.0,100.0
3334,85,20260224,1,2,3.9,1,1,82,0.43,20,4,25.42,94.58
3335,85,20261020,4,3,6.8,2,10,186,0.83,15,2,99.98,10.02
3336,43,20260311,1,1,1.4,0,0,50,0.4,14,3,16.57,98.43
3337,99,20260722,1,2,2.3,2,0,24,0.41,23,4,4.84,100.0
3338,75,20260730,2,2,1.5,1,4,97,0.46,14,3,36.88,78.12
3339,91,20260919,4,2,1.4,0,8,200,0.77,22,0,100.0,0.0
3340,11,20260920,3,2,3.1,1,0,175,0.78,11,1,82.71,22.29
3341,87,20260823,4,1,2.1,0,0,209,0.78,16,1,93.28,11.72
3342,9,20261130,1,2,3.5,2,0,5,0.42,17,6,0.0,100.0
3343,45,20260401,2,1,4.6,0,0,114,0.82,20,2,64.73,45.27
3344,21,20261116,1,2,4.1,1,0,62,0.45,22,4,17.99,100.0
3345,89,20261228,4,2,2.6,1,0,193,0.82,21,1,90.78,14.22
3346,19,20260519,1,2,6.1,1,0,6,0.44,12,6,0.0,100.0
3347,11,20260320,3,2,3.5,1,0,163,0.8,21,1,72.1,32.9
3348,36,20261020,4,1,4.1,0,0,207,0.76,15,0,96.43,3.57
3349,27,20260905,1,2,1.5,5,0,13,0.44,0,5,5.81,100.0
3350,42,20260909,1,1,3.1,0,0,2,0.42,12,4,0.0,100.0
3351,52,20261216,1,2,0.8,1,0,78,0.48,14,2,31.44,78.56
3352,15,20260315,1,1,2.0,0,0,87,0.46,8,2,32.76,77.24
3353,71,20261218,3,2,2.7,1,0,182,0.81,0,2,74.04,35.96
3354,46,20260817,1,2,5.3,2,0,62,0.48,14,6,11.3,100.0
3355,44,20260206,1,2,2.9,5,0,9,0.48,23,4,11.01,100.0
3356,47,20260112,1,1,7.7,0,0,2,0.41,16,8,0.0,100.0
3357,34,20260406,4,3,2.3,9,0,233,0.79,21,0,100.0,0.0
3358,71,20260516,1,2,6.9,4,0,2,0.44,0,8,0.0,100.0
3359,59,20260613,1,3,6.5,7,0,27,0.43,23,8,0.0,100.0
3360,28,20260724,3,3,0.8,2,10,155,0.75,0,1,83.66,21.34
3361,86,20260912,1,1,3.9,0,0,51,0.42,0,4,22.53,97.47
3362,6,20260124,1,2,5.1,1,0,2,0.41,23,6,0.0,100.0
3363,95,20261218,2,1,1.6,0,0,127,0.79,2,1,62.78,42.22
3364,7,20261127,3,2,1.6,1,0,172,0.82,1,0,80.2,19.8
3365,73,20260801,3,1,4.9,0,0,179,0.8,0,3,70.58,44.42
3366,26,20260729,1,2,0.9,1,4,55,0.4,21,3,25.41,89.59
3367,60,20261205,4,1,0.0,0,0,192,0.81,22,0,86.83,13.17
3368,14,20260129,1,1,6.9,0,0,14,0.46,8,6,0.0,100.0
3369,28,20260306,3,2,2.6,2,5,145,0.79,23,2,71.69,38.31
3370,43,20260710,4,2,2.1,2,0,207,0.83,22,0,94.03,5.97
3371,22,20260418,4,2,1.6,2,6,192,0.81,23,0,97.98,2.02
3372,14,20260202,3,2,5.7,1,0,191,0.76,15,3,77.9,37.1
3373,91,20260720,4,3,3.3,2,11,219,0.8,17,1,100.0,5.0
3374,52,20260809,3,1,3.8,0,0,181,0.8,8,2,80.81,29.19
3375,11,20260915,1,2,2.5,2,0,51,0.42,14,3,18.91,96.09
3376,99,20260913,2,3,1.6,9,0,119,0.81,9,2,64.54,45.46
3377,97,20260210,1,2,3.9,2,0,36,0.48,22,6,4.27,100.0
3378,43,20260114,1,1,6.2,0,0,33,0.42,10,8,0.0,100.0
3379,82,20260708,1,2,3.7,0,1,86,0.46,22,4,26.97,93.03
3380,5,20260914,4,2,4.9,0,7,185,0.81,20,1,100.0,5.0
3381,21,20261015,1,2,5.0,2,0,98,0.41,14,4,26.85,93.15
3382,44,20261214,1,3,3.2,8,0,31,0.42,21,3,19.5,95.5
3383,33,20260427,1,2,4.4,2,0,45,0.41,21,7,0.0,100.0
3384,8,20260201,1,1,3.7,0,0,34,0.46,18,4,11.52,100.0
3385,65,20261223,1,2,3.3,1,3,60,0.44,20,5,16.38,100.0
3386,4,20261001,3,1,2.1,0,0,152,0.77,20,2,74.18,35.82
3387,73,20260924,1,2,3.7,1,0,66,0.41,21,4,17.11,100.0
3388,18,20260920,3,1,2.7,0,0,158,0.82,16,1,82.14,22.86
3389,13,20260727,2,2,4.4,1,0,127,0.81,22,2,58.2,51.8
3390,94,20260616,1,2,7.9,1,0,21,0.44,11,6,0.0,100.0
3391,38,20261204,4,1,2.0,0,0,201,0.79,20,1,90.74,14.26
3392,2,20260915,1,1,2.7,0,0,19,0.47,11,6,0.0,100.0
3393,89,20260513,1,1,6.3,0,0,2,0.47,21,6,0.0,100.0
3394,83,20260911,2,2,0.0,2,5,62,0.41,22,2,38.69,71.31
3395,93,20261006,1,2,4.2,2,4,54,0.46,23,7,10.02,100.0
3396,71,20260222,1,2,3.9,1,0,59,0.47,21,5,15.08,100.0
3397,31,20260822,4,1,1.7,0,0,211,0.76,21,0,89.37,10.63
3398,13,20261018,1,1,4.4,0,0,66,0.44,17,4,16.88,100.0
3399,62,20261101,1,3,5.1,7,0,100,0.4,9,5,28.8,96.2
3400,16,20260914,4,2,4.2,2,0,220,0.77,19,3,89.63,25.37
3401,34,20260917,1,1,3.0,0,0,22,0.47,9,5,3.85,100.0
3402,20,20260223,1,1,4.1,0,0,81,0.4,10,2,30.26,79.74
3403,25,20260121,1,2,8.6,3,0,18,0.47,11,7,0.21,100.0
3404,60,20260515,1,1,5.1,0,0,20,0.44,0,7,0.0,100.0
3405,94,20260925,4,2,2.3,1,0,207,0.79,20,0,90.77,9.23
3406,21,20261110,4,2,4.1,6,0,185,0.83,21,2,85.65,24.35
3407,17,20260411,4,2,1.3,2,0,189,0.8,22,0,94.24,5.76
3408,56,20260606,1,2,6.5,1,0,10,0.43,1,5,0.0,100.0
3409,89,20261206,1,2,4.3,1,0,64,0.45,17,3,23.14,91.86
3410,8,20261224,1,2,2.9,1,0,48,0.42,19,4,14.36,100.0
3411,62,20260217,1,2,3.9,1,0,16,0.41,23,7,0.0,100.0
3412,3,20260523,1,2,7.8,6,0,2,0.4,0,7,0.0,100.0
3413,20,20260328,4,1,0.5,0,0,211,0.8,20,0,93.35,6.65
3414,36,20260629,1,1,7.8,0,0,33,0.42,14,7,0.0,100.0
3415,83,20261027,1,2,4.4,2,4,35,0.46,20,4,15.88,100.0
3416,86,20261005,1,2,4.8,2,0,27,0.46,21,3,11.57,100.0
3417,76,20260827,2,3,2.3,2,13,57,0.45,21,5,39.84,85.16
3418,13,20260710,4,1,1.1,0,0,215,0.76,22,0,89.88,10.12
3419,65,20260301,1,2,4.8,1,1,69,0.42,19,4,18.22,100.0
3420,31,20261008,4,2,3.3,1,0,242,0.8,15,0,100.0,0.0
3421,64,20260828,3,1,2.7,0,0,190,0.79,20,2,75.13,34.87
3422,9,20260109,1,2,7.2,2,0,22,0.4,23,6,0.0,100.0
3423,49,20260619,1,2,7.2,2,0,7,0.4,23,8,0.0,100.0
3424,95,20260720,2,2,0.6,1,0,110,0.8,18,2,62.21,47.79
3425,90,20261222,1,2,4.3,2,4,18,0.48,21,6,2.65,100.0
3426,84,20260130,1,1,7.6,0,0,21,0.4,1,9,0.0,100.0
3427,86,20260626,2,2,6.4,2,0,91,0.47,22,4,36.23,93.77
3428,89,20260109,1,2,6.8,2,0,49,0.47,0,8,0.0,100.0
3429,50,20261124,1,2,3.0,1,0,71,0.41,21,2,27.14,82.86
3430,63,20261106,3,2,0.6,2,0,179,0.77,0,0,83.31,16.69
3431,62,20260826,3,3,3.7,9,0,154,0.81,9,2,73.75,36.25
3432,27,20260601,1,3,7.3,8,0,28,0.41,22,6,0.0,100.0
3433,42,20260801,1,2,0.7,2,0,94,0.4,21,2,32.26,77.74
3434,93,20260529,2,3,4.8,8,12,99,0.44,2,3,49.21,75.79
3435,9,20260428,4,2,3.4,2,0,183,0.79,16,1,86.23,18.77
3436,3,20260919,3,1,0.0,0,0,116,0.78,22,0,65.21,34.79
3437,15,20260204,1,1,4.1,0,0,91,0.42,12,2,33.29,76.71
3438,50,20261105,3,2,3.0,1,0,150,0.82,17,1,80.92,24.08
3439,34,20261212,3,2,3.2,1,0,188,0.8,23,1,80.87,24.13
3440,79,20260904,1,2,3.2,1,0,47,0.42,22,5,5.97,100.0
3441,98,20261204,4,3,1.4,2,11,191,0.8,2,0,100.0,0.0
3442,84,20260510,1,2,6.7,1,0,2,0.44,16,9,0.0,100.0
3443,77,20261017,3,2,1.3,1,0,186,0.79,1,0,83.85,16.15
3444,60,20260306,3,2,1.4,2,0,183,0.83,23,1,81.95,23.05
3445,94,20261226,4,2,1.1,2,0,220,0.75,20,0,91.73,8.27
3446,8,20261114,2,2,0.8,2,0,118,0.79,23,1,59.08,45.92
3447,42,20261117,2,2,1.9,2,0,88,0.43,12,1,47.36,57.64
3448,2,20260412,1,2,3.2,2,0,36,0.4,11,5,2.86,100.0
3449,47,20261214,3,2,4.5,2,0,181,0.82,20,4,75.47,44.53
3450,18,20260904,4,1,2.2,0,0,192,0.83,1,0,87.87,12.13
3451,53,20261115,1,2,2.3,1,0,68,0.47,13,4,21.47,98.53
3452,45,20260813,1,2,1.8,1,0,41,0.48,15,4,13.33,100.0
3453,18,20261021,1,1,4.2,0,0,83,0.47,15,3,29.61,85.39
3454,59,20260316,1,1,3.6,0,0,39,0.46,9,6,2.85,100.0
3455,17,20260313,3,1,1.1,0,0,168,0.83,22,1,78.51,26.49
3456,89,20260703,4,1,0.0,0,0,201,0.78,23,0,88.33,11.67
3457,86,20260812,1,2,4.2,1,0,46,0.46,18,5,18.58,100.0
3458,74,20261127,3,2,2.6,2,0,160,0.79,23,0,75.91,24.09
3459,71,20261101,3,3,4.4,9,0,167,0.81,9,3,75.49,39.51
3460,83,20260723,2,3,2.4,2,12,55,0.42,19,4,39.36,80.64
3461,77,20260211,4,1,1.0,0,0,214,0.81,17,0,100.0,0.0
3462,85,20261026,1,2,4.7,2,4,21,0.47,20,5,9.48,100.0
3463,75,20260303,4,3,3.6,8,10,199,0.8,9,1,100.0,5.0
3464,39,20260209,4,2,3.9,1,0,187,0.8,15,0,94.01,5.99
3465,89,20260704,4,2,2.0,1,0,193,0.77,0,2,86.85,23.15
3466,11,20260730,1,2,1.3,2,0,96,0.47,11,3,31.5,83.5
3467,60,20260830,3,2,3.6,2,0,197,0.79,20,3,82.79,32.21
3468,23,20260804,1,2,3.1,1,0,32,0.41,14,5,4.02,100.0
3469,11,20260512,1,2,7.9,2,0,4,0.43,9,6,0.0,100.0
3470,89,20260711,3,2,1.5,1,0,186,0.79,1,0,84.44,15.56
3471,42,20260131,1,1,5.6,0,0,37,0.42,20,7,0.0,100.0
3472,67,20261122,1,2,4.0,1,0,2,0.46,11,6,0.0,100.0
3473,44,20261128,1,2,2.1,5,0,55,0.48,0,3,29.4,85.6
3474,80,20261104,4,2,3.1,2,0,198,0.75,16,2,85.38,24.62
3475,36,20261110,4,1,3.5,0,0,200,0.77,13,0,96.95,3.05
3476,67,20260825,1,2,2.3,2,0,42,0.48,9,4,12.65,100.0
3477,77,20260805,4,1,5.5,0,0,222,0.77,17,0,100.0,0.0
3478,92,20261017,3,1,1.6,0,0,156,0.83,1,0,78.48,21.52
3479,6,20260814,2,2,0.9,1,0,132,0.8,23,3,63.35,51.65
3480,46,20260803,3,1,3.8,0,0,140,0.77,13,2,69.98,40.02
3481,31,20260826,3,2,3.8,1,0,152,0.79,12,0,81.64,18.36
3482,37,20260331,1,1,2.1,0,0,39,0.43,21,5,7.77,100.0
3483,75,20260222,1,2,2.4,1,1,93,0.45,11,4,27.45,92.55
3484,39,20260323,1,2,1.7,2,0,56,0.44,17,2,26.5,83.5
3485,24,20260518,1,2,9.1,1,0,2,0.46,9,6,0.0,100.0
3486,34,20260524,1,3,8.3,8,0,43,0.48,9,6,4.43,100.0
3487,77,20260616,1,2,6.1,2,0,23,0.42,21,5,0.28,100.0
3488,81,20260221,4,1,1.4,0,0,252,0.76,23,0,100.0,0.0
3489,13,20260114,1,1,6.3,0,0,10,0.43,19,6,2.42,100.0
3490,95,20261123,2,2,2.3,1,0,103,0.78,22,2,58.82,51.18
3491,86,20260801,1,2,1.2,2,0,40,0.45,23,3,17.03,97.97
3492,62,20260702,1,2,3.1,2,0,45,0.45,22,5,6.78,100.0
3493,74,20260106,1,2,6.4,2,0,16,0.48,17,5,2.14,100.0
3494,71,20261216,1,2,3.0,2,0,67,0.44,9,5,13.66,100.0
3495,92,20260427,1,2,3.8,1,0,50,0.48,16,6,8.08,100.0
3496,53,20260725,4,2,0.0,1,0,243,0.78,21,0,100.0,0.0
3497,8,20260704,3,2,2.7,2,0,135,0.76,22,1,72.08,32.92
3498,4,20260903,1,2,3.6,1,0,47,0.42,20,6,4.01,100.0
3499,18,20260226,1,2,5.6,2,0,70,0.4,16,3,22.68,92.32
3500,20,20261217,1,2,2.9,2,0,71,0.45,8,2,30.97,79.03
3501,16,20260311,1,2,3.5,2,0,82,0.43,15,6,13.77,100.0
3502,85,20260419,1,2,3.0,0,4,64,0.44,19,6,13.74,100.0
3503,47,20260411,4,2,0.8,2,0,226,0.77,22,0,100.0,0.0
3504,83,20260723,2,2,2.2,1,5,52,0.47,22,3,36.69,78.31
3505,54,20260930,1,2,4.2,0,1,54,0.4,21,5,9.81,100.0
3506,79,20260715,1,2,4.1,2,0,38,0.45,9,5,8.0,100.0
3507,57,20260918,3,2,2.3,2,0,128,0.79,20,2,68.96,41.04
3508,1,20260618,1,2,5.0,0,2,2,0.4,22,7,0.0,100.0
3509,84,20261021,1,1,3.4,0,0,92,0.4,18,4,24.25,95.75
3510,25,20260117,1,2,7.4,6,0,2,0.48,2,7,0.0,100.0
3511,14,20260110,1,2,7.8,1,0,11,0.43,20,8,0.0,100.0
3512,50,20260802,1,2,2.2,1,0,64,0.44,15,2,25.45,84.55
3513,24,20260623,1,2,8.3,2,0,53,0.41,14,5,11.0,100.0
3514,13,20261228,4,2,3.0,1,0,170,0.79,16,0,89.23,10.77
3515,25,20260220,4,2,0.8,2,0,206,0.75,0,0,89.79,10.21
3516,92,20260611,1,2,8.3,2,0,18,0.47,16,7,1.0,100.0
3517,69,20260320,3,1,1.2,0,0,170,0.83,20,1,78.44,26.56
3518,92,20260206,4,1,0.7,0,0,235,0.77,0,0,100.0,0.0
3519,57,20260214,3,2,0.0,1,0,129,0.78,21,0,69.76,30.24
3520,30,20261105,3,2,3.7,1,5,168,0.8,21,3,81.59,33.41
3521,85,20261017,4,3,0.3,2,10,181,0.75,0,1,90.97,14.03
3522,81,20260814,4,2,0.4,2,0,181,0.78,0,0,89.2,10.8
3523,38,20260401,4,1,1.5,0,0,169,0.83,14,1,86.76,18.24
3524,94,20260330,1,1,4.1,0,0,86,0.44,11,3,29.99,85.01
3525,26,20260612,1,3,10.0,7,5,2,0.48,23,8,0.0,100.0
3526,64,20260809,3,2,4.0,1,0,203,0.79,15,3,82.61,32.39
3527,33,20260320,4,2,1.7,1,0,205,0.75,2,0,88.23,11.77
3528,62,20261028,1,2,4.1,6,0,91,0.4,11,5,25.93,99.07
3529,66,20260811,2,2,3.9,2,0,109,0.75,15,2,51.99,58.01
3530,72,20260720,4,3,3.9,5,11,169,0.79,11,1,100.0,5.0
3531,47,20260718,4,1,1.1,0,0,233,0.82,0,1,95.76,9.24
3532,25,20260108,1,3,7.8,9,0,49,0.44,9,4,14.53,100.0
3533,90,20260627,1,2,7.5,2,5,57,0.45,2,6,14.55,100.0
3534,53,20260804,1,2,5.7,2,0,88,0.44,13,5,18.28,100.0
3535,49,20260228,3,2,2.0,2,0,187,0.77,1,1,78.95,26.05
3536,17,20261218,3,2,0.0,2,0,167,0.79,20,0,81.02,18.98
3537,55,20261206,2,2,2.2,2,0,130,0.83,23,3,55.32,59.68
3538,14,20260520,1,1,5.1,0,0,70,0.44,14,6,18.42,100.0
3539,83,20260314,2,2,2.4,0,5,62,0.42,0,3,35.78,79.22
3540,75,20260803,4,3,3.7,7,7,195,0.81,21,2,99.49,10.51
3541,13,20260814,3,1,3.5,0,0,135,0.83,23,0,79.42,20.58
3542,75,20261114,3,2,0.0,2,5,165,0.83,1,2,80.24,29.76
3543,87,20260708,1,2,4.9,1,0,94,0.45,18,4,27.54,92.46
3544,76,20260113,1,3,7.7,0,11,14,0.46,22,7,15.08,100.0
3545,59,20260416,1,1,2.4,0,0,73,0.48,9,2,31.91,78.09
3546,34,20260730,1,2,1.9,2,0,33,0.45,14,4,10.9,100.0
3547,69,20261224,2,1,5.6,0,0,107,0.75,11,2,52.47,57.53
3548,21,20260916,3,3,3.0,7,0,148,0.76,22,1,75.56,29.44
3549,33,20260624,1,2,8.0,6,0,3,0.4,21,8,0.0,100.0
3550,61,20260315,1,2,5.4,2,0,65,0.42,16,4,18.53,100.0
3551,11,20260326,1,2,4.8,1,0,48,0.4,11,5,7.9,100.0
3552,27,20261102,1,1,2.5,0,0,2,0.41,21,6,0.0,100.0
3553,66,20260601,1,2,6.4,2,0,2,0.43,20,7,0.0,100.0
3554,33,20261025,4,3,3.8,7,0,207,0.78,9,1,92.32,12.68
3555,46,20260126,1,2,7.0,1,0,27,0.4,15,7,0.0,100.0
3556,19,20260618,1,2,7.8,1,0,14,0.42,12,6,0.0,100.0
3557,17,20260604,1,2,4.1,1,0,4,0.48,9,7,0.0,100.0
3558,4,20260612,1,2,6.0,1,0,68,0.43,22,5,14.01,100.0
3559,62,20260814,3,3,0.0,7,0,144,0.76,0,2,70.59,39.41
3560,91,20260213,4,2,0.9,2,5,171,0.8,1,0,87.44,12.56
3561,34,20261030,3,2,1.2,4,0,138,0.77,1,1,72.58,32.42
3562,54,20261109,3,3,4.4,7,13,119,0.81,22,4,76.61,43.39
3563,14,20261223,1,2,4.3,1,0,88,0.47,9,4,25.15,94.85
3564,69,20260204,1,2,2.9,1,0,83,0.45,11,3,29.89,85.11
3565,56,20260402,1,2,2.7,2,0,75,0.43,15,1,32.86,72.14
3566,89,20260918,4,2,1.7,2,0,201,0.78,22,2,87.26,22.74
3567,65,20260817,2,2,3.8,2,1,96,0.46,20,2,36.5,73.5
3568,92,20260105,1,2,8.1,1,0,14,0.44,20,6,0.0,100.0
3569,65,20260815,4,2,0.8,0,6,175,0.82,23,1,87.02,17.98
3570,62,20261128,2,2,1.0,5,0,120,0.82,0,3,61.58,53.42
3571,2,20260602,1,2,7.8,1,0,2,0.48,9,9,0.0,100.0
3572,94,20260414,1,1,5.4,0,0,55,0.46,11,2,23.51,86.49
3573,87,20261127,3,2,2.9,1,0,206,0.75,22,1,82.98,22.02
3574,86,20260306,1,2,1.0,2,0,4,0.46,22,3,4.18,100.0
3575,87,20260329,1,2,1.4,2,0,68,0.48,17,3,23.87,91.13
3576,93,20260709,1,2,4.0,2,3,71,0.48,21,5,20.7,100.0
3577,69,20260908,1,1,1.4,0,0,70,0.45,8,2,27.51,82.49
3578,58,20260723,4,3,4.0,7,11,229,0.82,9,0,100.0,0.0
3579,73,20261128,3,3,0.4,7,0,170,0.8,23,1,82.88,22.12
3580,61,20261226,2,1,2.1,0,0,125,0.83,1,2,58.88,51.12
3581,15,20261115,1,1,3.0,0,0,73,0.45,8,2,29.04,80.96
3582,38,20261103,1,1,2.8,0,0,55,0.45,8,4,17.48,100.0
3583,91,20260314,4,3,3.2,2,11,208,0.83,0,1,100.0,5.0
3584,72,20260429,1,2,2.5,0,3,95,0.45,22,4,31.9,88.1
3585,91,20260324,4,3,5.4,1,11,189,0.79,15,2,100.0,10.0
3586,86,20260527,1,2,5.5,2,0,2,0.42,16,6,0.0,100.0
3587,99,20261124,1,2,1.7,1,0,58,0.4,21,2,22.5,87.5
3588,39,20260319,1,2,4.8,2,0,70,0.43,20,4,18.02,100.0
3589,54,20260910,1,2,2.9,2,3,18,0.44,21,4,9.39,100.0
3590,35,20260817,2,2,3.0,1,0,102,0.78,21,2,49.88,60.12
3591,76,20260811,1,2,3.5,2,3,12,0.48,22,7,0.0,100.0
3592,35,20260809,4,1,3.7,0,0,174,0.76,17,0,86.66,13.34
3593,36,20260429,1,1,5.3,0,0,89,0.44,15,5,19.21,100.0
3594,26,20260331,1,2,4.2,2,1,87,0.4,21,5,21.07,100.0
3595,15,20261129,4,1,2.0,0,0,218,0.82,14,0,100.0,0.0
3596,3,20261020,1,2,2.5,4,0,73,0.44,9,3,32.24,82.76
3597,42,20260712,1,2,1.7,2,0,57,0.42,12,2,22.9,87.1
3598,44,20261217,1,1,2.9,0,0,36,0.47,21,2,21.13,88.87
3599,45,20260719,1,2,0.9,1,0,46,0.44,17,3,16.05,98.95
3600,15,20260917,1,2,5.1,2,0,92,0.42,13,2,33.4,76.6
3601,76,20261125,1,2,3.8,0,2,29,0.47,16,6,4.02,100.0
3602,8,20260219,1,2,2.1,2,0,55,0.42,18,2,25.08,84.92
3603,95,20260106,1,2,8.2,2,0,2,0.41,22,6,0.0,100.0
3604,2,20260310,1,1,4.2,0,0,59,0.4,14,5,11.61,100.0
3605,2,20260713,1,1,2.3,0,0,78,0.46,15,4,21.33,98.67
3606,87,20261222,1,2,3.9,2,0,72,0.47,18,3,25.83,89.17
3607,79,20260707,1,1,4.3,0,0,2,0.47,22,7,0.0,100.0
3608,72,20260922,1,2,3.4,0,3,5,0.43,21,6,0.0,100.0
3609,73,20261220,1,1,3.2,0,0,59,0.42,23,5,11.56,100.0
3610,12,20260312,4,2,4.0,2,0,192,0.78,16,1,91.38,13.62
3611,68,20260828,4,2,2.5,1,0,196,0.75,20,0,85.69,14.31
3612,53,20260606,1,2,6.8,1,0,38,0.48,20,7,0.0,100.0
3613,42,20260106,1,2,9.1,2,0,46,0.46,10,7,0.0,100.0
3614,23,20260627,1,2,6.4,3,0,40,0.41,1,8,0.0,100.0
3615,49,20260706,3,2,4.1,1,0,162,0.81,21,3,74.79,40.21
3616,3,20260916,2,2,4.2,6,0,113,0.77,9,2,61.95,48.05
3617,17,20261014,1,2,3.8,2,0,90,0.48,8,2,34.19,75.81
3618,29,20260122,1,1,6.1,0,0,26,0.4,12,8,0.0,100.0
3619,37,20260823,4,2,1.2,5,0,205,0.83,9,0,98.11,1.89
3620,94,20260213,3,2,2.8,2,0,162,0.83,21,0,78.36,21.64
3621,1,20260405,1,2,3.8,2,2,87,0.41,16,3,28.84,86.16
3622,82,20260604,1,3,5.3,7,1,11,0.4,11,6,0.0,100.0
3623,80,20260305,1,2,4.6,2,0,50,0.43,15,7,0.0,100.0
3624,89,20261029,2,2,3.6,1,0,116,0.82,22,3,54.36,60.64
3625,50,20260828,3,2,1.7,1,0,160,0.79,23,1,73.36,31.64
3626,23,20260702,1,2,4.9,2,0,2,0.4,11,7,0.0,100.0
3627,18,20260312,4,2,3.9,2,0,189,0.76,21,1,87.86,17.14
3628,56,20260301,1,1,4.7,0,0,46,0.48,18,5,11.81,100.0
3629,42,20260118,1,1,8.3,0,0,2,0.45,10,8,0.0,100.0
3630,93,20260823,4,2,2.7,3,7,238,0.76,21,2,100.0,10.0
3631,80,20260124,1,2,6.2,2,0,42,0.4,2,6,7.44,100.0
3632,79,20260716,1,1,3.7,0,0,19,0.41,22,5,0.81,100.0
3633,14,20261022,1,2,3.3,2,0,94,0.45,14,6,18.02,100.0
3634,2,20260212,1,1,4.4,0,0,92,0.43,10,3,30.69,84.31
3635,28,20261126,1,2,3.8,1,2,88,0.47,11,4,29.43,90.57
3636,98,20260920,4,2,2.7,1,7,258,0.83,19,0,100.0,0.0
3637,5,20260409,1,2,1.9,1,4,76,0.48,20,4,29.87,90.13
3638,48,20261110,3,2,2.8,1,0,181,0.81,19,2,82.94,27.06
3639,19,20260203,1,2,2.3,2,0,44,0.46,10,6,2.22,100.0
3640,85,20260724,4,2,0.7,0,8,186,0.83,0,1,93.23,11.77
3641,20,20260803,4,2,3.6,2,0,192,0.8,11,1,92.2,12.8
3642,38,20261126,1,1,5.7,0,0,79,0.43,9,5,18.85,100.0
3643,27,20261208,1,1,2.4,0,0,51,0.44,21,5,10.11,100.0
3644,71,20260612,1,3,5.9,8,0,2,0.43,0,9,0.0,100.0
3645,75,20260203,1,2,2.5,1,3,36,0.41,21,3,18.66,96.34
3646,26,20260105,1,2,8.7,5,3,4,0.41,21,7,0.0,100.0
3647,17,20260822,4,1,2.5,0,0,195,0.76,22,0,86.76,13.24
3648,16,20260827,4,2,4.5,2,0,206,0.77,18,3,85.83,29.17
3649,94,20261205,3,2,1.9,1,0,170,0.79,20,0,78.31,21.69
3650,87,20261116,1,1,2.5,0,0,89,0.42,16,4,23.43,96.57
3651,100,20260727,1,2,3.8,1,2,89,0.41,21,5,23.75,100.0
3652,53,20260426,1,1,3.5,0,0,26,0.42,8,6,0.0,100.0
3653,88,20260420,1,2,2.9,2,3,17,0.41,15,5,5.02,100.0
3654,34,20260531,1,2,6.0,3,0,7,0.42,23,7,0.0,100.0
3655,36,20260215,2,1,1.3,0,0,114,0.8,9,1,61.08,43.92
3656,58,20260425,4,3,1.6,8,7,226,0.75,23,0,100.0,0.0
3657,38,20260603,1,2,7.8,1,0,48,0.41,11,8,0.0,100.0
3658,60,20261116,1,2,3.5,2,0,84,0.46,22,5,21.82,100.0
3659,27,20261212,1,1,2.6,0,0,70,0.45,23,3,25.69,89.31
3660,77,20260212,1,2,3.0,2,0,46,0.41,22,4,10.38,100.0
3661,26,20260722,2,2,0.8,2,2,88,0.48,21,2,39.03,70.97
3662,36,20260908,2,2,3.7,1,0,106,0.82,13,3,49.89,65.11
3663,39,20260327,4,2,1.2,2,0,224,0.77,23,0,100.0,0.0
3664,81,20260509,1,1,6.3,0,0,2,0.43,0,7,0.0,100.0
3665,92,20260502,1,2,7.3,2,0,26,0.44,23,6,0.0,100.0
3666,82,20261116,1,2,1.8,0,2,7,0.43,14,6,0.0,100.0
3667,90,20261005,1,2,3.4,2,2,61,0.43,15,6,8.76,100.0
3668,91,20260802,1,2,3.5,2,1,26,0.45,21,5,4.44,100.0
3669,94,20261017,4,2,1.6,1,0,194,0.78,20,0,88.07,11.93
3670,8,20261129,3,1,2.9,0,0,119,0.83,20,1,70.84,34.16
3671,22,20260711,4,2,0.3,1,9,239,0.79,23,0,100.0,0.0
3672,99,20260819,1,2,4.5,1,0,63,0.44,11,5,13.72,100.0
3673,39,20260325,3,2,3.9,2,0,150,0.82,17,2,74.56,35.44
3674,92,20261005,1,2,3.4,1,0,72,0.43,16,3,22.98,92.02
3675,26,20260617,1,3,6.4,7,9,2,0.41,21,8,3.11,100.0
3676,84,20260622,1,2,9.4,2,0,23,0.47,21,9,0.0,100.0
3677,24,20260429,1,1,3.9,0,0,88,0.47,11,3,28.84,86.16
3678,82,20261206,1,2,2.7,0,4,34,0.41,22,6,4.72,100.0
3679,18,20260824,1,2,2.2,1,0,90,0.45,15,3,29.93,85.07
3680,11,20260723,3,1,4.1,0,0,164,0.78,8,3,72.17,42.83
3681,67,20261205,1,1,1.4,0,0,90,0.45,21,2,34.48,75.52
3682,84,20260215,1,2,2.4,1,0,58,0.48,16,4,16.0,100.0
3683,38,20261015,1,2,4.1,1,0,95,0.41,10,4,24.86,95.14
3684,32,20260203,1,1,3.5,0,0,83,0.47,21,4,25.77,94.23
3685,18,20261128,4,2,1.3,2,0,174,0.75,1,0,87.41,12.59
3686,72,20260524,1,2,8.0,4,1,19,0.44,23,5,3.78,100.0
3687,18,20260310,1,2,3.2,2,0,58,0.43,18,4,13.89,100.0
3688,82,20260805,3,3,4.0,5,11,116,0.77,21,3,73.08,41.92
3689,56,20260726,1,1,5.1,0,0,56,0.44,19,4,17.53,100.0
3690,54,20260831,1,2,3.6,1,4,13,0.41,22,7,0.0,100.0
3691,62,20260302,3,2,4.5,3,0,160,0.82,23,3,74.67,40.33
3692,33,20260205,1,2,4.0,2,0,86,0.42,22,3,28.87,86.13
3693,82,20260606,1,3,7.0,7,9,30,0.47,2,4,24.06,100.0
3694,2,20260228,4,2,1.2,1,0,211,0.78,20,0,89.54,10.46
3695,87,20260413,3,1,4.7,0,0,193,0.79,19,2,84.06,25.94
3696,84,20260622,1,2,7.5,1,0,2,0.44,18,9,0.0,100.0
3697,85,20260115,1,2,4.6,2,4,36,0.47,16,7,4.3,100.0
3698,42,20260222,1,1,2.9,0,0,68,0.48,11,4,19.29,100.0
3699,47,20260715,1,2,4.4,2,0,70,0.45,18,7,4.78,100.0
3700,58,20260428,4,3,4.0,6,12,179,0.82,22,2,99.8,10.2
3701,7,20261219,3,2,2.2,2,0,164,0.78,2,0,77.32,22.68
3702,97,20260723,2,1,3.6,0,0,102,0.81,15,4,51.27,68.73
3703,42,20261104,1,1,5.0,0,0,73,0.41,12,4,27.51,92.49
3704,50,20260817,1,1,3.7,0,0,23,0.42,16,4,5.27,100.0
3705,31,20260416,1,2,6.3,1,0,81,0.43,8,4,23.22,96.78
3706,50,20261022,1,2,2.2,1,0,35,0.43,17,4,9.41,100.0
3707,57,20260709,1,1,2.9,0,0,55,0.42,15,5,9.05,100.0
3708,93,20260622,1,2,8.9,3,6,2,0.44,21,9,0.0,100.0
3709,86,20260704,1,1,1.1,0,0,48,0.43,23,2,28.98,81.02
3710,100,20260126,1,2,6.4,3,1,20,0.4,22,7,0.0,100.0
3711,95,20261112,1,2,5.0,1,0,53,0.43,22,4,13.44,100.0
3712,45,20260930,1,2,2.9,2,0,67,0.47,17,4,18.89,100.0
3713,49,20260619,1,2,9.4,1,0,4,0.44,23,7,0.0,100.0
3714,94,20261113,4,2,1.4,1,0,192,0.76,21,0,92.53,7.47
3715,6,20261010,2,1,2.0,0,0,115,0.78,22,4,47.65,72.35
3716,96,20260822,3,1,3.2,0,0,186,0.76,21,0,83.19,16.81
3717,78,20260625,1,1,7.8,0,0,2,0.42,15,8,0.0,100.0
3718,29,20261201,1,1,4.8,0,0,75,0.4,13,5,14.34,100.0
3719,9,20260520,1,1,8.3,0,0,33,0.46,19,7,5.56,100.0
3720,24,20261013,1,2,3.5,1,0,55,0.47,11,2,24.78,85.22
3721,66,20260422,1,1,4.7,0,0,58,0.45,15,3,22.43,92.57
3722,32,20260820,1,1,4.5,0,0,40,0.48,18,6,2.54,100.0
3723,8,20260624,1,2,6.9,1,0,50,0.4,16,7,0.0,100.0
3724,72,20261208,2,2,2.7,2,4,90,0.44,14,2,41.55,68.45
3725,42,20261211,3,2,1.4,2,0,128,0.75,20,2,67.34,42.66
3726,11,20260930,1,2,3.9,1,0,76,0.45,14,4,20.4,99.6
3727,12,20261013,1,2,5.2,1,0,75,0.43,20,4,19.61,100.0
3728,66,20261117,3,2,2.5,1,0,143,0.82,21,2,72.23,37.77
3729,79,20261026,1,2,4.6,1,0,40,0.44,9,4,10.36,100.0
3730,72,20260314,4,3,2.6,6,12,158,0.81,0,0,100.0,0.0
3731,45,20260808,2,1,4.1,0,0,122,0.83,23,2,57.3,52.7
3732,4,20260605,1,2,6.4,2,0,2,0.4,2,6,0.0,100.0
3733,80,20260822,3,2,1.4,2,0,167,0.79,0,1,73.74,31.26
3734,79,20261214,1,2,4.1,6,0,17,0.48,9,7,0.0,100.0
3735,44,20260602,1,3,5.9,9,0,21,0.4,23,7,0.0,100.0
3736,48,20260818,4,2,4.5,2,0,250,0.8,17,1,100.0,5.0
3737,6,20261007,1,2,5.4,2,0,27,0.42,21,9,0.0,100.0
3738,38,20260122,1,1,8.2,0,0,38,0.4,14,7,5.14,100.0
3739,81,20260412,1,2,5.3,2,0,62,0.4,16,4,15.08,100.0
3740,18,20260322,1,1,2.1,0,0,56,0.44,16,4,17.41,100.0
3741,46,20260512,1,2,5.5,1,0,8,0.44,8,5,0.0,100.0
3742,40,20261212,2,1,0.1,0,0,117,0.76,21,0,64.24,35.76
3743,1,20260825,1,2,5.4,1,3,13,0.47,16,6,0.0,100.0
3744,26,20261113,3,2,2.1,6,6,140,0.8,23,1,84.71,20.29
3745,90,20261021,2,2,3.3,0,4,97,0.47,17,4,35.94,84.06
3746,8,20260818,2,1,2.9,0,0,129,0.75,22,3,59.84,55.16
3747,34,20261105,4,2,4.0,5,0,180,0.78,21,0,88.83,11.17
3748,24,20261120,4,2,2.0,1,0,240,0.8,22,0,100.0,0.0
3749,27,20260521,1,2,9.5,5,0,19,0.44,23,9,0.0,100.0
3750,76,20260527,2,2,5.7,0,8,95,0.48,18,4,48.13,81.87
3751,82,20260531,2,3,5.0,8,11,55,0.46,21,4,38.62,91.38
3752,30,20260824,1,2,3.0,0,1,87,0.45,22,5,22.13,100.0
3753,79,20260826,1,3,5.0,8,0,59,0.41,22,6,13.88,100.0
3754,20,20261019,4,2,3.6,2,0,201,0.75,10,0,96.5,3.5
3755,70,20261115,1,2,4.2,1,0,50,0.47,21,3,18.2,96.8
3756,12,20260323,1,2,3.8,2,0,70,0.46,16,3,24.15,90.85
3757,79,20260731,1,2,2.9,2,0,83,0.43,1,4,22.31,97.69
3758,72,20260927,1,2,4.1,1,4,58,0.42,21,4,23.2,96.8
3759,18,20260713,1,2,3.5,1,0,83,0.47,15,3,29.14,85.86
3760,31,20260213,4,2,2.0,2,0,201,0.81,21,0,90.4,9.6
3761,16,20260321,4,2,1.6,1,0,212,0.76,0,1,86.47,18.53
3762,85,20260505,1,2,5.2,2,3,2,0.48,20,7,0.0,100.0
3763,94,20260526,1,2,8.0,1,0,23,0.47,11,7,0.0,100.0
3764,93,20260620,1,3,8.6,8,13,58,0.46,22,9,14.93,100.0
3765,72,20260214,3,2,0.7,0,6,145,0.83,22,0,82.94,17.06
3766,30,20261114,3,2,2.7,1,8,182,0.75,23,2,84.11,25.89
3767,88,20260415,1,2,2.3,2,1,15,0.41,19,5,0.0,100.0
3768,49,20260503,1,2,6.9,2,0,25,0.45,18,7,0.81,100.0
3769,80,20260927,1,2,4.0,2,0,47,0.48,20,6,7.44,100.0
3770,97,20260123,1,2,5.6,1,0,2,0.47,23,7,0.0,100.0
3771,16,20260118,1,1,7.3,0,0,2,0.46,20,8,0.0,100.0
3772,82,20260321,4,3,1.4,0,12,192,0.79,23,1,98.77,6.23
3773,45,20260316,1,1,5.2,0,0,31,0.47,19,5,3.74,100.0
3774,24,20260623,1,2,6.1,2,0,3,0.45,12,4,0.0,100.0
3775,14,20261024,3,1,0.6,0,0,132,0.8,22,2,67.74,42.26
3776,32,20260831,2,2,2.3,1,0,118,0.8,22,3,53.01,61.99
3777,88,20260817,1,2,2.6,0,4,29,0.48,20,4,15.13,100.0
3778,28,20260411,3,3,2.0,5,12,126,0.77,1,2,84.15,25.85
3779,87,20261229,1,2,3.3,2,0,53,0.42,18,6,6.23,100.0
3780,86,20260404,1,2,2.5,2,0,42,0.42,0,5,7.98,100.0
3781,33,20261024,3,3,2.5,9,0,160,0.81,23,2,76.52,33.48
3782,65,20260228,4,3,1.3,1,12,163,0.81,22,0,95.13,4.87
3783,32,20261212,2,2,2.0,1,0,135,0.75,1,1,62.25,42.75
3784,32,20260101,1,2,8.1,2,0,2,0.41,19,9,0.0,100.0
3785,8,20260514,1,2,6.7,2,0,36,0.42,22,4,9.17,100.0
3786,53,20260218,2,2,4.5,2,0,108,0.78,13,4,43.78,76.22
3787,75,20260131,1,3,7.6,6,11,13,0.45,23,8,2.86,100.0
3788,18,20260414,1,2,5.9,1,0,16,0.47,16,5,2.14,100.0
3789,10,20261001,1,3,3.3,7,0,2,0.45,21,7,0.0,100.0
3790,57,20260901,1,1,1.9,0,0,41,0.41,13,4,8.7,100.0
3791,55,20261110,4,3,3.1,7,0,212,0.81,23,1,94.62,10.38
3792,8,20260110,1,2,5.5,2,0,67,0.44,2,4,27.29,100.0
3793,24,20260616,1,1,10.7,0,0,20,0.41,14,7,0.0,100.0
3794,1,20261110,4,2,4.4,2,9,195,0.78,22,2,97.97,12.03
3795,23,20260504,1,2,7.8,5,0,2,0.45,23,9,0.0,100.0
3796,98,20261024,4,2,1.9,1,9,184,0.77,22,0,100.0,0.0
3797,16,20260407,1,2,3.4,1,0,80,0.42,21,3,27.98,87.02
3798,47,20261013,1,2,2.9,2,0,97,0.42,17,4,26.12,93.88
3799,55,20260608,1,2,6.8,6,0,23,0.46,21,6,0.0,100.0
3800,63,20260329,1,1,1.7,0,0,82,0.48,15,3,29.05,85.95
3801,50,20261120,3,2,2.3,1,0,146,0.8,1,1,69.81,35.19
3802,50,20260126,1,1,7.7,0,0,2,0.44,22,5,0.0,100.0
3803,42,20260427,1,2,3.0,2,0,11,0.4,15,5,0.0,100.0
3804,39,20260611,1,1,8.2,0,0,52,0.4,21,5,17.47,100.0
3805,9,20261223,1,2,1.4,1,0,22,0.46,16,4,5.75,100.0
3806,1,20261120,4,3,3.1,2,12,202,0.79,0,0,100.0,0.0
3807,48,20260829,4,1,2.2,0,0,212,0.83,22,0,91.91,8.09
3808,66,20260728,4,2,2.4,2,0,177,0.75,22,0,90.02,9.98
3809,51,20261227,3,2,3.0,2,0,137,0.76,9,1,66.09,38.91
3810,80,20260730,1,1,5.3,0,0,63,0.45,19,7,5.16,100.0
3811,19,20260214,2,1,0.0,0,0,102,0.79,22,2,51.2,58.8
3812,39,20261031,3,1,0.0,0,0,150,0.8,23,0,75.79,24.21
3813,39,20261125,1,1,6.0,0,0,36,0.46,15,6,3.47,100.0
3814,24,20260528,1,2,6.7,2,0,23,0.4,15,5,9.18,100.0
3815,98,20260603,1,2,5.2,0,4,17,0.4,18,4,9.58,100.0
3816,19,20260110,1,1,7.6,0,0,2,0.46,20,7,0.0,100.0
3817,70,20260419,1,2,6.1,1,0,23,0.44,15,7,0.0,100.0
3818,8,20260306,3,1,1.2,0,0,158,0.83,0,2,67.39,42.61
3819,98,20260315,1,2,1.8,1,1,63,0.48,18,3,23.41,91.59
3820,44,20260622,1,2,7.0,3,0,2,0.4,14,7,0.0,100.0
3821,88,20260302,2,2,3.3,2,9,62,0.48,18,3,45.35,69.65
3822,46,20260127,1,2,6.1,1,0,11,0.46,11,8,0.0,100.0
3823,4,20260329,1,2,4.1,1,0,41,0.48,22,5,10.13,100.0
3824,28,20261123,3,2,2.1,5,6,118,0.77,9,2,70.91,39.09
3825,54,20260329,1,2,3.1,0,1,37,0.43,23,4,11.96,100.0
3826,73,20261201,2,2,2.5,2,0,126,0.78,11,3,54.82,60.18
3827,4,20260118,1,2,6.8,1,0,32,0.48,22,5,4.64,100.0
3828,64,20260725,3,2,1.0,1,0,182,0.77,21,2,83.19,26.81
3829,36,20261006,1,2,4.1,1,0,56,0.4,15,3,19.17,95.83
3830,97,20260620,1,2,8.5,2,0,19,0.43,2,7,0.0,100.0
3831,21,20260623,1,3,6.1,7,0,2,0.4,22,8,0.0,100.0
3832,97,20260628,1,1,6.2,0,0,40,0.42,22,6,0.0,100.0
3833,27,20260107,1,2,6.6,6,0,26,0.46,21,6,7.73,100.0
3834,8,20261001,2,2,3.0,1,0,110,0.77,18,3,56.04,58.96
3835,26,20260804,1,2,1.4,2,3,78,0.43,11,5,19.56,100.0
3836,14,20260901,1,2,2.5,1,0,79,0.4,14,5,17.98,100.0
3837,20,20261216,1,2,0.5,2,0,81,0.4,14,2,29.34,80.66
3838,12,20261205,3,2,0.7,2,0,157,0.8,0,0,77.48,22.52
3839,82,20260307,4,2,2.8,1,5,201,0.81,22,2,89.62,20.38
3840,39,20260307,4,1,0.0,0,0,215,0.81,22,0,95.54,4.46
3841,50,20260715,1,2,4.5,2,0,56,0.41,17,6,4.41,100.0
3842,28,20260129,1,2,8.8,4,2,2,0.47,21,6,0.0,100.0
3843,37,20261231,3,3,4.0,7,0,137,0.82,9,1,77.42,27.58
3844,59,20261118,4,2,4.7,3,0,237,0.81,22,0,100.0,0.0
3845,48,20260419,1,2,5.4,2,0,64,0.47,16,6,8.38,100.0
3846,68,20260621,1,2,7.7,1,0,34,0.46,12,7,6.02,100.0
3847,82,20260107,1,3,6.8,4,10,2,0.44,9,9,1.61,100.0
3848,39,20260406,4,1,4.2,0,0,175,0.83,16,0,90.21,9.79
3849,51,20260130,1,2,5.4,1,0,15,0.42,22,5,0.0,100.0
3850,1,20261227,1,2,3.6,1,4,88,0.44,21,5,26.27,98.73
3851,67,20260304,1,1,4.0,0,0,2,0.48,11,7,0.0,100.0
3852,47,20261107,4,1,1.2,0,0,174,0.83,1,0,89.85,10.15
3853,20,20261029,1,2,2.5,1,0,45,0.4,10,3,15.88,99.12
3854,6,20260913,2,1,3.7,0,0,125,0.76,20,5,49.74,75.26
3855,76,20261112,1,2,5.2,1,3,20,0.48,21,6,2.13,100.0
3856,6,20260509,1,2,5.9,1,0,66,0.41,0,4,25.24,100.0
3857,13,20260102,1,2,7.2,1,0,34,0.45,2,5,5.87,100.0
3858,99,20260910,1,2,2.9,2,0,57,0.43,22,4,15.52,100.0
3859,58,20261216,2,2,1.4,2,3,84,0.42,9,2,35.69,74.31
3860,96,20261015,1,2,5.8,2,0,69,0.45,13,5,16.13,100.0
3861,1,20260608,1,2,7.3,1,4,2,0.41,16,7,0.0,100.0
3862,7,20260501,1,2,6.0,2,0,35,0.44,2,6,2.17,100.0
3863,92,20260211,4,2,5.3,1,0,174,0.83,16,0,91.31,8.69
3864,35,20260310,1,2,4.5,2,0,62,0.45,17,3,20.82,94.18
3865,87,20260705,1,2,4.3,1,0,45,0.4,16,6,0.34,100.0
3866,2,20260123,1,2,8.1,2,0,2,0.46,22,8,0.0,100.0
3867,21,20260727,1,1,1.1,0,0,50,0.43,21,3,19.67,95.33
3868,8,20260911,2,2,1.6,2,0,109,0.76,1,2,60.03,49.97
3869,25,20260412,1,2,2.7,2,0,76,0.41,14,2,27.86,82.14
3870,26,20260406,4,3,1.9,9,11,201,0.79,21,0,100.0,0.0
3871,27,20261212,1,2,2.4,1,0,72,0.47,23,4,19.83,100.0
3872,88,20260704,2,3,1.5,0,13,54,0.42,23,5,38.75,86.25
3873,95,20260317,1,2,1.8,2,0,81,0.41,19,3,27.78,87.22
3874,28,20260422,1,2,4.6,1,1,72,0.4,23,5,14.87,100.0
3875,41,20260602,1,2,7.3,2,0,23,0.45,22,6,6.91,100.0
3876,77,20260831,1,2,2.3,2,0,78,0.47,19,2,31.09,78.91
3877,56,20260424,4,2,1.5,1,0,220,0.81,0,0,100.0,0.0
3878,42,20260402,1,1,4.3,0,0,4,0.45,15,5,0.0,100.0
3879,91,20261028,4,3,3.2,0,13,221,0.81,21,3,100.0,15.0
3880,59,20261002,4,2,1.1,5,0,222,0.75,23,1,95.91,9.09
3881,41,20261021,1,2,3.6,1,0,96,0.43,19,4,27.67,92.33
3882,34,20260409,1,2,4.3,2,0,44,0.42,21,6,3.21,100.0
3883,31,20260516,1,1,7.9,0,0,47,0.48,20,7,2.52,100.0
3884,17,20260129,1,2,3.4,1,0,2,0.47,15,4,3.21,100.0
3885,76,20260407,1,2,3.9,2,3,3,0.48,20,6,0.0,100.0
3886,97,20260830,2,2,4.5,2,0,128,0.75,20,6,46.36,83.64
3887,83,20261004,1,2,3.3,0,3,39,0.45,21,4,13.82,100.0
3888,67,20260126,1,2,7.0,1,0,2,0.45,15,7,0.0,100.0
3889,84,20260425,3,1,0.6,0,0,161,0.83,22,3,73.39,41.61
3890,28,20260416,1,2,1.1,1,4,57,0.46,21,3,26.63,88.37
3891,95,20260822,3,1,1.5,0,0,144,0.83,0,1,71.12,33.88
3892,81,20260813,1,2,5.6,1,0,52,0.43,20,5,9.23,100.0
3893,77,20261111,4,1,4.7,0,0,188,0.83,19,1,89.84,15.16
3894,3,20261002,2,3,0.9,8,0,87,0.46,22,1,46.78,58.22
3895,9,20260528,1,1,7.5,0,0,2,0.45,21,6,0.82,100.0
3896,64,20260306,2,2,3.6,2,0,160,0.78,20,4,57.39,62.61
3897,38,20260227,4,1,1.0,0,0,223,0.76,20,0,96.02,3.98
3898,12,20260901,2,2,2.9,1,0,91,0.44,20,2,35.58,74.42
3899,43,20260826,4,2,3.0,1,0,221,0.81,9,1,98.21,6.79
3900,95,20260806,1,2,1.8,1,0,63,0.47,17,3,23.72,91.28
3901,48,20261015,1,2,4.0,1,0,6,0.45,17,7,0.0,100.0
3902,88,20260509,1,3,6.2,1,10,47,0.43,0,6,26.18,100.0
3903,80,20260606,1,1,8.0,0,0,19,0.42,0,8,0.0,100.0
3904,4,20261021,1,1,4.0,0,0,79,0.41,21,4,21.47,98.53
3905,58,20261226,4,3,2.1,2,14,207,0.77,22,0,100.0,0.0
3906,17,20261105,4,1,4.2,0,0,216,0.81,12,0,100.0,0.0
3907,34,20260130,1,3,6.5,7,0,2,0.43,23,7,0.0,100.0
3908,42,20260530,1,1,6.9,0,0,54,0.46,22,6,15.05,100.0
3909,63,20261213,4,1,2.0,0,0,196,0.81,22,0,94.87,5.13
3910,27,20261109,1,2,4.7,5,0,52,0.45,21,6,15.69,100.0
3911,58,20261015,2,2,3.3,1,2,86,0.46,23,2,38.83,71.17
3912,20,20261107,4,1,0.7,0,0,195,0.81,21,0,97.4,2.6
3913,39,20260708,2,2,2.7,2,0,140,0.77,16,3,58.07,56.93
3914,57,20260521,1,1,6.6,0,0,17,0.41,8,6,3.66,100.0
3915,100,20260102,1,2,7.3,3,7,32,0.4,22,8,0.0,100.0
3916,50,20260306,2,1,0.8,0,0,134,0.76,1,1,63.95,41.05
3917,3,20260511,1,3,5.4,8,0,27,0.45,14,4,7.59,100.0
3918,53,20260512,1,2,7.7,1,0,2,0.48,12,9,0.0,100.0
3919,45,20260306,3,2,0.0,1,0,135,0.81,2,0,71.28,28.72
3920,16,20260419,1,1,1.6,0,0,61,0.42,15,6,9.01,100.0
3921,99,20260314,3,3,2.9,9,0,195,0.76,2,2,84.72,25.28
3922,76,20260728,1,3,5.0,0,14,2,0.42,21,7,14.72,100.0
3923,15,20261104,4,2,1.3,2,0,176,0.8,15,0,88.3,11.7
3924,49,20260830,4,2,2.5,1,0,212,0.8,19,2,93.23,16.77
3925,38,20260316,1,2,2.9,1,0,86,0.43,12,4,22.43,97.57
3926,14,20260917,1,2,4.1,1,0,60,0.48,14,6,7.92,100.0
3927,80,20261231,4,1,2.3,0,0,199,0.83,17,1,95.42,9.58
3928,84,20260522,1,1,8.6,0,0,23,0.46,22,9,0.0,100.0
3929,20,20260609,1,2,7.2,2,0,64,0.46,11,4,25.44,100.0
3930,18,20260217,1,1,2.8,0,0,33,0.42,17,4,8.84,100.0
3931,78,20261018,1,2,2.3,2,0,50,0.4,15,4,12.27,100.0
3932,76,20260918,1,2,2.7,2,5,62,0.47,22,5,31.44,93.56
3933,68,20260405,1,2,5.4,2,0,84,0.47,11,3,28.73,86.27
3934,40,20260812,2,2,3.1,2,0,101,0.8,8,2,58.27,51.73
3935,68,20261107,4,2,1.8,1,0,198,0.8,22,0,97.89,2.11
3936,72,20260816,1,2,3.4,2,1,68,0.45,21,5,16.62,100.0
3937,31,20260908,1,2,2.0,2,0,59,0.44,14,3,21.01,93.99
3938,70,20260411,3,1,0.4,0,0,128,0.75,23,0,74.75,25.25
3939,26,20261203,4,2,2.1,3,7,183,0.76,11,0,100.0,0.0
3940,96,20260503,1,2,7.9,1,0,57,0.4,12,6,11.42,100.0
3941,87,20260929,1,2,2.5,1,0,29,0.47,18,6,0.09,100.0
3942,44,20260223,1,2,2.7,2,0,16,0.4,21,6,0.0,100.0
3943,57,20260701,1,2,2.5,1,0,47,0.47,13,3,17.89,97.11
3944,25,20260914,4,2,3.9,6,0,184,0.83,21,0,92.19,7.81
3945,63,20260413,4,1,1.0,0,0,203,0.81,15,0,98.18,1.82
3946,49,20260428,3,1,1.7,0,0,175,0.81,18,1,84.3,20.7
3947,47,20260915,1,1,4.4,0,0,78,0.42,18,5,15.98,100.0
3948,46,20260407,1,2,3.0,2,0,84,0.46,8,5,21.02,100.0
3949,59,20261013,1,2,5.7,1,0,25,0.43,21,7,0.0,100.0
3950,34,20260713,1,2,2.2,2,0,57,0.41,11,3,17.56,97.44
3951,2,20260311,2,2,2.7,2,0,91,0.42,15,2,35.15,74.85
3952,27,20260810,1,2,2.8,1,0,55,0.42,21,3,19.66,95.34
3953,91,20260328,4,3,0.0,0,12,172,0.82,1,0,100.0,0.0
3954,39,20260912,4,2,0.5,2,0,215,0.81,23,0,99.94,0.06
3955,85,20261116,2,2,4.1,2,4,110,0.77,17,5,46.41,78.59
3956,33,20260321,4,2,1.7,1,0,198,0.77,23,0,85.55,14.45
3957,93,20260725,4,3,3.8,9,14,157,0.83,22,4,87.49,32.51
3958,72,20261111,4,2,2.2,3,7,251,0.76,22,0,100.0,0.0
3959,28,20261224,2,2,2.7,0,1,93,0.42,23,2,37.28,72.72
3960,62,20260103,1,2,7.3,5,0,48,0.46,23,8,0.0,100.0
3961,93,20260430,1,2,5.2,2,1,70,0.45,11,4,20.95,99.05
3962,42,20261109,2,2,3.6,1,0,101,0.82,12,3,55.35,59.65
3963,93,20260112,1,2,7.9,5,1,2,0.43,11,9,0.0,100.0
3964,98,20260928,1,2,4.0,1,1,76,0.42,19,5,16.35,100.0
3965,48,20260802,1,2,3.0,1,0,63,0.47,21,5,15.18,100.0
3966,35,20261222,1,1,4.4,0,0,74,0.42,22,5,15.62,100.0
3967,60,20260728,3,1,4.1,0,0,189,0.75,20,2,81.01,28.99
3968,57,20260429,1,1,3.4,0,0,40,0.43,13,4,9.98,100.0
3969,8,20260522,1,2,8.3,2,0,12,0.41,22,7,0.0,100.0
3970,62,20260105,1,3,5.3,8,0,29,0.4,21,7,0.0,100.0
3971,15,20260209,4,2,2.9,1,0,233,0.78,12,0,100.0,0.0
3972,76,20260213,2,3,0.7,0,14,59,0.47,0,5,35.75,89.25
3973,91,20260519,1,2,5.5,2,2,12,0.44,16,7,0.0,100.0
3974,61,20260928,1,2,4.4,1,0,31,0.46,21,5,4.56,100.0
3975,21,20261013,1,2,3.0,1,0,65,0.41,21,5,11.15,100.0
3976,26,20260910,1,2,2.6,0,1,72,0.46,22,5,16.02,100.0
3977,80,20260829,4,2,2.9,1,0,204,0.77,0,0,89.56,10.44
3978,99,20260519,1,2,6.4,5,0,31,0.4,23,4,6.68,100.0
3979,63,20260828,4,1,2.0,0,0,225,0.77,22,0,93.12,6.88
3980,27,20260224,1,2,4.1,1,0,59,0.44,21,2,26.95,83.05
3981,5,20260809,4,2,2.5,2,8,170,0.81,22,2,91.37,18.63
3982,57,20261104,3,2,3.4,2,0,141,0.82,14,3,66.44,48.56
3983,51,20260714,3,2,1.6,1,0,160,0.78,10,1,80.86,24.14
3984,5,20260105,1,2,4.8,0,1,10,0.44,20,6,0.0,100.0
3985,15,20261017,4,1,1.1,0,0,236,0.83,20,0,99.79,0.21
3986,52,20261228,3,2,4.5,1,0,163,0.82,15,2,79.44,30.56
3987,84,20260822,3,2,2.8,1,0,182,0.76,1,1,76.75,28.25
3988,38,20260430,1,2,4.5,1,0,61,0.43,14,5,12.32,100.0
3989,27,20260224,1,2,4.0,1,0,52,0.48,21,5,12.49,100.0
3990,100,20260307,3,2,1.3,2,5,178,0.77,0,2,80.46,29.54
3991,7,20260513,1,2,6.5,1,0,48,0.4,17,6,3.79,100.0
3992,84,20260209,4,2,3.9,1,0,226,0.75,16,3,87.42,27.58
3993,80,20261002,4,2,0.5,1,0,195,0.79,23,0,93.43,6.57
3994,96,20260921,1,2,5.1,1,0,37,0.4,8,7,0.0,100.0
3995,52,20261218,3,2,2.8,2,0,184,0.79,21,0,82.52,17.48
3996,36,20261220,1,2,5.0,1,0,86,0.48,10,3,32.11,82.89
3997,81,20260924,1,2,4.5,2,0,40,0.42,19,5,5.85,100.0
3998,82,20260621,1,3,8.8,8,6,2,0.4,22,7,1.74,100.0
3999,70,20260215,1,2,1.3,2,0,71,0.43,22,3,23.85,91.15
4000,28,20260919,3,3,1.3,0,14,129,0.81,22,4,72.81,47.19
4001,54,20261213,2,3,4.0,7,6,107,0.78,22,5,57.27,67.73
4002,82,20261020,4,3,3.8,8,14,238,0.79,21,0,100.0,0.0
4003,13,20260308,4,2,5.7,1,0,208,0.77,16,0,97.64,2.36
4004,34,20261019,4,2,5.0,4,0,189,0.79,23,1,89.02,15.98
4005,2,20261119,1,2,4.2,2,0,31,0.47,15,6,2.53,100.0
4006,35,20260819,1,1,2.3,0,0,78,0.45,17,2,29.4,80.6
4007,13,20260328,4,2,0.4,1,0,221,0.79,2,0,93.97,6.03
4008,96,20261227,1,1,3.7,0,0,46,0.43,15,7,0.14,100.0
4009,60,20260421,1,1,4.7,0,0,68,0.47,20,6,9.3,100.0
4010,58,20260802,1,2,3.9,2,2,76,0.45,21,4,26.6,93.4
4011,98,20260309,1,2,4.2,1,4,51,0.42,15,5,15.79,100.0
4012,4,20261227,1,2,4.1,1,0,38,0.41,21,5,4.33,100.0
4013,68,20260626,1,2,5.2,1,0,12,0.47,22,4,12.83,100.0
4014,62,20260111,1,3,8.8,9,0,59,0.48,23,9,0.0,100.0
4015,46,20260727,1,2,4.6,1,0,77,0.42,14,5,14.51,100.0
4016,25,20260911,3,3,2.8,8,0,172,0.8,23,3,75.17,39.83
4017,37,20260916,4,2,2.2,6,0,173,0.79,11,0,90.12,9.88
4018,27,20261223,1,2,3.0,2,0,51,0.48,23,4,17.21,100.0
4019,11,20260402,1,2,4.8,1,0,70,0.42,12,5,15.04,100.0
4020,14,20260720,3,2,4.4,1,0,178,0.82,8,4,73.37,46.63
4021,47,20260430,1,2,2.3,2,0,82,0.48,20,6,17.61,100.0
4022,7,20260305,1,2,3.6,1,0,60,0.46,16,4,16.27,100.0
4023,73,20260404,2,2,1.8,2,0,149,0.78,1,2,64.25,45.75
4024,11,20260527,1,2,4.3,1,0,2,0.44,14,5,2.23,100.0
4025,36,20260913,3,2,7.0,1,0,156,0.81,13,3,72.68,42.32
4026,71,20260821,3,2,1.5,2,0,174,0.75,0,1,73.34,31.66
4027,27,20260808,1,1,2.5,0,0,33,0.42,0,4,7.7,100.0
4028,12,20260717,3,1,1.4,0,0,123,0.8,23,0,75.28,24.72
4029,67,20260429,1,2,1.3,2,0,2,0.43,12,6,0.0,100.0
4030,67,20261217,1,1,4.5,0,0,2,0.41,14,6,0.0,100.0
4031,38,20260817,1,2,2.4,1,0,98,0.48,13,3,34.22,80.78
4032,23,20261221,2,3,3.6,7,0,108,0.79,22,4,50.49,69.51
4033,16,20260404,4,1,0.8,0,0,190,0.82,0,0,86.56,13.44
4034,58,20261003,4,3,3.9,7,10,175,0.76,22,0,100.0,0.0
4035,41,20260920,4,2,2.8,2,0,176,0.81,18,0,89.23,10.77
4036,44,20260623,1,2,6.4,4,0,24,0.46,9,5,4.61,100.0
4037,53,20260818,4,2,2.6,1,0,207,0.76,13,2,86.82,23.18
4038,33,20260806,2,2,2.1,1,0,100,0.4,9,1,39.98,65.02
4039,75,20260501,1,2,7.3,4,5,45,0.47,22,8,2.36,100.0
4040,54,20260206,2,2,2.0,4,7,90,0.46,2,2,53.93,56.07
4041,99,20261114,3,2,2.6,2,0,185,0.78,0,2,75.5,34.5
4042,99,20260610,1,2,7.6,4,0,47,0.4,22,7,4.81,100.0
4043,59,20260427,1,2,3.1,1,0,84,0.44,21,5,20.01,100.0
4044,66,20260517,1,2,4.7,2,0,66,0.47,18,4,21.44,100.0
4045,34,20260405,2,2,3.0,2,0,93,0.46,22,2,37.36,72.64
4046,17,20260812,3,1,4.6,0,0,174,0.82,9,2,80.5,29.5
4047,18,20261118,4,2,2.3,1,0,218,0.81,17,0,100.0,0.0
4048,36,20260803,4,2,1.6,2,0,178,0.78,13,0,90.35,9.65
4049,86,20260912,1,2,2.0,1,0,74,0.48,0,4,29.35,90.65
4050,31,20261227,1,2,2.6,1,0,37,0.48,13,3,15.4,99.6
4051,56,20261225,4,1,3.7,0,0,230,0.78,0,0,98.09,1.91
4052,87,20260217,1,1,3.4,0,0,35,0.4,22,5,2.22,100.0
4053,62,20260524,1,3,6.2,9,0,62,0.47,21,4,18.6,100.0
4054,8,20260104,1,1,9.5,0,0,2,0.43,21,8,0.0,100.0
4055,74,20260205,1,2,1.6,2,0,41,0.41,20,3,14.28,100.0
4056,96,20260831,2,2,5.1,2,0,107,0.78,11,2,53.34,56.66
4057,19,20261004,1,2,4.4,2,0,75,0.43,11,3,26.72,88.28
4058,49,20260927,2,2,4.7,1,0,104,0.83,19,4,46.6,73.4
4059,47,20260208,1,1,3.4,0,0,51,0.47,22,5,10.73,100.0
4060,39,20260629,1,2,9.4,1,0,9,0.46,22,8,0.0,100.0
4061,83,20261030,2,2,3.0,0,9,96,0.45,0,3,52.1,62.9
4062,99,20260301,1,1,1.2,0,0,59,0.43,21,3,19.14,95.86
4063,36,20260326,1,2,4.3,1,0,46,0.45,13,3,18.56,96.44
4064,10,20260430,1,1,1.7,0,0,14,0.46,21,6,0.0,100.0
4065,17,20260910,1,2,3.8,2,0,86,0.43,15,5,20.03,100.0
4066,18,20260113,1,1,6.1,0,0,5,0.43,16,7,0.0,100.0
4067,6,20261215,1,2,2.7,2,0,46,0.41,17,6,1.68,100.0
4068,39,20261215,1,2,3.7,2,0,40,0.45,16,5,5.02,100.0
4069,47,20260301,1,2,4.5,1,0,68,0.4,20,4,18.69,100.0
4070,56,20260108,1,2,9.1,2,0,70,0.43,15,5,15.33,100.0
4071,22,20260526,1,2,8.6,4,1,2,0.47,14,8,0.0,100.0
4072,84,20260410,3,2,2.2,2,0,190,0.83,2,3,72.43,42.57
4073,65,20261113,4,3,2.3,0,13,185,0.78,23,2,100.0,10.0
4074,9,20260530,1,1,6.2,0,0,59,0.4,23,6,12.24,100.0
4075,74,20260315,1,2,2.4,2,0,19,0.4,16,5,0.0,100.0
4076,56,20260131,1,1,5.1,0,0,12,0.44,22,5,0.0,100.0
4077,52,20260124,1,2,7.2,2,0,33,0.41,22,5,11.5,100.0
4078,50,20260415,1,1,4.0,0,0,43,0.45,22,3,16.51,98.49
4079,99,20261223,2,1,1.2,0,0,102,0.75,9,1,54.45,50.55
4080,23,20260223,1,2,4.1,2,0,70,0.48,22,3,27.51,87.49
4081,38,20260219,1,2,4.6,1,0,83,0.46,14,5,21.47,100.0
4082,40,20260512,1,2,5.6,1,0,53,0.4,10,4,14.81,100.0
4083,83,20260504,1,2,8.1,2,2,25,0.4,20,5,2.74,100.0
4084,48,20260504,1,1,5.8,0,0,2,0.4,21,9,0.0,100.0
4085,89,20260206,4,1,1.5,0,0,173,0.83,22,0,90.19,9.81
4086,47,20260925,3,1,1.7,0,0,202,0.83,23,2,79.96,30.04
4087,13,20260830,4,1,4.2,0,0,264,0.79,18,0,100.0,0.0
4088,100,20260923,1,2,7.0,1,2,60,0.41,22,6,7.88,100.0
4089,69,20260321,3,2,2.1,2,0,177,0.77,21,1,77.49,27.51
4090,48,20260213,3,2,2.0,2,0,156,0.78,0,2,67.65,42.35
4091,5,20261130,1,2,3.1,0,4,84,0.45,16,5,26.22,98.78
4092,35,20260120,1,1,9.8,0,0,42,0.4,20,7,3.37,100.0
4093,51,20260718,3,1,1.2,0,0,169,0.75,21,1,75.2,29.8
4094,25,20261017,3,1,0.7,0,0,181,0.81,0,0,84.15,15.85
4095,30,20260426,1,2,4.4,0,2,8,0.42,21,8,0.0,100.0
4096,38,20260328,3,2,1.6,1,0,165,0.78,20,0,77.97,22.03
4097,83,20260814,2,3,4.4,0,10,77,0.45,22,3,48.69,66.31
4098,26,20261215,1,2,1.0,1,2,56,0.42,14,3,21.01,93.99
4099,47,20260130,1,1,8.2,0,0,10,0.44,23,9,0.0,100.0
4100,9,20260225,1,2,2.4,2,0,38,0.45,19,5,4.62,100.0
4101,34,20260219,2,2,1.3,1,0,107,0.78,21,2,52.77,57.23
4102,85,20260222,1,2,3.6,2,3,86,0.42,19,4,29.8,90.2
4103,64,20261224,1,2,2.0,2,0,97,0.45,8,4,26.56,93.44
4104,56,20260806,1,2,3.5,2,0,64,0.43,16,5,12.38,100.0
4105,96,20260828,3,2,1.2,1,0,146,0.81,22,2,66.59,43.41
4106,27,20260325,1,2,3.3,5,0,56,0.41,22,3,27.48,87.52
4107,10,20261031,1,2,2.4,2,0,55,0.42,22,5,11.24,100.0
4108,85,20260319,1,2,2.7,2,2,73,0.43,21,5,19.34,100.0
4109,27,20260320,1,2,1.9,2,0,48,0.47,23,3,20.98,94.02
4110,40,20260625,1,2,7.9,1,0,22,0.4,10,6,0.0,100.0
4111,77,20261001,4,2,4.3,2,0,192,0.77,17,0,93.0,7.0
4112,32,20260323,1,2,4.3,2,0,62,0.44,17,5,13.74,100.0
4113,1,20261231,4,2,3.0,0,6,194,0.79,18,2,94.95,15.05
4114,67,20261015,1,2,5.1,1,0,43,0.45,13,5,9.25,100.0
4115,28,20260130,1,3,5.3,6,12,18,0.43,23,7,8.1,100.0
4116,24,20261226,4,2,1.5,2,0,188,0.83,21,0,87.61,12.39
4117,71,20260521,1,2,6.5,3,0,26,0.4,22,8,0.0,100.0
4118,51,20260710,3,1,1.5,0,0,188,0.78,21,0,84.16,15.84
4119,20,20260127,1,2,6.2,2,0,2,0.46,9,6,0.0,100.0
4120,61,20260823,2,2,3.1,2,0,125,0.75,20,3,59.21,55.79
4121,30,20260512,1,2,7.8,1,2,31,0.42,16,7,0.0,100.0
4122,62,20260221,2,2,0.8,2,0,103,0.82,23,4,45.86,74.14
4123,23,20261129,3,2,3.0,5,0,162,0.75,22,3,70.77,44.23
4124,93,20260624,1,2,8.4,5,4,2,0.44,23,9,0.0,100.0
4125,84,20260422,1,2,2.9,2,0,85,0.46,21,4,26.01,93.99
4126,67,20260525,1,2,5.9,1,0,2,0.42,8,6,0.0,100.0
4127,52,20260220,3,1,0.3,0,0,170,0.81,20,0,81.49,18.51
4128,75,20260422,1,2,2.8,2,3,75,0.41,9,5,21.53,100.0
4129,76,20260818,2,2,2.8,2,8,54,0.48,20,3,42.05,72.95
4130,67,20260329,1,2,2.2,1,0,14,0.47,10,5,0.04,100.0
4131,41,20261104,4,1,4.2,0,0,211,0.82,17,0,99.99,0.01
4132,74,20261005,1,2,3.3,1,0,79,0.47,17,3,28.49,86.51
4133,11,20260316,1,1,4.3,0,0,59,0.42,9,3,20.74,94.26
4134,86,20260108,1,2,6.8,2,0,2,0.46,18,6,0.0,100.0
4135,21,20260623,1,2,7.7,5,0,26,0.41,23,8,0.0,100.0
4136,83,20260130,1,2,5.5,1,5,2,0.43,0,8,0.0,100.0
4137,56,20260808,4,2,2.5,1,0,200,0.76,0,0,87.87,12.13
4138,34,20261019,4,3,2.2,9,0,245,0.8,23,0,100.0,0.0
4139,45,20260418,3,1,0.0,0,0,154,0.75,2,0,72.1,27.9
4140,26,20260421,1,2,3.8,2,2,64,0.46,9,3,25.4,89.6
4141,74,20260202,4,1,2.4,0,0,215,0.81,19,0,99.91,0.09
4142,2,20260213,3,1,1.1,0,0,187,0.78,20,2,74.51,35.49
4143,67,20260205,1,2,4.1,1,0,27,0.41,13,5,2.58,100.0
4144,92,20261130,1,2,3.0,2,0,68,0.48,18,4,22.15,97.85
4145,14,20260406,3,2,6.0,1,0,177,0.83,11,3,77.5,37.5
4146,51,20261126,1,2,4.6,1,0,89,0.44,12,4,25.83,94.17
4147,77,20260914,4,2,4.1,2,0,182,0.81,21,0,93.11,6.89
4148,12,20260111,1,2,4.8,1,0,6,0.44,19,6,0.0,100.0
4149,92,20261229,1,1,3.7,0,0,29,0.47,18,3,11.65,100.0
4150,28,20260129,1,3,7.6,7,3,4,0.43,23,7,0.0,100.0
4151,34,20260612,1,2,9.1,6,0,2,0.44,23,8,0.0,100.0
4152,95,20260601,1,2,5.8,1,0,44,0.42,20,3,16.87,100.0
4153,19,20260124,1,2,7.6,1,0,21,0.4,22,8,0.0,100.0
4154,58,20260121,1,3,8.1,8,6,44,0.46,22,5,26.91,100.0
4155,97,20261125,1,2,3.3,2,0,21,0.41,16,6,0.0,100.0
4156,71,20260305,1,1,1.7,0,0,98,0.48,9,4,29.01,90.99
4157,4,20260106,1,2,5.6,1,0,54,0.41,20,5,10.44,100.0
4158,60,20260217,2,1,1.3,0,0,102,0.83,19,3,49.16,65.84
4159,82,20260702,1,2,4.1,2,2,98,0.48,21,4,31.52,88.48
4160,41,20260304,4,2,3.7,1,0,207,0.79,15,0,97.54,2.46
4161,78,20260712,1,2,3.8,2,0,43,0.48,15,4,11.84,100.0
4162,65,20260723,4,2,2.4,1,9,185,0.82,15,0,100.0,0.0
4163,47,20261108,1,2,3.9,1,0,77,0.46,18,5,16.05,100.0
4164,52,20261019,4,1,2.5,0,0,199,0.78,15,0,94.59,5.41
4165,78,20260521,1,2,7.2,1,0,21,0.42,8,5,6.93,100.0
4166,79,20261121,1,2,3.0,2,0,85,0.42,0,4,23.44,96.56
4167,18,20260723,4,1,3.6,0,0,198,0.82,19,0,97.09,2.91
4168,17,20260530,1,2,7.2,1,0,47,0.44,21,6,13.03,100.0
4169,96,20260612,1,2,7.6,1,0,2,0.46,22,7,0.0,100.0
4170,65,20260319,2,2,5.0,0,3,124,0.78,20,3,58.58,56.42
4171,24,20260123,1,2,8.7,1,0,40,0.47,22,5,15.91,100.0
4172,93,20261129,4,2,4.2,3,6,174,0.75,21,2,86.56,23.44
4173,2,20260306,3,1,3.0,0,0,160,0.79,22,1,72.55,32.45
4174,41,20260731,3,2,2.6,1,0,178,0.77,22,0,83.38,16.62
4175,4,20260519,1,1,7.1,0,0,15,0.48,16,6,0.0,100.0
4176,81,20260131,1,2,5.7,1,0,17,0.42,22,4,2.18,100.0
4177,13,20260602,1,2,8.2,1,0,2,0.47,16,6,0.0,100.0
4178,22,20260511,1,2,8.3,4,4,8,0.41,23,7,0.0,100.0
4179,52,20260825,1,1,3.9,0,0,85,0.4,11,4,23.28,96.72
4180,33,20261001,3,2,3.8,3,0,139,0.82,21,2,70.54,39.46
4181,54,20260816,1,2,3.2,1,3,55,0.42,22,5,14.47,100.0
4182,48,20261022,1,2,3.9,1,0,97,0.46,21,6,18.25,100.0
4183,69,20260216,1,2,2.6,2,0,68,0.46,11,4,17.87,100.0
4184,40,20260808,2,2,3.3,2,0,134,0.77,22,3,55.43,59.57
4185,26,20261201,1,2,4.2,2,2,43,0.46,21,5,9.96,100.0
4186,51,20260209,4,2,4.2,2,0,192,0.8,13,0,94.07,5.93
4187,54,20260302,3,3,4.3,4,13,128,0.83,9,4,80.99,39.01
4188,5,20260724,4,2,0.1,1,7,184,0.82,22,1,92.49,12.51
4189,4,20261222,2,2,5.2,2,0,118,0.81,18,3,52.79,62.21
4190,80,20260910,1,1,5.1,0,0,27,0.45,21,6,0.0,100.0
4191,41,20261119,1,2,3.8,2,0,64,0.45,20,3,22.19,92.81
4192,21,20260910,1,2,3.4,2,0,92,0.4,21,4,24.43,95.57
4193,2,20260324,3,1,3.6,0,0,170,0.77,10,1,82.35,22.65
4194,86,20261219,1,2,2.4,1,0,59,0.41,23,4,16.89,100.0
4195,85,20260730,1,2,2.4,1,1,45,0.4,15,4,10.58,100.0
4196,29,20261028,3,1,2.9,0,0,172,0.76,9,2,78.04,31.96
4197,78,20261212,3,2,1.7,1,0,170,0.81,20,1,75.59,29.41
4198,8,20260520,1,2,6.5,2,0,34,0.46,15,6,8.81,100.0
4199,13,20261210,4,2,3.3,2,0,181,0.76,16,0,88.6,11.4
4200,42,20260210,1,1,1.5,0,0,2,0.47,12,4,1.98,100.0
4201,24,20260725,3,2,0.2,1,0,168,0.77,22,1,81.73,23.27
4202,68,20260528,1,2,4.1,2,0,36,0.4,13,4,14.43,100.0
4203,47,20260324,4,2,4.5,2,0,213,0.8,19,1,97.0,8.0
4204,58,20260729,1,2,2.6,0,1,47,0.47,21,4,14.51,100.0
4205,60,20260301,1,2,4.5,2,0,79,0.44,22,5,19.32,100.0
4206,76,20260412,1,2,4.6,0,3,19,0.46,16,7,0.0,100.0
4207,95,20260113,1,2,6.9,2,0,36,0.4,15,4,15.44,100.0
4208,20,20261109,4,1,2.5,0,0,192,0.79,12,0,94.57,5.43
4209,23,20260302,2,3,2.7,7,0,106,0.79,21,4,51.39,68.61
4210,32,20260202,4,2,2.6,2,0,188,0.76,18,1,87.36,17.64
4211,92,20260911,4,2,2.1,2,0,194,0.83,0,0,97.67,2.33
4212,72,20260529,1,2,7.8,5,9,47,0.44,1,7,14.27,100.0
4213,56,20260523,1,2,6.8,2,0,7,0.41,22,6,0.0,100.0
4214,9,20260924,1,2,4.3,2,0,57,0.48,17,6,8.45,100.0
4215,86,20260429,1,1,3.0,0,0,19,0.41,17,4,5.3,100.0
4216,87,20261111,4,1,0.5,0,0,195,0.75,21,1,88.74,16.26
4217,34,20260505,1,3,6.4,8,0,2,0.45,21,7,0.0,100.0
4218,71,20261110,4,3,5.3,8,0,230,0.76,23,3,90.65,24.35
4219,33,20261126,2,1,0.8,0,0,103,0.75,21,3,46.22,68.78
4220,81,20260417,4,2,1.8,1,0,192,0.77,0,0,87.65,12.35
4221,67,20260515,1,2,9.0,1,0,27,0.43,22,9,0.0,100.0
4222,89,20261228,4,1,2.7,0,0,200,0.75,21,1,89.24,15.76
4223,49,20261110,4,2,3.8,1,0,204,0.78,22,0,96.11,3.89
4224,57,20260310,1,1,2.6,0,0,27,0.47,10,5,4.07,100.0
4225,19,20260513,1,1,5.6,0,0,37,0.4,10,7,0.0,100.0
4226,33,20260910,1,2,4.1,1,0,38,0.42,23,7,0.0,100.0
4227,77,20260328,3,1,1.5,0,0,200,0.81,1,2,80.05,29.95
4228,65,20260307,4,3,1.4,0,10,177,0.82,23,0,99.19,0.81
4229,39,20261106,4,2,0.5,1,0,188,0.8,23,0,86.84,13.16
4230,35,20261231,4,2,4.1,2,0,204,0.78,15,0,97.03,2.97
4231,30,20261108,1,2,2.2,2,2,42,0.43,20,4,14.33,100.0
4232,84,20261106,3,2,0.8,1,0,170,0.82,1,2,73.68,36.32
4233,25,20261010,3,2,0.2,1,0,188,0.76,22,0,82.89,17.11
4234,74,20260224,1,2,4.2,1,0,72,0.43,21,3,23.89,91.11
4235,38,20260307,3,2,1.3,1,0,194,0.81,22,1,83.46,21.54
4236,18,20260217,1,2,3.7,1,0,47,0.41,16,4,10.54,100.0
4237,10,20260208,1,2,1.9,2,0,17,0.48,21,7,0.0,100.0
4238,54,20260117,1,3,8.4,9,14,33,0.47,2,7,18.16,100.0
4239,67,20260603,1,2,9.2,2,0,2,0.45,9,8,0.0,100.0
4240,31,20261205,3,2,0.0,2,0,167,0.76,20,0,78.76,21.24
4241,42,20260114,1,2,6.7,1,0,2,0.47,9,6,0.69,100.0
4242,74,20260614,1,2,6.0,1,0,44,0.42,22,6,0.81,100.0
4243,58,20260805,4,3,3.1,4,14,201,0.78,9,0,100.0,0.0
4244,88,20260422,1,2,3.4,2,4,2,0.47,22,7,0.0,100.0
4245,43,20261010,4,2,1.4,2,0,207,0.83,21,1,86.13,18.87
4246,39,20260427,1,2,5.6,1,0,31,0.46,22,6,0.07,100.0
4247,33,20260721,1,2,1.9,2,0,58,0.47,9,5,12.74,100.0
4248,52,20260901,1,2,1.1,1,0,65,0.43,11,2,25.36,84.64
4249,81,20260209,4,2,2.1,2,0,162,0.81,15,0,88.04,11.96
4250,88,20260204,1,2,3.8,1,2,31,0.45,15,5,9.2,100.0
4251,54,20260318,4,3,3.2,3,14,120,0.81,21,2,85.22,24.78
4252,55,20260430,1,2,5.1,1,0,40,0.45,22,4,10.9,100.0
4253,32,20260306,3,1,0.0,0,0,178,0.83,23,0,84.93,15.07
4254,5,20261112,1,2,5.1,1,4,19,0.47,19,7,0.0,100.0
4255,41,20261221,4,2,4.0,2,0,219,0.81,19,0,100.0,0.0
4256,7,20260717,4,1,1.8,0,0,203,0.76,23,0,97.41,2.59
4257,6,20260726,2,1,4.1,0,0,109,0.75,16,5,37.68,87.32
4258,66,20260830,4,2,2.8,2,0,196,0.79,16,1,91.52,13.48
4259,66,20261201,1,2,4.2,2,0,83,0.43,18,3,28.13,86.87
4260,83,20260909,1,2,4.0,2,1,42,0.45,22,4,12.93,100.0
4261,69,20260629,1,1,5.2,0,0,11,0.44,10,7,0.0,100.0
4262,67,20260101,1,1,8.1,0,0,2,0.47,14,8,0.0,100.0
4263,62,20260811,1,1,4.2,0,0,37,0.42,22,5,5.82,100.0
4264,58,20261024,4,2,2.4,5,8,217,0.78,0,0,100.0,0.0
4265,85,20261216,1,2,2.2,1,4,79,0.45,15,5,23.46,100.0
4266,71,20260213,4,2,1.8,1,0,226,0.8,0,0,98.17,1.83
4267,77,20260113,1,2,5.9,1,0,2,0.46,15,6,0.39,100.0
4268,27,20260627,1,3,10.5,8,0,2,0.44,22,6,0.0,100.0
4269,29,20260826,3,2,3.8,2,0,158,0.78,12,3,70.17,44.83
4270,51,20260421,1,2,3.1,2,0,79,0.42,11,6,10.47,100.0
4271,35,20260215,3,1,4.7,0,0,133,0.79,20,1,66.14,38.86
4272,56,20260322,1,2,4.2,2,0,82,0.42,16,5,16.32,100.0
4273,72,20261019,4,3,3.4,9,11,207,0.83,21,0,100.0,0.0
4274,35,20260507,1,2,5.2,2,0,8,0.4,22,5,0.0,100.0
4275,73,20261116,1,1,4.9,0,0,56,0.48,22,4,16.95,100.0
4276,36,20260627,1,2,6.7,2,0,58,0.42,20,6,5.34,100.0
4277,19,20260623,1,2,6.5,1,0,32,0.47,11,6,0.0,100.0
4278,35,20260426,1,2,4.0,2,0,85,0.48,15,3,30.93,84.07
4279,88,20261008,2,3,2.3,0,14,66,0.43,19,2,54.44,55.56
4280,24,20261018,2,1,2.9,0,0,104,0.82,9,2,51.67,58.33
4281,16,20261030,4,2,0.2,1,0,208,0.75,1,2,88.47,21.53
4282,23,20260131,1,2,5.1,4,0,5,0.47,23,7,0.0,100.0
4283,51,20260407,1,2,2.2,1,0,57,0.43,8,3,18.65,96.35
4284,10,20260323,1,2,3.9,2,0,31,0.46,9,8,0.0,100.0
4285,42,20261217,1,2,3.4,2,0,58,0.43,8,5,10.21,100.0
4286,52,20260526,1,2,5.2,2,0,2,0.42,15,6,0.0,100.0
4287,29,20260201,1,2,2.2,2,0,69,0.45,15,4,18.94,100.0
4288,69,20261005,1,2,3.2,2,0,61,0.45,12,3,23.92,91.08
4289,26,20261022,1,2,3.2,1,4,80,0.45,21,3,34.22,80.78
4290,71,20260107,1,2,5.6,4,0,44,0.48,9,7,9.51,100.0
4291,89,20260729,2,2,3.0,2,0,104,0.83,18,4,46.36,73.64
4292,51,20260918,3,2,2.5,2,0,179,0.77,20,2,79.97,30.03
4293,96,20260428,4,2,2.1,1,0,193,0.75,10,1,88.59,16.41
4294,21,20260810,1,1,3.5,0,0,11,0.43,21,5,0.0,100.0
4295,73,20261219,4,2,2.3,1,0,218,0.82,0,1,90.52,14.48
4296,98,20260223,1,2,2.9,2,4,48,0.46,15,4,19.51,100.0
4297,86,20261015,1,2,4.8,1,0,14,0.46,21,6,0.0,100.0
4298,100,20261003,4,3,0.5,8,11,191,0.78,0,0,100.0,0.0
4299,62,20261029,1,2,3.0,2,0,2,0.47,22,7,0.0,100.0
4300,68,20260331,1,2,2.7,1,0,69,0.47,12,3,24.95,90.05
4301,96,20260825,1,2,3.9,2,0,99,0.46,10,4,30.06,89.94
4302,51,20260104,1,2,6.9,1,0,37,0.4,9,6,6.13,100.0
4303,31,20260223,1,1,3.6,0,0,79,0.4,14,4,19.89,100.0
4304,84,20261213,3,2,4.7,2,0,176,0.8,18,4,71.1,48.9
4305,14,20260113,1,2,6.9,1,0,4,0.41,11,7,0.0,100.0
4306,5,20261221,4,2,3.3,1,9,208,0.75,15,1,100.0,5.0
4307,46,20260126,1,1,5.7,0,0,2,0.48,13,6,0.0,100.0
4308,94,20261006,1,2,3.5,1,0,85,0.42,13,2,33.17,76.83
4309,14,20260326,1,2,4.1,1,0,47,0.47,13,6,3.78,100.0
4310,77,20260805,4,1,3.0,0,0,167,0.78,19,0,88.45,11.55
4311,38,20260511,1,1,7.2,0,0,2,0.4,9,7,0.0,100.0
4312,52,20261013,1,2,4.4,2,0,67,0.43,9,3,23.67,91.33
4313,30,20260510,1,3,7.8,2,10,6,0.46,21,8,7.18,100.0
4314,46,20261122,1,2,4.3,1,0,68,0.48,14,4,21.11,98.89
4315,15,20261020,3,1,2.3,0,0,148,0.83,8,0,83.88,16.12
4316,58,20260209,4,2,3.8,4,6,187,0.81,22,0,100.0,0.0
4317,72,20260601,1,2,7.4,5,1,7,0.4,21,7,0.0,100.0
4318,57,20260914,2,2,2.7,1,0,117,0.78,15,4,53.39,66.61
4319,95,20260720,2,2,3.4,1,0,94,0.48,17,2,44.9,65.1
4320,81,20260620,1,2,8.7,1,0,32,0.46,22,7,0.0,100.0
4321,18,20260730,1,1,4.5,0,0,53,0.44,17,4,15.12,100.0
4322,73,20260819,1,2,4.4,1,0,55,0.4,9,6,6.58,100.0
4323,83,20260304,1,2,2.7,2,7,27,0.41,17,4,23.95,96.05
4324,39,20261229,1,2,5.5,2,0,79,0.4,17,7,5.39,100.0
4325,53,20260906,4,2,3.7,2,0,203,0.78,12,0,95.36,4.64
4326,14,20260506,1,1,6.2,0,0,5,0.42,14,7,0.0,100.0
4327,95,20260620,1,2,8.5,1,0,33,0.46,1,6,1.48,100.0
4328,49,20260619,1,2,9.8,1,0,44,0.47,23,9,0.0,100.0
4329,97,20260424,2,1,0.7,0,0,117,0.77,0,2,64.12,45.88
4330,90,20261115,1,2,2.0,2,3,53,0.41,19,6,7.61,100.0
4331,10,20260811,1,1,3.3,0,0,25,0.41,9,6,0.0,100.0
4332,28,20260703,4,3,0.1,2,12,158,0.77,23,1,89.61,15.39
4333,15,20260309,1,2,2.9,2,0,70,0.46,13,1,34.37,70.63
4334,83,20261201,1,2,2.3,2,4,4,0.43,20,3,10.16,100.0
4335,59,20260305,1,2,2.0,2,0,65,0.46,11,5,14.91,100.0
4336,3,20260718,1,1,1.7,0,0,56,0.4,2,2,23.76,86.24
4337,53,20260725,3,2,1.4,1,0,179,0.75,21,3,75.54,39.46
4338,64,20260406,4,2,2.7,2,0,230,0.75,12,0,100.0,0.0
4339,20,20260411,2,1,3.0,0,0,127,0.76,20,4,54.92,65.08
4340,100,20260216,1,2,3.6,1,4,80,0.45,21,4,30.01,89.99
4341,87,20261209,1,1,4.2,0,0,81,0.4,22,6,13.71,100.0
4342,72,20261225,3,2,0.9,1,5,144,0.82,1,0,80.0,20.0
4343,77,20260729,1,2,4.5,1,0,64,0.41,22,4,15.39,100.0
4344,63,20260723,4,1,4.4,0,0,179,0.76,15,0,89.66,10.34
4345,43,20260829,3,2,2.6,1,0,206,0.75,20,1,83.12,21.88
4346,25,20260531,1,2,8.3,6,0,2,0.42,21,7,0.0,100.0
4347,21,20261211,3,3,1.6,8,0,166,0.83,22,2,81.32,28.68
4348,90,20260630,1,2,6.5,2,4,12,0.4,22,6,0.0,100.0
4349,52,20260628,1,1,7.1,0,0,2,0.43,12,7,0.0,100.0
4350,13,20260910,1,2,2.1,1,0,68,0.46,22,2,30.02,79.98
4351,47,20260108,1,1,8.5,0,0,2,0.42,16,9,0.0,100.0
4352,22,20260725,3,3,0.7,9,5,159,0.8,0,3,78.68,36.32
4353,100,20261028,4,2,2.9,3,5,185,0.83,14,2,91.93,18.07
4354,6,20261011,3,2,5.1,2,0,149,0.76,21,3,68.95,46.05
4355,59,20260817,1,2,3.0,2,0,53,0.41,21,5,7.17,100.0
4356,78,20260212,1,2,3.7,1,0,98,0.46,12,5,24.99,100.0
4357,62,20261124,1,2,3.0,1,0,75,0.4,11,4,21.0,99.0
4358,71,20260614,1,3,7.9,9,0,58,0.4,22,7,0.0,100.0
4359,92,20260812,3,2,4.6,1,0,166,0.79,16,1,84.43,20.57
4360,86,20260106,1,2,7.3,1,0,16,0.42,22,6,0.0,100.0
4361,92,20260708,1,2,4.5,1,0,80,0.43,22,3,26.43,88.57
4362,57,20261109,2,2,4.6,1,0,128,0.82,8,4,59.72,60.28
4363,88,20260719,1,2,3.8,1,2,28,0.43,17,6,1.15,100.0
4364,67,20260807,1,2,2.3,1,0,54,0.48,20,3,20.63,94.37
4365,39,20260223,1,2,3.5,1,0,46,0.42,21,4,11.43,100.0
4366,8,20261027,1,1,1.3,0,0,42,0.46,19,2,20.97,89.03
4367,52,20261211,4,1,0.2,0,0,205,0.81,21,0,98.81,1.19
4368,6,20260210,1,2,2.3,1,0,29,0.41,22,6,0.0,100.0
4369,62,20260303,1,2,6.1,5,0,67,0.46,23,7,15.03,100.0
4370,85,20260108,1,2,7.0,1,4,24,0.48,16,6,6.85,100.0
4371,40,20260428,3,2,4.3,2,0,146,0.77,8,1,75.89,29.11
4372,11,20260110,1,1,8.6,0,0,9,0.43,21,8,0.0,100.0
4373,90,20260423,1,2,2.4,2,4,76,0.48,17,4,28.8,91.2
4374,14,20260707,1,1,4.9,0,0,74,0.4,11,6,10.43,100.0
4375,95,20260531,1,2,7.1,1,0,50,0.44,18,5,15.61,100.0
4376,93,20260909,1,2,4.5,2,2,97,0.4,22,6,19.38,100.0
4377,65,20260614,1,2,8.6,1,1,2,0.4,22,7,0.0,100.0
4378,31,20260825,1,1,2.3,0,0,47,0.43,8,3,16.49,98.51
4379,83,20260115,1,2,5.9,2,1,2,0.41,17,5,0.0,100.0
4380,31,20260621,1,1,7.0,0,0,2,0.46,10,6,0.0,100.0
4381,57,20260415,1,1,5.6,0,0,81,0.46,15,6,15.06,100.0
4382,51,20261001,4,2,5.3,1,0,234,0.81,11,1,100.0,5.0
4383,57,20260209,3,1,3.1,0,0,141,0.79,11,3,66.92,48.08
4384,67,20260531,1,1,6.3,0,0,16,0.48,12,6,5.52,100.0
4385,94,20261229,1,1,4.4,0,0,40,0.44,11,4,9.15,100.0
4386,32,20260501,1,2,8.1,2,0,9,0.47,23,9,0.0,100.0
4387,52,20261004,2,2,1.5,2,0,93,0.45,10,1,38.82,66.18
4388,37,20261030,3,2,1.7,5,0,169,0.76,0,1,83.04,21.96
4389,84,20260405,1,1,1.8,0,0,41,0.47,18,5,8.44,100.0
4390,86,20260202,2,1,3.5,0,0,87,0.47,21,3,38.74,76.26
4391,8,20261202,3,1,2.1,0,0,141,0.78,15,1,76.63,28.37
4392,84,20260330,1,2,1.8,1,0,69,0.41,18,5,13.18,100.0
4393,6,20260902,1,2,2.9,2,0,31,0.46,21,8,0.0,100.0
4394,66,20260725,4,1,0.9,0,0,172,0.81,1,0,91.27,8.73
4395,38,20260604,1,1,8.8,0,0,4,0.47,8,6,0.0,100.0
4396,54,20260511,1,2,8.0,3,4,54,0.42,11,6,13.15,100.0
4397,53,20260913,4,2,3.4,1,0,194,0.81,14,1,91.01,13.99
4398,21,20261218,2,2,1.2,2,0,143,0.81,22,3,61.29,53.71
4399,77,20260705,1,2,4.7,1,0,54,0.45,21,5,11.58,100.0
4400,59,20260809,4,3,2.5,7,0,222,0.76,22,0,100.0,0.0
4401,39,20260711,4,2,0.3,2,0,209,0.75,22,0,88.01,11.99
4402,52,20260623,1,2,7.6,2,0,2,0.43,11,7,0.0,100.0
4403,16,20260904,3,1,2.8,0,0,171,0.8,23,2,71.55,38.45
4404,99,20260301,1,2,3.6,1,0,54,0.42,9,5,8.52,100.0
4405,28,20260925,4,3,1.0,2,14,153,0.77,23,2,87.49,22.51
4406,55,20260212,1,1,4.6,0,0,28,0.4,11,2,14.78,95.22
4407,49,20260703,4,2,0.6,1,0,212,0.75,0,0,89.56,10.44
4408,24,20260625,1,2,7.6,2,0,12,0.42,14,6,0.0,100.0
4409,40,20260502,1,1,6.9,0,0,42,0.46,20,7,0.03,100.0
4410,40,20260922,1,1,4.8,0,0,57,0.43,15,4,17.33,100.0
4411,71,20260119,1,3,6.8,7,0,32,0.4,22,5,11.85,100.0
4412,46,20260307,4,2,3.3,2,0,210,0.78,20,1,85.05,19.95
4413,63,20260622,1,1,8.9,0,0,49,0.4,20,5,14.66,100.0
4414,15,20260304,4,1,5.1,0,0,190,0.82,10,0,96.56,3.44
4415,70,20261017,3,1,0.0,0,0,143,0.75,0,0,71.05,28.95
4416,68,20260228,3,2,3.3,1,0,170,0.82,20,0,81.43,18.57
4417,12,20261220,1,2,3.8,1,0,12,0.47,19,7,0.0,100.0
4418,85,20260722,1,2,3.7,2,4,73,0.45,22,5,20.63,100.0
4419,63,20260610,1,1,6.4,0,0,37,0.46,16,4,20.8,100.0
4420,75,20261107,4,2,2.8,3,6,186,0.78,22,3,86.75,28.25
4421,5,20260111,1,2,8.2,2,2,29,0.44,15,6,1.13,100.0
4422,6,20260910,1,2,4.3,2,0,95,0.45,20,5,23.03,100.0
4423,82,20260101,1,3,7.3,8,2,2,0.4,9,8,0.0,100.0
4424,40,20260911,2,2,2.0,2,0,94,0.46,21,3,39.63,75.37
4425,28,20261228,3,3,3.6,4,11,124,0.75,21,1,83.83,21.17
4426,99,20261016,3,2,2.0,1,0,170,0.83,22,2,72.01,37.99
4427,30,20260127,1,2,8.4,2,1,2,0.44,18,9,0.0,100.0
4428,62,20260905,3,2,1.6,4,0,140,0.82,23,2,70.3,39.7
4429,65,20260316,1,2,2.3,2,2,80,0.44,22,4,24.03,95.97
4430,90,20261207,1,2,3.4,2,4,46,0.43,15,6,11.26,100.0
4431,7,20260401,4,2,1.9,1,0,198,0.81,22,0,97.98,2.02
4432,21,20261115,1,2,3.5,1,0,70,0.47,11,4,21.43,98.57
4433,52,20261213,4,1,2.7,0,0,200,0.79,10,1,93.89,11.11
4434,93,20260817,1,2,3.9,0,4,78,0.44,21,4,27.9,92.1
4435,68,20260829,3,1,2.0,0,0,156,0.79,21,1,70.55,34.45
4436,12,20261225,4,1,0.2,0,0,199,0.76,23,0,88.11,11.89
4437,32,20260320,4,1,1.8,0,0,203,0.8,0,0,89.15,10.85
4438,28,20260801,3,3,1.9,0,10,130,0.83,22,1,81.5,23.5
4439,100,20260207,4,3,2.1,0,13,175,0.82,23,1,99.14,5.86
4440,92,20260127,1,1,9.4,0,0,18,0.45,15,6,0.0,100.0
4441,68,20260404,4,2,3.8,1,0,257,0.82,22,0,100.0,0.0
4442,43,20260224,1,2,2.4,2,0,97,0.44,12,3,32.05,82.95
4443,52,20261001,4,1,4.7,0,0,195,0.77,12,0,94.87,5.13
4444,16,20260508,1,1,5.7,0,0,24,0.43,23,7,2.31,100.0
4445,15,20261017,3,2,2.9,1,0,178,0.79,22,2,75.39,34.61
4446,48,20260613,1,2,6.0,1,0,47,0.45,23,6,6.17,100.0
4447,27,20260905,1,3,0.4,8,0,14,0.48,0,4,11.7,100.0
4448,79,20260303,1,3,2.0,7,0,66,0.42,22,5,20.89,100.0
4449,22,20260712,1,2,0.9,1,1,38,0.42,22,4,10.63,100.0
4450,32,20261211,3,2,5.2,2,0,181,0.8,0,3,78.89,36.11
4451,3,20260605,1,3,8.0,7,0,66,0.48,0,4,19.49,100.0
4452,56,20261024,3,1,1.7,0,0,167,0.78,0,1,81.18,23.82
4453,25,20260322,1,2,5.2,2,0,38,0.41,14,6,0.53,100.0
4454,64,20260828,2,2,2.3,2,0,134,0.78,21,3,54.5,60.5
4455,38,20260627,1,2,6.4,2,0,30,0.47,20,6,1.5,100.0
4456,39,20260803,4,1,3.2,0,0,198,0.76,20,2,85.17,24.83
4457,48,20261220,1,2,3.9,1,0,72,0.44,19,6,9.52,100.0
4458,35,20260928,1,2,2.5,2,0,30,0.47,21,5,5.47,100.0
4459,33,20260829,3,2,1.6,1,0,157,0.82,2,2,67.35,42.65
4460,51,20260211,4,2,1.8,1,0,197,0.83,11,1,92.92,12.08
4461,39,20261019,3,1,4.1,0,0,160,0.75,20,2,72.97,37.03
4462,36,20260717,4,1,0.3,0,0,185,0.78,22,0,91.45,8.55
4463,84,20261111,3,1,1.6,0,0,191,0.76,19,4,76.43,43.57
4464,95,20260605,1,2,5.4,1,0,25,0.42,23,6,0.0,100.0
4465,58,20260803,4,3,2.6,3,14,201,0.79,22,2,100.0,10.0
4466,41,20260703,3,1,0.0,0,0,153,0.76,0,0,73.92,26.08
4467,98,20260831,1,2,5.2,0,1,72,0.41,15,4,18.91,100.0
4468,33,20260918,4,2,2.2,6,0,214,0.83,23,1,95.94,9.06
4469,49,20260207,4,2,2.3,2,0,202,0.83,23,1,87.89,17.11
4470,2,20260922,1,1,3.2,0,0,57,0.47,9,4,16.07,100.0
4471,97,20260422,1,2,4.5,1,0,49,0.45,15,5,10.63,100.0
4472,40,20261010,3,2,1.4,2,0,173,0.79,22,0,80.25,19.75
4473,61,20260407,1,1,3.0,0,0,61,0.44,15,3,19.69,95.31
4474,28,20260615,1,2,9.0,4,3,28,0.44,22,7,0.0,100.0
4475,31,20261019,4,2,2.4,2,0,193,0.83,11,0,98.06,1.94
4476,45,20260514,1,1,5.7,0,0,31,0.42,18,5,2.29,100.0
4477,96,20261103,1,2,5.0,1,0,44,0.45,11,6,4.04,100.0
4478,79,20261125,1,1,2.9,0,0,2,0.47,21,5,0.0,100.0
4479,93,20261228,4,3,2.3,8,9,176,0.79,22,1,98.0,7.0
4480,52,20260202,4,2,2.0,2,0,203,0.77,9,0,95.0,5.0
4481,85,20261223,1,2,3.6,1,3,50,0.48,20,6,11.12,100.0
4482,45,20260418,2,2,1.1,2,0,126,0.77,0,3,53.22,61.78
4483,79,20260309,1,1,2.9,0,0,2,0.41,21,5,0.0,100.0
4484,11,20260101,1,2,6.0,2,0,50,0.41,8,4,12.02,100.0
4485,19,20260513,1,1,5.7,0,0,34,0.42,11,5,4.87,100.0
4486,87,20260708,1,1,1.9,0,0,79,0.44,22,2,29.69,80.31
4487,97,20260331,1,2,4.9,1,0,61,0.48,17,5,14.61,100.0
4488,67,20260115,1,2,8.2,1,0,33,0.41,8,8,0.0,100.0
4489,38,20261004,1,2,5.6,2,0,76,0.41,15,6,11.08,100.0
4490,36,20260103,1,2,7.0,1,0,37,0.44,22,6,0.46,100.0
4491,76,20260423,1,2,2.0,0,1,2,0.4,17,7,0.0,100.0
4492,17,20260621,1,2,7.9,1,0,30,0.41,10,6,5.21,100.0
4493,96,20260905,4,2,0.0,2,0,207,0.8,22,0,98.44,1.56
4494,94,20260110,1,2,8.2,2,0,2,0.42,20,7,0.0,100.0
4495,72,20260718,4,2,3.2,2,9,213,0.83,1,0,100.0,0.0
4496,68,20260205,1,2,6.0,2,0,88,0.4,10,3,26.88,88.12
4497,89,20260927,1,1,1.8,0,0,81,0.4,18,3,24.07,90.93
4498,61,20260421,1,2,2.5,1,0,62,0.46,20,5,13.13,100.0
4499,47,20260105,1,2,7.7,1,0,41,0.47,19,6,2.45,100.0
4500,46,20260406,4,1,3.3,0,0,223,0.79,14,2,94.04,15.96
4501,39,20260820,1,1,3.1,0,0,46,0.43,15,4,10.44,100.0
4502,37,20260313,4,1,0.0,0,0,193,0.8,2,0,89.06,10.94
4503,66,20260725,4,2,1.6,1,0,192,0.75,22,1,87.23,17.77
4504,17,20260710,4,2,0.7,2,0,212,0.83,20,0,95.05,4.95
4505,90,20260309,2,2,3.4,2,2,114,0.77,16,4,49.39,70.61
4506,76,20261217,1,2,3.3,2,1,17,0.41,22,6,0.0,100.0
4507,90,20261005,1,2,3.7,2,2,47,0.41,21,6,5.95,100.0
4508,92,20260526,1,2,6.9,1,0,9,0.43,16,8,0.0,100.0
4509,13,20261022,1,2,4.9,2,0,96,0.48,18,4,29.69,90.31
4510,34,20260519,1,2,7.5,6,0,25,0.4,11,7,0.0,100.0
4511,75,20260813,1,2,3.1,1,4,82,0.41,22,4,26.68,93.32
4512,55,20260802,1,2,2.1,2,0,83,0.43,22,3,27.8,87.2
4513,99,20260719,1,2,3.8,2,0,90,0.44,22,2,33.04,76.96
4514,45,20260624,1,2,5.7,2,0,2,0.47,17,6,0.0,100.0
4515,97,20260730,1,2,3.6,1,0,37,0.46,22,5,7.6,100.0
4516,53,20260907,2,2,3.5,1,0,120,0.82,11,4,48.69,71.31
4517,59,20260713,1,1,2.7,0,0,49,0.41,21,6,2.4,100.0
4518,1,20260407,1,2,4.1,2,3,70,0.47,18,4,24.43,95.57
4519,6,20260102,1,1,4.9,0,0,19,0.48,23,7,0.0,100.0
4520,80,20260915,2,1,4.7,0,0,107,0.79,15,5,41.48,83.52
4521,52,20260830,4,1,1.8,0,0,240,0.81,12,0,100.0,0.0
4522,34,20260716,1,1,1.6,0,0,79,0.44,23,3,27.43,87.57
4523,11,20261223,1,1,1.3,0,0,96,0.45,12,4,26.94,93.06
4524,78,20261008,4,2,4.6,2,0,193,0.81,8,1,90.44,14.56
4525,91,20260616,1,2,7.5,1,3,2,0.44,17,9,0.0,100.0
4526,23,20260131,1,3,6.9,9,0,62,0.47,2,7,5.71,100.0
4527,82,20260209,4,3,2.4,7,12,159,0.8,21,2,93.14,16.86
4528,49,20260103,1,2,7.5,1,0,2,0.42,0,7,0.0,100.0
4529,43,20260614,1,2,9.0,2,0,31,0.45,13,7,0.0,100.0
4530,77,20261203,4,2,2.6,2,0,157,0.83,19,0,85.79,14.21
4531,49,20260404,3,2,1.4,2,0,186,0.82,22,2,78.07,31.93
4532,10,20260810,1,2,1.7,2,0,49,0.43,11,4,14.56,100.0
4533,88,20260409,1,2,3.4,1,4,21,0.44,21,5,7.39,100.0
4534,29,20260826,4,2,4.2,1,0,206,0.76,15,1,92.03,12.97
4535,71,20260401,3,2,5.1,6,0,207,0.75,21,3,81.65,33.35
4536,36,20260124,1,1,7.3,0,0,32,0.46,22,6,8.54,100.0
4537,1,20260628,1,2,7.7,0,1,14,0.48,20,8,0.0,100.0
4538,70,20260729,1,2,3.2,1,0,30,0.47,21,3,13.47,100.0
4539,28,20260221,2,3,3.9,1,10,92,0.45,23,4,41.42,78.58
4540,35,20261015,1,2,2.1,1,0,58,0.4,17,1,29.97,75.03
4541,82,20260127,1,2,5.3,6,2,2,0.41,9,9,0.0,100.0
4542,26,20260301,1,2,3.3,2,1,70,0.47,21,5,15.89,100.0
4543,85,20260825,1,2,4.2,0,4,66,0.4,19,6,15.54,100.0
4544,100,20260403,4,3,2.0,2,14,199,0.78,0,2,100.0,10.0
4545,49,20260817,1,2,2.8,1,0,81,0.45,20,4,22.21,97.79
4546,94,20260427,1,1,2.9,0,0,81,0.4,9,3,25.38,89.62
4547,5,20260216,1,2,4.2,1,3,76,0.48,21,4,27.93,92.07
4548,7,20260923,1,2,2.8,1,0,23,0.48,15,4,9.29,100.0
4549,20,20261227,1,2,4.3,2,0,90,0.45,14,3,31.02,83.98
4550,37,20261229,1,2,5.9,2,0,57,0.47,21,6,8.96,100.0
4551,13,20261024,4,1,0.8,0,0,191,0.76,23,0,91.62,8.38
4552,69,20261012,1,2,3.2,2,0,77,0.4,11,3,22.71,92.29
4553,35,20260610,2,2,6.9,1,0,94,0.4,18,2,41.95,78.05
4554,19,20260320,2,2,2.2,1,0,81,0.47,22,1,38.42,66.58
4555,97,20260603,1,2,6.6,2,0,14,0.48,17,7,0.0,100.0
4556,40,20260303,3,2,2.8,1,0,150,0.77,11,1,76.67,28.33
4557,62,20260222,1,2,4.9,2,0,43,0.46,9,6,2.49,100.0
4558,59,20260301,1,1,2.2,0,0,81,0.44,21,4,21.89,98.11
4559,88,20260202,1,3,3.9,0,10,66,0.4,18,5,34.62,90.38
4560,96,20260409,2,2,4.0,2,0,102,0.75,9,3,46.22,68.78
4561,19,20260709,1,2,4.3,1,0,29,0.43,15,5,2.7,100.0
4562,42,20260904,3,1,0.3,0,0,159,0.78,21,0,78.06,21.94
4563,91,20260910,1,2,3.1,0,2,66,0.42,20,3,25.09,89.91
4564,96,20261217,2,1,3.7,0,0,105,0.8,14,4,45.29,74.71
4565,69,20260716,1,1,3.1,0,0,53,0.46,12,5,9.66,100.0
4566,62,20260919,2,2,0.5,2,0,143,0.75,2,2,63.18,46.82
4567,83,20261212,1,2,2.8,1,6,51,0.4,22,4,21.99,98.01
4568,25,20260416,1,2,4.0,1,0,53,0.45,21,1,29.33,75.67
4569,83,20261212,1,2,1.6,0,6,74,0.41,23,3,31.8,83.2
4570,72,20260208,2,2,5.8,0,4,101,0.79,9,3,54.89,60.11
4571,33,20260311,1,2,2.3,1,0,74,0.47,21,6,11.2,100.0
4572,50,20261125,1,2,3.8,2,0,9,0.42,22,5,0.0,100.0
4573,58,20260324,4,2,4.1,3,9,171,0.78,9,0,100.0,0.0
4574,53,20261205,3,2,1.3,2,0,208,0.75,20,2,80.65,29.35
4575,83,20260624,1,2,6.4,0,2,42,0.47,20,4,17.53,100.0
4576,60,20260506,1,2,8.5,1,0,47,0.4,21,7,0.0,100.0
4577,23,20260816,1,2,3.6,1,0,45,0.46,22,5,9.71,100.0
4578,18,20260313,3,1,3.6,0,0,186,0.77,0,1,79.41,25.59
4579,16,20260212,1,1,4.2,0,0,52,0.43,21,5,10.06,100.0
4580,50,20260605,1,2,5.6,2,0,48,0.45,0,3,16.36,100.0
4581,100,20261027,1,2,4.5,1,3,56,0.48,22,5,17.88,100.0
4582,50,20261222,1,2,3.2,1,0,25,0.45,20,4,8.88,100.0
4583,82,20260221,4,3,1.5,2,10,194,0.81,0,0,100.0,0.0
4584,87,20260413,3,1,2.1,0,0,162,0.78,19,3,70.35,44.65
4585,23,20260113,1,2,7.7,3,0,20,0.4,22,8,0.0,100.0
4586,26,20261214,4,3,3.2,3,12,191,0.77,21,0,100.0,0.0
4587,30,20261025,4,2,3.5,0,8,161,0.79,22,2,88.0,22.0
4588,44,20260410,1,2,0.6,1,0,53,0.46,22,4,15.35,100.0
4589,48,20261019,3,2,2.4,2,0,158,0.77,22,2,73.36,36.64
4590,80,20261019,3,2,0.8,2,0,177,0.77,22,2,80.6,29.4
4591,77,20260523,1,1,8.6,0,0,14,0.45,23,7,0.0,100.0
4592,45,20260105,1,2,6.1,1,0,54,0.42,20,5,10.53,100.0
4593,91,20260816,1,2,4.4,1,1,43,0.48,15,5,11.91,100.0
4594,82,20260528,1,2,4.4,3,8,40,0.44,21,7,15.62,100.0
4595,68,20261111,4,2,2.4,2,0,189,0.76,8,0,94.1,5.9
4596,38,20260110,1,2,6.9,2,0,2,0.41,22,8,0.0,100.0
4597,56,20260309,1,1,2.3,0,0,39,0.47,18,3,16.12,98.88
4598,11,20260323,1,2,4.5,1,0,59,0.43,12,5,10.79,100.0
4599,75,20260524,1,2,8.5,5,1,2,0.47,22,8,0.0,100.0
4600,15,20260802,2,2,4.2,1,0,93,0.43,9,2,36.61,73.39
4601,62,20260315,1,1,3.7,0,0,89,0.46,21,5,19.36,100.0
4602,84,20260605,1,1,7.0,0,0,38,0.42,22,8,0.0,100.0
4603,57,20260722,1,2,2.9,1,0,68,0.4,9,3,21.99,93.01
4604,65,20260217,1,2,3.4,2,4,72,0.42,16,4,26.53,93.47
4605,20,20260811,1,2,4.2,1,0,54,0.4,10,2,23.9,86.1
4606,63,20261108,1,2,3.9,1,0,78,0.41,15,3,23.95,91.05
4607,45,20261008,3,1,4.3,0,0,139,0.78,20,2,71.47,38.53
4608,91,20260421,1,2,3.6,0,2,52,0.43,21,6,9.25,100.0
4609,65,20260513,1,2,8.2,1,4,2,0.43,21,6,0.0,100.0
4610,51,20260526,1,2,6.5,2,0,52,0.45,14,6,4.29,100.0
4611,31,20260621,1,2,5.8,1,0,38,0.46,10,6,10.63,100.0
4612,49,20261019,4,1,4.2,0,0,190,0.82,15,2,85.25,24.75
4613,16,20260605,1,2,9.1,2,0,12,0.45,0,9,0.0,100.0
4614,85,20260925,4,2,0.4,2,9,210,0.83,23,1,100.0,5.0
4615,43,20260110,1,2,6.7,2,0,4,0.42,22,9,0.0,100.0
4616,12,20260112,1,2,6.6,1,0,14,0.45,15,5,0.0,100.0
4617,77,20261018,2,2,2.8,2,0,118,0.79,17,2,55.76,54.24
4618,51,20261106,4,2,1.5,1,0,199,0.77,21,0,88.44,11.56
4619,71,20260710,3,2,1.0,2,0,161,0.77,23,2,65.81,44.19
4620,46,20260312,3,2,3.1,2,0,174,0.83,12,2,82.35,27.65
4621,91,20261027,1,2,5.5,0,4,64,0.44,15,5,18.01,100.0
4622,65,20260726,1,2,5.8,2,1,50,0.4,19,5,8.28,100.0
4623,30,20260218,1,2,1.6,1,1,91,0.47,18,4,27.17,92.83
4624,34,20261223,1,2,2.9,1,0,72,0.41,14,4,17.63,100.0
4625,45,20260928,1,1,3.8,0,0,92,0.43,22,3,28.05,86.95
4626,80,20261123,3,2,2.9,2,0,163,0.76,17,3,70.1,44.9
4627,24,20260803,4,1,0.2,0,0,243,0.81,14,0,100.0,0.0
4628,15,20260621,1,1,7.4,0,0,18,0.43,13,4,14.14,100.0
4629,21,20260703,3,1,2.2,0,0,192,0.79,1,1,80.88,24.12
4630,99,20261016,3,2,0.3,1,0,167,0.82,23,0,79.77,20.23
4631,39,20261021,2,1,3.1,0,0,82,0.42,19,1,37.33,67.67
4632,82,20260316,1,2,3.4,0,4,35,0.4,9,3,17.06,97.94
4633,52,20260312,3,1,5.2,0,0,178,0.75,14,3,73.72,41.28
4634,66,20260612,1,2,6.8,1,0,13,0.43,2,7,0.0,100.0
4635,53,20260406,4,2,1.9,2,0,188,0.78,13,1,88.79,16.21
4636,16,20260608,1,1,7.9,0,0,13,0.41,20,8,0.0,100.0
4637,48,20261117,4,2,4.6,1,0,207,0.81,22,1,95.74,9.26
4638,73,20260504,1,2,7.5,4,0,2,0.41,22,7,0.0,100.0
4639,94,20260425,3,2,1.3,2,0,170,0.78,22,1,81.61,23.39
4640,73,20261028,4,3,2.5,7,0,235,0.79,22,0,100.0,0.0
4641,8,20260301,1,2,5.3,2,0,42,0.43,17,4,11.58,100.0
4642,8,20260602,1,1,6.8,0,0,15,0.41,18,5,8.17,100.0
4643,16,20260128,1,2,6.1,2,0,2,0.4,21,8,0.0,100.0
4644,96,20260708,1,1,3.5,0,0,36,0.47,13,5,7.78,100.0
4645,20,20260427,1,2,3.9,1,0,42,0.43,11,5,6.49,100.0
4646,48,20260617,1,1,7.1,0,0,2,0.47,17,8,0.0,100.0
4647,29,20261115,1,1,3.8,0,0,78,0.46,13,5,17.21,100.0
4648,75,20261021,1,2,2.4,1,3,63,0.43,22,5,17.98,100.0
4649,42,20261029,1,1,0.1,0,0,36,0.44,14,4,8.26,100.0
4650,31,20260711,3,2,0.1,2,0,168,0.83,22,0,82.18,17.82
4651,12,20260130,1,2,9.1,1,0,59,0.4,22,7,2.04,100.0
4652,33,20260209,3,2,2.4,6,0,189,0.83,21,4,78.67,41.33
4653,66,20261007,1,2,0.1,2,0,73,0.47,19,3,27.98,87.02
4654,81,20260427,1,1,3.6,0,0,71,0.46,18,2,28.04,81.96
4655,84,20260119,1,1,5.9,0,0,12,0.42,19,8,0.0,100.0
4656,47,20261005,1,1,3.2,0,0,66,0.46,22,4,19.97,100.0
4657,32,20260516,1,1,5.6,0,0,2,0.41,0,8,0.0,100.0
4658,13,20260514,1,1,9.6,0,0,41,0.48,21,6,1.96,100.0
4659,43,20260720,3,2,2.8,2,0,185,0.79,12,2,82.35,27.65
4660,3,20260327,2,3,1.1,9,0,81,0.47,23,1,47.06,57.94
4661,42,20260713,1,2,4.6,2,0,71,0.4,9,5,13.3,100.0
4662,63,20260625,1,2,8.0,2,0,88,0.42,20,3,28.59,96.41
4663,9,20260725,2,2,0.0,1,0,118,0.78,0,2,63.0,47.0
4664,51,20260224,1,2,3.3,1,0,16,0.44,12,7,0.0,100.0
4665,27,20260313,1,2,0.0,1,0,83,0.41,23,3,27.07,87.93
4666,73,20260806,1,2,4.0,2,0,38,0.42,21,7,0.0,100.0
4667,23,20260614,1,2,5.0,3,0,2,0.45,22,6,0.0,100.0
4668,92,20260224,1,2,5.0,1,0,85,0.48,19,3,28.68,86.32
4669,27,20261101,2,2,4.9,4,0,80,0.41,11,2,36.7,73.3
4670,12,20260927,1,2,5.4,1,0,27,0.48,15,6,0.0,100.0
4671,12,20261001,2,1,3.6,0,0,131,0.81,21,3,62.61,52.39
4672,86,20260413,1,2,2.1,1,0,36,0.45,17,3,24.04,90.96
4673,10,20260118,1,2,6.7,6,0,65,0.4,23,6,6.13,100.0
4674,38,20260516,1,2,7.8,1,0,44,0.47,22,7,0.99,100.0
4675,84,20261031,3,1,2.2,0,0,166,0.76,22,1,75.1,29.9
4676,91,20260629,1,2,8.6,0,2,10,0.48,18,8,0.0,100.0
4677,35,20260729,2,2,4.7,1,0,101,0.75,16,3,43.97,71.03
4678,79,20261028,1,3,4.8,8,0,74,0.42,22,5,21.51,100.0
4679,60,20260710,3,2,3.4,1,0,176,0.77,23,2,72.63,37.37
4680,47,20261230,4,2,2.9,1,0,200,0.83,20,2,88.57,21.43
4681,23,20260223,1,1,1.9,0,0,11,0.43,9,4,0.64,100.0
4682,35,20261202,4,2,1.8,2,0,217,0.75,16,0,99.33,0.67
4683,21,20260515,1,2,6.2,3,0,3,0.46,23,7,0.0,100.0
4684,91,20261031,4,3,0.9,1,11,193,0.81,2,0,100.0,0.0
4685,3,20261231,3,3,0.9,8,0,117,0.81,22,0,72.86,27.14
4686,54,20260413,3,3,3.8,9,10,129,0.81,22,3,78.75,36.25
4687,26,20260912,4,3,2.6,9,11,199,0.75,23,1,100.0,5.0
4688,98,20260409,1,2,3.2,1,3,24,0.4,22,5,5.98,100.0
4689,99,20261226,4,2,1.1,2,0,203,0.76,22,0,88.3,11.7
4690,50,20260406,3,1,4.3,0,0,149,0.78,22,1,77.78,27.22
4691,59,20260821,3,1,2.5,0,0,202,0.76,22,1,81.85,23.15
4692,12,20260812,4,2,3.3,1,0,214,0.77,15,0,100.0,0.0
4693,14,20260105,1,2,7.9,2,0,43,0.48,13,9,0.0,100.0
4694,32,20261227,1,2,2.6,2,0,82,0.46,15,3,26.56,88.44
4695,88,20260925,1,2,3.0,2,7,90,0.43,22,5,32.24,92.76
4696,88,20260822,1,2,2.0,2,7,41,0.44,23,5,16.03,100.0
4697,60,20260214,3,2,1.3,1,0,196,0.77,0,1,82.37,22.63
4698,44,20260918,1,2,0.6,4,0,29,0.48,2,3,20.42,94.58
4699,91,20260728,4,3,5.7,2,11,196,0.79,16,1,100.0,5.0
4700,92,20260819,1,2,2.8,1,0,82,0.46,22,3,28.57,86.43
4701,41,20261225,3,2,2.2,2,0,178,0.76,0,1,75.28,29.72
4702,50,20261005,1,2,4.1,2,0,19,0.45,18,5,0.0,100.0
4703,31,20261108,1,2,4.6,1,0,90,0.43,8,4,23.79,96.21
4704,74,20261201,1,2,3.7,2,0,66,0.47,17,3,24.84,90.16
4705,55,20260604,1,2,6.9,3,0,65,0.45,22,4,18.61,100.0
4706,93,20261202,3,3,6.4,9,11,179,0.79,11,5,82.99,42.01
4707,76,20260127,1,2,5.8,0,2,2,0.4,19,8,0.0,100.0
4708,92,20260114,1,2,8.1,1,0,28,0.41,22,5,8.73,100.0
4709,28,20261123,3,2,3.7,3,9,112,0.81,22,1,81.6,23.4
4710,2,20260130,1,2,5.3,2,0,33,0.46,22,6,0.0,100.0
4711,8,20261102,1,2,3.0,1,0,2,0.4,17,4,0.0,100.0
4712,24,20260328,3,1,0.8,0,0,173,0.83,20,0,83.72,16.28
4713,96,20260511,1,1,7.5,0,0,34,0.47,11,7,0.0,100.0
4714,91,20260520,1,3,5.7,1,14,13,0.43,15,7,17.98,100.0
4715,90,20260703,4,2,1.5,1,7,190,0.82,0,2,86.62,23.38
4716,16,20260915,1,2,3.7,2,0,59,0.45,15,7,1.99,100.0
4717,55,20260423,1,2,1.3,1,0,87,0.44,22,3,28.49,86.51
4718,49,20260122,1,2,8.6,1,0,2,0.44,20,9,0.0,100.0
4719,94,20261105,4,2,6.5,1,0,206,0.82,9,0,100.0,0.0
4720,86,20260822,1,2,0.1,1,0,11,0.45,0,4,2.23,100.0
4721,20,20261028,4,2,4.0,2,0,192,0.75,9,0,91.88,8.12
4722,63,20260325,4,2,5.7,2,0,181,0.78,20,0,91.74,8.26
4723,1,20260529,1,3,6.6,1,12,30,0.44,23,6,15.42,100.0
4724,85,20260823,4,2,2.5,1,6,228,0.81,16,0,100.0,0.0
4725,99,20260614,1,2,8.9,4,0,42,0.41,14,7,0.0,100.0
4726,74,20260621,1,1,6.1,0,0,6,0.42,15,6,0.0,100.0
4727,81,20261027,2,1,2.2,0,0,126,0.8,20,1,63.93,41.07
4728,85,20261120,4,3,3.6,1,14,176,0.8,23,1,100.0,5.0
4729,30,20260606,1,3,6.8,2,12,2,0.45,23,8,1.42,100.0
4730,49,20261009,4,2,0.0,2,0,201,0.76,22,0,89.69,10.31
4731,80,20260323,1,2,3.2,2,0,61,0.43,19,6,6.57,100.0
4732,30,20260912,4,3,2.2,0,14,234,0.77,23,3,100.0,15.0
4733,83,20260108,1,2,5.8,1,1,10,0.48,22,5,1.93,100.0
4734,46,20260220,4,2,0.0,1,0,202,0.8,20,0,88.87,11.13
4735,24,20260704,3,1,1.2,0,0,163,0.82,22,1,83.94,21.06
4736,99,20260701,1,2,4.3,1,0,77,0.46,21,3,25.05,89.95
4737,68,20260717,3,1,0.9,0,0,158,0.75,22,0,82.75,17.25
4738,45,20260517,1,2,8.0,2,0,34,0.45,19,6,1.99,100.0
4739,68,20260823,4,2,2.9,1,0,175,0.79,11,0,89.91,10.09
4740,13,20260831,1,2,2.2,1,0,73,0.41,22,3,24.03,90.97
4741,14,20260912,4,2,1.5,2,0,186,0.79,21,1,87.6,17.4
4742,50,20260506,1,2,8.0,1,0,3,0.46,16,8,0.0,100.0
4743,21,20260629,1,2,6.8,5,0,13,0.46,23,6,0.0,100.0
4744,60,20260628,1,1,5.4,0,0,45,0.41,22,6,3.04,100.0
4745,1,20260222,1,2,2.9,0,2,73,0.45,22,4,23.37,96.63
4746,22,20260428,4,3,3.1,8,11,183,0.75,21,1,100.0,5.0
4747,14,20260811,1,1,4.5,0,0,74,0.44,10,7,5.77,100.0
4748,94,20260131,1,2,8.9,2,0,35,0.41,20,8,0.0,100.0
4749,87,20260322,1,2,4.7,2,0,53,0.4,17,4,15.02,100.0
4750,82,20261003,4,3,0.0,5,13,173,0.78,22,1,100.0,5.0
4751,82,20260827,4,2,4.5,4,9,186,0.83,22,1,100.0,5.0
4752,26,20260211,4,3,5.7,9,5,232,0.79,21,1,100.0,5.0
4753,35,20261026,2,1,2.2,0,0,124,0.78,15,2,56.99,53.01
4754,6,20261004,1,1,3.7,0,0,22,0.4,18,7,0.0,100.0
4755,3,20260618,1,2,7.3,3,0,36,0.44,14,5,4.19,100.0
4756,6,20260324,1,2,3.0,2,0,98,0.45,15,5,30.1,94.9
4757,18,20261025,4,2,3.2,2,0,180,0.75,19,0,90.68,9.32
4758,68,20261224,1,2,3.3,2,0,53,0.42,10,3,17.7,97.3
4759,23,20260206,3,3,3.1,9,0,149,0.75,0,3,65.38,49.62
4760,66,20260225,1,2,2.8,1,0,57,0.43,22,1,27.67,77.33
4761,99,20261108,1,2,3.4,2,0,44,0.43,22,4,11.48,100.0
4762,69,20260615,1,2,8.2,1,0,5,0.45,14,6,0.0,100.0
4763,43,20260207,3,1,0.0,0,0,175,0.81,20,0,81.14,18.86
4764,34,20260422,1,2,2.5,1,0,53,0.42,21,5,8.71,100.0
4765,37,20260425,3,2,1.5,4,0,143,0.8,23,1,77.72,27.28
4766,40,20260211,3,1,4.3,0,0,162,0.81,8,1,82.9,22.1
4767,49,20261207,1,2,4.0,1,0,94,0.42,21,2,33.0,77.0
4768,46,20260828,3,1,0.0,0,0,184,0.78,21,2,74.61,35.39
4769,1,20260428,4,2,4.0,2,6,192,0.78,22,2,93.27,16.73
4770,95,20260918,3,2,1.0,2,0,110,0.8,23,1,65.52,39.48
4771,51,20260513,1,2,8.3,2,0,20,0.48,13,7,0.0,100.0
4772,26,20260421,1,2,3.6,2,4,68,0.42,9,6,13.64,100.0
4773,46,20261007,1,2,3.1,1,0,91,0.47,9,3,30.35,84.65
4774,40,20260817,1,2,2.3,2,0,45,0.4,10,4,9.88,100.0
4775,84,20261105,3,1,2.8,0,0,169,0.75,18,1,81.61,23.39
4776,38,20260622,1,2,6.9,1,0,20,0.46,9,7,2.12,100.0
4777,59,20260409,1,2,1.9,2,0,91,0.46,21,4,26.85,93.15
4778,92,20260321,4,2,3.7,2,0,218,0.8,2,0,95.83,4.17
4779,48,20260326,1,1,3.9,0,0,70,0.46,19,6,13.24,100.0
4780,25,20260113,1,2,5.7,6,0,30,0.44,9,6,6.11,100.0
4781,6,20260323,1,2,2.1,1,0,63,0.4,19,4,16.67,100.0
4782,91,20260919,4,3,1.3,0,12,183,0.76,0,1,97.59,7.41
4783,55,20260510,1,3,6.9,8,0,52,0.45,22,8,5.24,100.0
4784,82,20260814,4,2,0.9,5,8,190,0.79,1,0,100.0,0.0
4785,90,20260331,1,2,6.1,2,3,86,0.47,22,4,31.0,89.0
4786,77,20260711,3,2,1.8,1,0,143,0.79,1,1,68.83,36.17
4787,68,20260121,1,2,7.1,1,0,7,0.45,15,6,1.59,100.0
4788,68,20260614,1,2,6.6,2,0,70,0.44,14,6,10.28,100.0
4789,85,20261122,1,2,2.7,0,2,59,0.43,20,4,19.92,100.0
4790,20,20260113,1,2,7.6,1,0,2,0.47,15,7,0.0,100.0
4791,2,20261217,1,2,4.7,1,0,76,0.41,13,6,9.55,100.0
4792,5,20260118,1,2,7.2,0,2,2,0.43,21,9,0.0,100.0
4793,44,20260325,1,3,6.0,8,0,77,0.41,22,4,27.19,92.81
4794,92,20260415,1,2,2.7,2,0,91,0.44,20,4,25.98,94.02
4795,73,20260509,1,3,7.4,9,0,33,0.42,22,8,0.0,100.0
4796,6,20260410,2,1,1.1,0,0,137,0.78,23,4,53.39,66.61
4797,5,20260814,4,3,0.3,0,14,217,0.81,0,0,100.0,0.0
4798,40,20260114,1,2,7.8,2,0,2,0.42,10,7,0.0,100.0
4799,45,20260119,1,2,8.0,2,0,2,0.42,16,9,0.0,100.0
4800,61,20261221,3,1,3.3,0,0,146,0.81,17,3,67.29,47.71
4801,85,20260916,4,2,2.2,0,7,237,0.76,18,0,100.0,0.0
4802,53,20260219,1,2,4.6,1,0,47,0.45,11,9,0.0,100.0
4803,35,20260513,1,2,7.5,2,0,44,0.42,20,4,11.43,100.0
4804,50,20260428,3,2,3.2,2,0,138,0.82,20,0,78.74,21.26
4805,47,20260719,1,2,3.3,2,0,74,0.41,16,3,24.71,90.29
4806,61,20260418,2,2,0.7,1,0,96,0.46,1,1,42.22,62.78
4807,92,20260223,1,2,4.1,1,0,72,0.42,21,3,23.98,91.02
4808,62,20260408,2,2,3.6,6,0,124,0.8,11,4,55.57,64.43
4809,67,20261118,1,2,3.9,2,0,49,0.47,14,4,21.26,98.74
4810,41,20261107,4,1,0.5,0,0,225,0.78,23,0,100.0,0.0
4811,50,20261022,1,1,2.2,0,0,38,0.48,19,4,12.94,100.0
4812,4,20260310,1,1,2.4,0,0,70,0.46,18,2,30.59,79.41
4813,94,20260729,1,1,4.1,0,0,63,0.46,13,3,24.86,90.14
4814,52,20260518,1,2,5.5,2,0,32,0.41,9,6,0.0,100.0
4815,16,20261113,3,2,2.1,1,0,165,0.83,22,2,81.33,28.67
4816,72,20260920,4,3,4.2,8,10,175,0.75,9,1,98.47,6.53
4817,26,20260222,1,2,5.2,1,1,90,0.48,21,4,26.85,93.15
4818,22,20260213,4,2,2.3,1,7,167,0.8,0,1,85.77,19.23
4819,50,20260821,3,2,0.0,2,0,160,0.81,22,0,77.09,22.91
4820,86,20260925,1,2,2.5,1,0,33,0.47,23,3,14.84,100.0
4821,24,20260111,1,2,5.3,2,0,41,0.48,11,4,11.16,100.0
4822,34,20260321,3,2,0.7,1,0,160,0.76,1,0,77.8,22.2
4823,2,20260921,1,2,4.0,1,0,96,0.46,12,5,23.08,100.0
4824,70,20260212,1,2,2.4,1,0,41,0.45,17,5,8.3,100.0
4825,4,20260426,2,2,1.2,2,0,115,0.77,22,1,58.54,46.46
4826,27,20261031,1,2,2.2,1,0,36,0.4,22,3,14.31,100.0
4827,87,20260813,1,2,0.9,2,0,48,0.44,19,2,20.9,89.1
4828,38,20260618,1,2,6.9,2,0,38,0.45,13,7,0.0,100.0
4829,5,20261214,4,3,2.9,2,12,183,0.82,21,1,100.0,5.0
4830,71,20261008,4,2,2.9,6,0,234,0.76,22,2,97.36,12.64
4831,39,20260615,1,2,6.8,1,0,2,0.45,20,6,0.0,100.0
4832,1,20260113,1,2,7.5,1,8,20,0.48,20,6,18.57,100.0
4833,52,20260312,2,2,2.5,2,0,127,0.77,10,3,59.94,55.06
4834,35,20260526,1,2,7.9,2,0,54,0.4,17,5,9.72,100.0
4835,22,20260114,1,2,6.3,3,6,79,0.4,11,6,29.64,100.0
4836,16,20260118,1,2,8.0,2,0,12,0.43,19,10,0.0,100.0
4837,54,20261101,4,3,2.0,5,12,145,0.75,21,1,91.99,13.01
4838,4,20260907,1,1,3.6,0,0,91,0.42,15,5,20.39,100.0
4839,54,20260515,1,2,5.0,3,5,36,0.42,1,7,1.54,100.0
4840,16,20260611,1,2,4.5,2,0,21,0.46,19,6,6.29,100.0
4841,56,20260322,2,1,3.6,0,0,114,0.79,16,3,51.2,63.8
4842,94,20260726,2,2,5.1,1,0,102,0.77,9,3,46.51,68.49
4843,7,20260211,4,2,2.0,1,0,171,0.83,16,0,89.86,10.14
4844,69,20261126,1,1,4.7,0,0,86,0.4,13,2,29.81,80.19
4845,14,20260801,4,2,1.1,2,0,215,0.81,21,0,95.53,4.47
4846,32,20261010,2,2,2.8,1,0,156,0.77,0,2,64.8,45.2
4847,69,20260601,1,2,6.6,2,0,92,0.4,10,3,28.38,96.62
4848,69,20261104,4,2,4.3,2,0,196,0.78,15,0,94.98,5.02
4849,13,20260531,1,1,6.0,0,0,19,0.48,20,4,14.78,100.0
4850,91,20260529,1,2,7.0,0,7,57,0.44,1,7,13.54,100.0
4851,83,20261211,2,2,0.1,2,8,65,0.4,2,2,47.31,62.69
4852,54,20260228,2,2,2.8,2,7,106,0.83,1,3,61.1,53.9
4853,32,20260225,1,2,4.2,2,0,61,0.43,19,5,11.91,100.0
4854,44,20261014,1,2,3.4,2,0,16,0.44,23,3,10.15,100.0
4855,41,20260602,1,2,6.8,1,0,2,0.42,20,6,0.35,100.0
4856,98,20261020,4,3,6.0,0,10,189,0.76,18,2,99.1,10.9
4857,34,20260811,1,2,4.0,2,0,86,0.44,22,3,27.44,87.56
4858,51,20260402,1,2,3.1,1,0,14,0.44,13,5,0.0,100.0
4859,13,20260417,3,2,3.8,2,0,140,0.78,23,0,69.24,30.76
4860,72,20260527,1,3,5.5,5,11,32,0.48,23,5,32.29,100.0
4861,5,20260403,4,3,1.7,0,13,173,0.82,23,0,100.0,0.0
4862,28,20260816,1,2,2.2,2,2,53,0.48,9,4,17.91,100.0
4863,35,20261102,1,1,3.7,0,0,76,0.43,20,2,31.67,78.33
4864,68,20260531,1,2,7.6,1,0,35,0.41,8,7,4.49,100.0
4865,3,20260429,1,2,1.6,2,0,47,0.42,23,2,21.3,88.7
4866,35,20261019,4,2,3.5,1,0,198,0.8,22,1,90.55,14.45
4867,5,20260924,1,2,4.5,2,3,85,0.46,18,4,29.17,90.83
4868,100,20261008,4,3,1.2,9,7,179,0.76,22,2,89.31,20.69
4869,70,20260402,1,2,2.7,1,0,38,0.48,22,5,9.11,100.0
4870,30,20260118,1,2,7.9,2,4,2,0.4,15,9,0.0,100.0
4871,67,20260123,1,2,6.3,1,0,26,0.48,21,5,12.78,100.0
4872,1,20260915,1,2,3.5,0,2,33,0.46,18,6,2.69,100.0
4873,89,20260328,4,2,0.0,1,0,209,0.77,0,0,89.77,10.23
4874,17,20260129,1,1,5.4,0,0,40,0.42,14,5,4.17,100.0
4875,56,20261221,4,1,2.3,0,0,201,0.81,17,1,92.89,12.11
4876,65,20260113,1,2,6.8,1,7,16,0.47,21,7,9.23,100.0
4877,19,20260915,1,1,4.7,0,0,2,0.4,11,6,0.0,100.0
4878,73,20260130,1,3,6.5,8,0,35,0.42,22,7,0.0,100.0
4879,56,20260316,1,2,5.3,1,0,86,0.44,17,3,30.22,84.78
4880,97,20260609,1,2,7.2,2,0,2,0.48,19,7,0.0,100.0
4881,74,20261011,4,2,1.7,2,0,202,0.83,19,0,98.93,1.07
4882,1,20261212,4,3,0.4,1,12,154,0.78,0,0,94.19,5.81
4883,95,20261021,1,1,2.7,0,0,31,0.43,19,3,11.34,100.0
4884,22,20260501,1,3,6.3,9,7,24,0.42,1,7,2.5,100.0
4885,4,20261228,4,2,3.1,2,0,255,0.81,19,0,100.0,0.0
4886,4,20260107,1,2,6.6,1,0,5,0.44,19,7,0.0,100.0
4887,9,20260720,2,2,1.9,2,0,116,0.83,17,3,61.84,53.16
4888,55,20261023,4,2,2.4,2,0,226,0.8,23,0,95.43,4.57
4889,40,20260712,1,2,2.5,1,0,17,0.4,8,4,3.09,100.0
4890,57,20260704,2,2,3.4,2,0,138,0.76,20,3,63.72,51.28
4891,14,20261108,1,2,3.1,2,0,49,0.48,10,4,14.89,100.0
4892,49,20260502,1,2,7.9,1,0,2,0.46,0,9,0.0,100.0
4893,16,20260620,1,2,7.8,1,0,11,0.42,22,8,0.0,100.0
4894,11,20260505,1,2,5.1,2,0,14,0.45,14,7,0.0,100.0
4895,60,20260403,2,2,0.0,1,0,153,0.83,22,3,64.7,50.3
4896,3,20261117,2,2,5.0,4,0,116,0.75,21,3,58.08,56.92
4897,80,20261014,1,1,5.3,0,0,40,0.45,17,5,5.16,100.0
4898,33,20260119,1,3,7.7,7,0,2,0.47,21,7,0.0,100.0
4899,13,20261123,3,1,4.8,0,0,151,0.77,22,2,72.99,37.01
4900,21,20260516,1,3,8.0,7,0,2,0.4,0,8,0.0,100.0
4901,44,20260107,1,3,6.8,7,0,8,0.46,21,6,2.69,100.0
4902,78,20260321,3,2,0.0,1,0,180,0.82,22,0,84.32,15.68
4903,81,20260527,1,2,8.1,1,0,12,0.48,21,4,13.85,100.0
4904,82,20261103,1,2,4.1,2,4,73,0.4,21,3,31.23,83.77
4905,69,20261115,1,1,3.7,0,0,82,0.48,11,2,32.19,77.81
4906,100,20260629,1,3,8.2,9,4,2,0.4,23,9,0.0,100.0
4907,60,20260810,2,1,2.7,0,0,121,0.8,22,6,39.35,90.65
4908,47,20261104,3,2,4.3,1,0,185,0.77,17,3,77.09,37.91
4909,6,20260406,2,2,4.3,1,0,127,0.78,19,3,60.3,54.7
4910,76,20260324,1,2,3.0,2,6,59,0.47,22,5,29.8,95.2
4911,39,20260930,1,2,2.3,1,0,83,0.47,21,2,31.55,78.45
4912,80,20260131,1,1,7.1,0,0,19,0.43,22,6,0.0,100.0
4913,93,20260902,1,2,3.3,0,3,35,0.48,14,6,7.62,100.0
4914,44,20260410,1,2,1.0,1,0,68,0.44,2,2,26.11,83.89
4915,48,20260525,1,2,8.7,1,0,38,0.45,15,7,0.0,100.0
4916,78,20260509,1,1,5.5,0,0,2,0.48,21,5,4.08,100.0
4917,97,20260325,2,1,2.0,0,0,118,0.77,18,2,61.56,48.44
4918,100,20260419,1,2,0.9,1,3,14,0.4,21,5,0.13,100.0
4919,81,20260715,1,2,5.2,1,0,75,0.4,15,4,17.53,100.0
4920,55,20260727,1,2,2.9,1,0,39,0.41,11,5,6.12,100.0
4921,36,20260205,1,2,2.6,2,0,52,0.46,13,4,16.15,100.0
4922,68,20260302,4,2,5.2,1,0,215,0.78,12,1,97.13,7.87
4923,78,20260927,1,1,3.5,0,0,21,0.4,8,4,3.92,100.0
4924,31,20260401,4,2,4.1,2,0,196,0.77,15,0,94.42,5.58
4925,77,20260819,1,2,4.8,2,0,89,0.48,17,4,26.7,93.3
4926,13,20260902,1,1,4.2,0,0,78,0.46,15,3,25.95,89.05
4927,35,20260514,1,2,7.9,1,0,31,0.42,16,5,4.17,100.0
4928,93,20260528,1,3,6.9,8,13,29,0.42,21,8,16.4,100.0
4929,41,20260531,1,2,6.7,1,0,10,0.43,19,6,1.22,100.0
4930,55,20260308,3,2,4.5,6,0,131,0.78,9,2,66.57,43.43
4931,34,20260502,1,3,5.3,9,0,33,0.42,23,4,8.1,100.0
4932,18,20260527,1,2,6.1,1,0,21,0.41,20,6,2.91,100.0
4933,10,20260803,1,3,3.3,8,0,53,0.43,22,5,16.54,100.0
4934,38,20260720,3,2,6.0,1,0,152,0.77,12,2,73.27,36.73
4935,74,20260713,1,2,4.7,1,0,52,0.43,15,3,19.91,95.09
4936,35,20261217,1,2,3.2,2,0,52,0.47,20,5,12.24,100.0
4937,20,20260922,1,2,3.9,2,0,60,0.4,12,3,19.6,95.4
4938,38,20260325,3,2,5.5,2,0,175,0.77,13,3,74.78,40.22
4939,61,20261013,1,2,5.6,2,0,38,0.47,18,3,17.45,97.55
4940,24,20261126,1,1,4.3,0,0,51,0.41,14,3,16.46,98.54
4941,72,20260825,1,2,5.4,2,4,77,0.45,23,4,26.43,93.57
4942,23,20260911,2,3,0.0,7,0,124,0.81,0,4,58.23,61.77
4943,48,20261125,1,1,2.5,0,0,52,0.46,19,4,15.84,100.0
4944,2,20260822,3,1,0.0,0,0,180,0.82,20,1,78.21,26.79
4945,92,20260721,1,2,1.3,1,0,65,0.47,15,3,25.01,89.99
4946,5,20260611,1,2,5.1,1,9,41,0.45,20,6,24.91,100.0
4947,95,20260426,1,2,3.2,1,0,50,0.44,21,4,13.48,100.0
4948,15,20260630,1,2,4.7,2,0,29,0.45,10,4,8.39,100.0
4949,18,20260821,3,1,0.0,0,0,151,0.83,22,0,76.3,23.7
4950,15,20260713,1,2,2.2,1,0,51,0.41,12,2,20.77,89.23
4951,57,20260807,2,1,1.8,0,0,127,0.78,22,1,63.51,41.49
4952,30,20260206,4,2,2.6,0,8,217,0.8,22,0,100.0,0.0
4953,35,20260624,1,2,6.6,1,0,12,0.43,19,6,0.0,100.0
4954,18,20261213,4,2,4.8,1,0,210,0.82,22,1,96.45,8.55
4955,28,20260818,3,3,2.4,7,9,122,0.76,21,2,77.06,32.94
4956,36,20260408,4,2,2.8,1,0,217,0.82,14,0,100.0,0.0
4957,63,20260110,1,2,7.6,2,0,44,0.41,23,5,15.7,100.0
4958,56,20261025,4,2,5.5,2,0,196,0.75,17,0,93.32,6.68
4959,92,20260826,4,2,2.3,2,0,188,0.78,22,0,91.66,8.34
4960,26,20260907,1,2,3.8,1,3,50,0.45,11,6,10.23,100.0
4961,60,20261203,3,2,3.8,2,0,160,0.76,22,2,75.11,34.89
4962,89,20261208,2,2,4.1,2,0,104,0.8,15,5,38.3,86.7
4963,85,20261127,3,2,0.7,1,7,166,0.8,1,1,84.73,20.27
4964,83,20260708,1,2,3.5,1,2,2,0.41,20,4,1.21,100.0
4965,68,20261005,1,2,2.8,1,0,95,0.42,9,3,28.72,86.28
4966,97,20261014,1,1,4.6,0,0,33,0.41,22,8,0.0,100.0
4967,27,20260921,1,2,2.5,2,0,2,0.48,21,3,5.65,100.0
4968,54,20260920,4,3,3.9,6,12,146,0.83,22,3,88.36,26.64
4969,4,20260422,1,2,3.3,2,0,25,0.4,19,4,3.15,100.0
4970,50,20260106,1,2,8.4,2,0,42,0.46,15,6,4.66,100.0
4971,72,20260502,1,3,7.0,6,11,13,0.48,0,7,7.05,100.0
4972,17,20261103,1,2,5.0,2,0,73,0.4,12,4,18.47,100.0
4973,40,20260626,1,2,8.2,1,0,2,0.46,20,8,0.0,100.0
4974,73,20260922,1,2,5.0,1,0,36,0.4,21,5,3.96,100.0
4975,61,20260228,2,2,2.7,2,0,128,0.81,22,2,61.62,48.38
4976,74,20260811,1,2,2.0,1,0,42,0.44,18,1,24.29,80.71
4977,76,20260427,1,2,3.3,1,2,33,0.45,20,5,9.11,100.0
4978,2,20261225,4,1,1.5,0,0,205,0.8,22,1,85.74,19.26
4979,72,20261026,1,2,3.6,0,1,26,0.45,9,5,4.95,100.0
4980,53,20260801,3,1,4.1,0,0,163,0.8,22,2,68.59,41.41
4981,72,20260121,1,3,7.4,7,9,15,0.41,9,7,8.77,100.0
4982,45,20260526,1,2,6.0,1,0,28,0.41,22,5,3.84,100.0
4983,16,20260227,3,2,0.0,2,0,167,0.78,0,1,75.28,29.72
4984,5,20260131,1,3,7.6,0,11,2,0.44,0,8,0.0,100.0
4985,77,20260401,4,1,3.0,0,0,196,0.78,18,0,94.55,5.45
4986,76,20261215,1,2,3.3,0,4,33,0.42,20,4,12.29,100.0
4987,98,20261220,1,2,6.9,0,1,95,0.4,18,5,23.85,100.0
4988,74,20260821,3,1,0.6,0,0,170,0.83,0,0,80.63,19.37
4989,60,20260305,1,2,3.3,2,0,65,0.48,19,4,18.86,100.0
4990,81,20260317,1,2,3.9,2,0,80,0.44,15,2,31.11,78.89
4991,70,20260524,1,2,5.5,2,0,2,0.4,21,7,0.0,100.0
4992,12,20261026,1,1,3.7,0,0,33,0.46,15,5,6.73,100.0
4993,92,20261027,2,2,4.8,1,0,103,0.78,20,3,48.77,66.23
4994,37,20260203,1,1,3.2,0,0,40,0.46,22,5,6.84,100.0
4995,32,20260703,3,1,1.0,0,0,158,0.75,22,1,68.75,36.25
4996,79,20260417,1,1,2.7,0,0,89,0.45,23,4,23.45,96.55
4997,37,20260112,1,2,7.1,5,0,21,0.48,9,7,0.0,100.0
4998,48,20260908,1,1,3.7,0,0,62,0.44,17,5,11.96,100.0
4999,14,20260630,1,2,6.9,2,0,38,0.43,15,8,0.0,100.0
5000,6,20261013,1,2,4.8,1,0,28,0.47,19,8,0.0,100.0
